gene,mean_effect,n_lines,lineage
A1BG,0.0099,1208,all
A1CF,-0.0144,1208,all
A2M,0.0013,1208,all
A2ML1,0.0977,1208,all
A3GALT2,-0.0551,1208,all
A4GALT,-0.0607,1208,all
A4GNT,0.0785,1208,all
AAAS,-0.3194,1208,all
AACS,0.0047,1208,all
AADAC,0.1278,1208,all
AADACL2,0.0572,1208,all
AADACL3,0.0288,1208,all
AADACL4,0.0291,1208,all
AADAT,-0.0278,1208,all
AAGAB,0.0348,1208,all
AAK1,-0.1876,1208,all
AAMDC,-0.0391,1208,all
AAMP,-0.9254,1208,all
AANAT,-0.1458,1208,all
AAR2,-0.0506,1208,all
AARD,-0.1617,1208,all
AARS1,-2.2483,1208,all
AARS2,-0.58,1208,all
AARSD1,-0.2003,1208,all
AASDH,-0.0703,1208,all
AASDHPPT,-0.3779,1208,all
AASS,0.0376,1208,all
AATF,-0.7236,1208,all
AATK,-0.1424,1208,all
ABAT,-0.0193,1208,all
ABCA1,0.009,1208,all
ABCA10,0.0886,1208,all
ABCA12,0.0115,1208,all
ABCA13,-0.019,1208,all
ABCA2,0.0101,1208,all
ABCA3,0.0101,1208,all
ABCA4,-0.1464,1208,all
ABCA5,-0.0384,1208,all
ABCA6,0.0879,1208,all
ABCA7,0.0694,1208,all
ABCA8,-0.0152,1208,all
ABCA9,0.0803,1208,all
ABCB1,-0.0882,1208,all
ABCB10,-0.2384,1208,all
ABCB11,-0.0294,1208,all
ABCB4,-0.0364,1208,all
ABCB5,-0.0112,1208,all
ABCB6,0.0067,1208,all
ABCB7,-1.1067,1208,all
ABCB8,0.0723,1208,all
ABCB9,-0.0478,1208,all
ABCC1,0.0175,1208,all
ABCC10,-0.1266,1208,all
ABCC11,0.0395,1208,all
ABCC12,0.0461,1208,all
ABCC2,-0.0142,1208,all
ABCC3,-0.0439,1208,all
ABCC4,0.1329,1208,all
ABCC5,0.0718,1208,all
ABCC6,-0.0465,383,all
ABCC8,0.0501,1208,all
ABCC9,-0.0231,1208,all
ABCD1,-0.136,1208,all
ABCD2,-0.005,1208,all
ABCD3,-0.1206,1208,all
ABCD4,-0.1123,1208,all
ABCE1,-1.908,1208,all
ABCF1,-1.0257,1208,all
ABCF3,0.0367,1208,all
ABCG1,-0.006,1208,all
ABCG2,0.0774,1208,all
ABCG4,0.0266,1208,all
ABCG5,0.0461,1208,all
ABCG8,0.0252,1208,all
ABHD1,0.0249,1208,all
ABHD10,0.0303,1208,all
ABHD11,-0.3802,1208,all
ABHD12,0.0073,1208,all
ABHD12B,0.0158,1208,all
ABHD13,-0.1092,1208,all
ABHD14A,0.0252,1208,all
ABHD14B,0.0185,1208,all
ABHD15,-0.2009,1208,all
ABHD16A,-0.1287,1208,all
ABHD16B,0.0363,1208,all
ABHD17A,-0.2885,1208,all
ABHD17B,0.0433,1208,all
ABHD17C,0.0876,1208,all
ABHD18,0.0759,1208,all
ABHD2,-0.0702,1208,all
ABHD3,-0.0719,1208,all
ABHD4,0.021,1208,all
ABHD5,-0.0717,1208,all
ABHD6,0.0848,1208,all
ABHD8,-0.0252,1208,all
ABI1,-0.0649,1208,all
ABI2,0.0712,1208,all
ABI3,0.0539,1208,all
ABI3BP,0.0808,1208,all
ABITRAM,-0.0097,1208,all
ABL1,-0.0276,1208,all
ABL2,0.0991,1208,all
ABLIM1,0.039,1208,all
ABLIM2,0.0309,1208,all
ABLIM3,0.0494,1208,all
ABR,-0.0125,1208,all
ABRA,-0.0251,1208,all
ABRACL,0.0866,1208,all
ABRAXAS1,-0.2885,1208,all
ABRAXAS2,0.1515,1208,all
ABT1,-0.8393,1208,all
ABTB1,0.0576,1208,all
ABTB2,0.0464,1208,all
ABTB3,-0.0348,1208,all
ACAA1,0.043,1208,all
ACAA2,-0.0756,1208,all
ACACA,-0.3595,1208,all
ACACB,-0.0822,1208,all
ACAD10,-0.0626,1208,all
ACAD11,0.0384,1208,all
ACAD8,0.0493,1208,all
ACAD9,-0.2544,1208,all
ACADL,-0.0048,1208,all
ACADM,0.0032,1208,all
ACADS,-0.0537,1208,all
ACADSB,-0.0688,1208,all
ACADVL,-0.0343,1208,all
ACAN,0.0094,1208,all
ACAP1,-0.0438,1208,all
ACAP2,0.0144,1208,all
ACAP3,-0.1509,1208,all
ACAT1,0.0624,1208,all
ACAT2,0.1273,1208,all
ACBD3,-0.0076,1208,all
ACBD4,-0.0825,1208,all
ACBD5,0.0067,1208,all
ACBD6,0.0673,1208,all
ACBD7,0.1007,1208,all
ACCS,0.0532,1208,all
ACCSL,-0.0304,1208,all
ACD,-0.3961,1208,all
ACE,-0.1036,1208,all
ACE2,0.2186,1208,all
ACER1,-0.0143,1208,all
ACER2,0.0144,1208,all
ACER3,0.0906,1208,all
ACHE,-0.2343,1208,all
ACIN1,-0.7711,1208,all
ACKR1,-0.0404,1208,all
ACKR2,0.0715,1208,all
ACKR3,0.0534,1208,all
ACKR4,-0.1536,1208,all
ACLY,-0.5229,1208,all
ACMSD,0.0695,1208,all
ACO1,0.0593,1208,all
ACO2,-0.7783,1208,all
ACOD1,0.0417,1208,all
ACOT1,0.315,317,all
ACOT11,0.0018,1208,all
ACOT12,-0.2245,1208,all
ACOT13,0.0208,1208,all
ACOT2,0.0543,1208,all
ACOT4,-0.1284,1165,all
ACOT6,-0.0406,1208,all
ACOT7,0.0642,1208,all
ACOT8,0.0464,1208,all
ACOT9,0.0823,1208,all
ACOX1,-0.1672,1208,all
ACOX2,-0.0657,1208,all
ACOX3,0.0473,1208,all
ACOXL,-0.1525,1208,all
ACP1,0.1519,1208,all
ACP2,0.0493,1208,all
ACP3,0.0535,1208,all
ACP4,0.057,1208,all
ACP5,0.0152,1208,all
ACP6,-0.0352,1208,all
ACP7,-0.1367,1208,all
ACR,-0.1714,1208,all
ACRBP,-0.0226,1208,all
ACRV1,0.1965,1208,all
ACSBG1,0.0424,1208,all
ACSBG2,-0.0049,1208,all
ACSF2,-0.14,1208,all
ACSF3,0.0834,1208,all
ACSL1,-0.0094,1208,all
ACSL3,-0.4193,1208,all
ACSL4,-0.1175,1208,all
ACSL5,0.0481,1208,all
ACSL6,-0.0405,1208,all
ACSM1,0.0124,1208,all
ACSM2A,0.0662,1165,all
ACSM2B,0.1447,1047,all
ACSM3,-0.0366,1208,all
ACSM4,0.0804,1208,all
ACSM5,0.0228,1208,all
ACSM6,0.0173,1208,all
ACSS1,0.076,1208,all
ACSS2,0.1583,1208,all
ACSS3,0.0182,1208,all
ACTA1,-0.1343,1208,all
ACTA2,0.0545,1208,all
ACTB,-0.8145,1208,all
ACTBL2,0.0153,1208,all
ACTC1,0.0036,1208,all
ACTG1,-0.7809,1208,all
ACTG2,0.0243,1208,all
ACTL10,0.1179,1208,all
ACTL6A,-1.5665,1208,all
ACTL6B,0.0134,1208,all
ACTL7A,-0.1289,1208,all
ACTL7B,0.0722,1208,all
ACTL8,-0.0136,1208,all
ACTL9,-0.03,1208,all
ACTMAP,0.1208,1208,all
ACTN1,-0.1244,1208,all
ACTN2,0.0071,1208,all
ACTN3,0.161,74,all
ACTN4,0.0071,1208,all
ACTR10,-1.2158,1208,all
ACTR1A,-0.9255,1208,all
ACTR1B,-0.2984,1208,all
ACTR2,-1.3769,1208,all
ACTR3,-0.4717,1208,all
ACTR3B,0.0023,1208,all
ACTR3C,-0.0899,1047,all
ACTR5,-0.3071,1208,all
ACTR6,-0.738,1208,all
ACTR8,-0.5892,1208,all
ACTRT1,0.0969,1208,all
ACTRT2,0.0937,1208,all
ACTRT3,-0.0753,1208,all
ACVR1,0.0581,1208,all
ACVR1B,-0.0993,1208,all
ACVR1C,0.0975,1208,all
ACVR2A,-0.039,1208,all
ACVR2B,0.0591,1208,all
ACVRL1,0.0341,1208,all
ACY1,0.0561,1208,all
ACY3,-0.0424,1208,all
ACYP1,-0.0041,1208,all
ACYP2,0.0639,1208,all
ADA,-0.0126,1208,all
ADA2,-0.0424,1208,all
ADAD1,0.0823,1208,all
ADAD2,-0.0362,1208,all
ADAM10,0.0091,1208,all
ADAM11,-0.286,1208,all
ADAM12,-0.0277,1208,all
ADAM15,-0.0775,1208,all
ADAM17,0.0381,1208,all
ADAM18,0.1853,1208,all
ADAM19,0.1339,1208,all
ADAM2,0.0069,1208,all
ADAM20,0.1161,1208,all
ADAM21,-0.0273,1208,all
ADAM22,-0.0282,1208,all
ADAM23,0.0518,1208,all
ADAM28,0.1196,1208,all
ADAM29,0.0986,1208,all
ADAM30,-0.0997,1208,all
ADAM32,0.1223,1208,all
ADAM33,-0.0868,1208,all
ADAM7,-0.0003,1208,all
ADAM8,0.1803,1208,all
ADAM9,0.0041,1208,all
ADAMDEC1,0.1127,1208,all
ADAMTS1,-0.0496,1208,all
ADAMTS10,-0.1452,1208,all
ADAMTS12,0.1469,1208,all
ADAMTS13,-0.0193,1208,all
ADAMTS14,0.0513,1208,all
ADAMTS15,0.0048,1208,all
ADAMTS16,0.0832,1208,all
ADAMTS17,0.0519,1208,all
ADAMTS18,0.0799,1208,all
ADAMTS19,0.112,1208,all
ADAMTS2,0.0001,1208,all
ADAMTS20,-0.0258,1208,all
ADAMTS3,-0.0767,1208,all
ADAMTS4,-0.1199,1208,all
ADAMTS5,0.0796,1208,all
ADAMTS6,-0.0117,1208,all
ADAMTS7,0.094,383,all
ADAMTS8,0.0506,1208,all
ADAMTS9,-0.0252,1208,all
ADAMTSL1,0.0659,1208,all
ADAMTSL2,0.0412,1208,all
ADAMTSL3,0.0717,1208,all
ADAMTSL4,-0.1752,1208,all
ADAMTSL5,-0.1895,1208,all
ADAP1,-0.027,1208,all
ADAP2,-0.1354,1208,all
ADAR,-0.4962,1208,all
ADARB1,0.0462,1208,all
ADARB2,0.0555,1208,all
ADAT1,-0.1212,1208,all
ADAT2,-0.382,1208,all
ADAT3,-0.4315,1208,all
ADCK1,0.1152,1208,all
ADCK2,-0.1026,1208,all
ADCK5,-0.0222,1208,all
ADCY1,0.0297,1208,all
ADCY10,0.0042,1208,all
ADCY2,0.1304,1208,all
ADCY3,-0.1731,1208,all
ADCY4,-0.1205,1208,all
ADCY5,0.0864,1208,all
ADCY6,-0.0019,1208,all
ADCY7,0.1628,1208,all
ADCY8,-0.0215,1208,all
ADCY9,0.0841,1208,all
ADCYAP1,0.173,1208,all
ADCYAP1R1,-0.0039,1208,all
ADD1,-0.002,1208,all
ADD2,-0.04,1208,all
ADD3,0.0591,1208,all
ADGRA1,0.0527,1208,all
ADGRA2,0.0152,1208,all
ADGRA3,-0.1015,1208,all
ADGRB1,0.017,1208,all
ADGRB2,-0.0716,1208,all
ADGRB3,-0.0112,1208,all
ADGRD1,-0.0336,1208,all
ADGRD2,0.0779,73,all
ADGRE1,-0.0757,1208,all
ADGRE2,-0.0996,1208,all
ADGRE3,0.0121,1208,all
ADGRE5,0.0681,1208,all
ADGRF1,0.0462,1208,all
ADGRF3,0.0254,1208,all
ADGRF4,0.0525,1208,all
ADGRF5,-0.1653,1208,all
ADGRG1,-0.0573,1208,all
ADGRG2,0.1353,1208,all
ADGRG3,-0.1154,1208,all
ADGRG4,0.0174,1208,all
ADGRG5,0.0002,1208,all
ADGRG6,0.1553,1208,all
ADGRG7,-0.026,1208,all
ADGRL1,0.0408,1208,all
ADGRL2,0.0097,1208,all
ADGRL3,-0.0321,1208,all
ADGRL4,0.0574,1208,all
ADGRV1,-0.0041,1208,all
ADH1A,0.002,1208,all
ADH1B,0.0052,1208,all
ADH1C,0.138,74,all
ADH4,0.0543,1208,all
ADH5,-0.2139,1208,all
ADH6,0.0589,1208,all
ADH7,0.0616,1208,all
ADHFE1,-0.052,1208,all
ADI1,-0.0013,1208,all
ADIG,0.0221,1208,all
ADIPOQ,0.0924,1208,all
ADIPOR1,-0.0169,1208,all
ADIPOR2,0.0634,1208,all
ADIRF,-0.054,1208,all
ADISSP,0.0379,1208,all
ADK,-0.06,1208,all
ADM,0.0754,1208,all
ADM2,0.049,1208,all
ADM5,-0.1162,1208,all
ADNP,-0.2136,1208,all
ADNP2,0.0027,1208,all
ADO,-0.0722,1208,all
ADORA1,-0.0253,1208,all
ADORA2A,-0.0622,1208,all
ADORA2B,0.0187,1208,all
ADORA3,0.1461,380,all
ADPGK,-0.0605,1208,all
ADPRH,-0.0927,1208,all
ADPRHL1,-0.0948,1208,all
ADPRM,0.0389,1208,all
ADPRS,-0.2073,1208,all
ADRA1A,0.1185,1208,all
ADRA1B,0.0369,1208,all
ADRA1D,0.0079,1208,all
ADRA2A,-0.0114,1208,all
ADRA2B,-0.0727,1208,all
ADRA2C,0.0204,1208,all
ADRB1,0.1029,1208,all
ADRB2,-0.0033,1208,all
ADRB3,0.0321,1208,all
ADRM1,-0.4431,1208,all
ADSL,-1.0725,1208,all
ADSS1,-0.0648,1208,all
ADSS2,-0.4909,1208,all
ADTRP,0.0757,1208,all
AEBP1,-0.1405,1208,all
AEBP2,-0.0354,1208,all
AEN,-0.007,1208,all
AFAP1,0.1363,1208,all
AFAP1L1,-0.0471,1208,all
AFAP1L2,0.0179,1208,all
AFDN,-0.0759,1208,all
AFF1,0.0687,1208,all
AFF2,0.1052,1208,all
AFF3,-0.1789,1208,all
AFF4,-0.056,1208,all
AFG1L,0.0451,1208,all
AFG2A,-0.8277,1208,all
AFG2B,-1.3331,1208,all
AFG3L2,-1.2277,1208,all
AFM,0.0475,1208,all
AFMID,-0.0485,1208,all
AFP,-0.0118,1208,all
AFTPH,0.0319,1208,all
AGA,0.1136,1208,all
AGAP1,-0.0353,1208,all
AGAP2,-0.3199,1208,all
AGAP3,0.0464,1208,all
AGAP5,-0.6794,1047,all
AGAP6,-0.6325,1208,all
AGAP9,-0.3084,1046,all
AGBL1,0.0386,1208,all
AGBL2,0.0528,1208,all
AGBL3,-0.1016,1208,all
AGBL4,-0.1646,1208,all
AGBL5,-0.0863,1208,all
AGER,0.1165,1208,all
AGFG1,-0.0091,1208,all
AGFG2,-0.1072,1208,all
AGGF1,0.1188,1208,all
AGK,0.039,1208,all
AGL,-0.0855,1208,all
AGMAT,-0.0979,1208,all
AGMO,0.0616,1208,all
AGO1,-0.1525,1208,all
AGO2,-0.0639,1208,all
AGO3,-0.0873,1208,all
AGO4,-0.0171,1208,all
AGPAT1,-0.0709,1208,all
AGPAT2,-0.0243,1208,all
AGPAT3,-0.0032,1208,all
AGPAT4,0.0339,1208,all
AGPAT5,0.0703,1208,all
AGPS,-0.0137,1208,all
AGR2,0.0005,1208,all
AGR3,0.0197,1208,all
AGRN,-0.1394,1208,all
AGRP,-0.034,1208,all
AGT,0.0085,1208,all
AGTPBP1,0.1393,1208,all
AGTR1,-0.0667,1208,all
AGTR2,0.0364,1208,all
AGTRAP,0.0604,1208,all
AGXT,0.0318,1208,all
AGXT2,0.0896,1208,all
AHCTF1,-1.1797,1208,all
AHCY,-0.9081,1208,all
AHCYL1,-0.4301,1208,all
AHCYL2,-0.0344,1208,all
AHDC1,-0.1219,1208,all
AHI1,-0.0387,1208,all
AHNAK,-0.2131,1208,all
AHNAK2,0.1015,1208,all
AHR,0.0251,1208,all
AHRR,-0.0744,1208,all
AHSA1,-0.0434,1208,all
AHSG,0.0686,1208,all
AHSP,0.0541,1208,all
AICDA,0.0622,1208,all
AIDA,0.0633,1208,all
AIF1,-0.1294,1208,all
AIF1L,-0.0765,1208,all
AIFM1,-0.5282,1208,all
AIFM2,-0.0598,1208,all
AIFM3,-0.0942,1208,all
AIG1,-0.0492,1208,all
AIM2,0.079,1208,all
AIMP1,-0.0645,1208,all
AIMP2,-0.1973,1208,all
AIP,-0.1684,1208,all
AIPL1,-0.0541,1208,all
AIRE,0.1249,1208,all
AIRIM,-1.8214,1208,all
AJAP1,0.0383,1208,all
AJM1,-0.1958,1208,all
AJUBA,0.0231,1208,all
AK1,-0.1976,1208,all
AK2,-0.2833,1208,all
AK3,-0.0558,1208,all
AK4,-0.4114,1208,all
AK5,0.0851,1208,all
AK6,-1.298,1208,all
AK7,-0.0041,1208,all
AK8,-0.0584,1208,all
AK9,0.0805,1208,all
AKAIN1,0.1646,1208,all
AKAP1,-0.0384,1208,all
AKAP10,-0.0294,1208,all
AKAP11,0.0259,1208,all
AKAP12,-0.0355,1208,all
AKAP13,-0.0009,1208,all
AKAP14,0.0797,1208,all
AKAP17A,0.166,74,all
AKAP3,-0.0634,1208,all
AKAP4,0.0529,1208,all
AKAP5,0.0542,1208,all
AKAP6,-0.0633,1208,all
AKAP7,0.0618,1208,all
AKAP8,-0.0657,1208,all
AKAP8L,-0.1554,1208,all
AKAP9,-0.0231,1208,all
AKIP1,-0.0891,1208,all
AKIRIN1,-0.3575,1208,all
AKIRIN2,-0.9758,1208,all
AKNA,-0.0433,1208,all
AKNAD1,-0.0373,1208,all
AKR1A1,0.0251,1208,all
AKR1B1,0.0842,1208,all
AKR1B10,0.0963,1208,all
AKR1B15,-0.1502,1208,all
AKR1C2,0.0598,1208,all
AKR1C3,0.007,1208,all
AKR1C4,0.081,1208,all
AKR1D1,-0.0704,1208,all
AKR1E2,0.1434,1208,all
AKR7A2,-0.0189,1208,all
AKR7A3,-0.2656,1208,all
AKT1,-0.0866,1208,all
AKT1S1,0.043,1208,all
AKT2,-0.0733,1208,all
AKT3,0.0914,1208,all
AKTIP,-0.2256,1208,all
ALAD,-0.0876,1208,all
ALAS1,-0.119,1208,all
ALAS2,0.0943,1208,all
ALB,0.0723,1208,all
ALCAM,-0.041,1208,all
ALDH16A1,0.0258,1208,all
ALDH18A1,-0.1567,1208,all
ALDH1A1,0.055,1208,all
ALDH1A2,-0.0201,1208,all
ALDH1A3,0.1553,1208,all
ALDH1B1,-0.0327,1208,all
ALDH1L1,-0.0141,1208,all
ALDH1L2,0.0066,1208,all
ALDH2,-0.0411,1208,all
ALDH3A1,-0.013,1208,all
ALDH3A2,0.0302,1208,all
ALDH3B1,-0.017,74,all
ALDH3B2,-0.0179,1208,all
ALDH4A1,-0.0382,1208,all
ALDH5A1,-0.0488,1208,all
ALDH6A1,-0.0718,1208,all
ALDH7A1,-0.0932,1208,all
ALDH8A1,-0.0201,1208,all
ALDH9A1,-0.0006,1208,all
ALDOA,-1.464,1208,all
ALDOB,-0.0072,1208,all
ALDOC,-0.2475,1208,all
ALG1,-0.9786,1208,all
ALG10,-0.1996,1208,all
ALG10B,-0.2537,1208,all
ALG11,-1.4992,1208,all
ALG12,-0.1954,1208,all
ALG13,-0.9464,1208,all
ALG14,-0.9112,1208,all
ALG2,-1.5918,1208,all
ALG3,-0.0469,1208,all
ALG5,-0.2535,1208,all
ALG6,-0.2423,1208,all
ALG8,-0.3344,1208,all
ALG9,-0.1223,1208,all
ALK,-0.0878,1208,all
ALKAL1,-0.0434,1208,all
ALKAL2,0.1289,1208,all
ALKBH1,-0.0837,1208,all
ALKBH2,0.0438,1208,all
ALKBH3,-0.0369,1208,all
ALKBH4,-0.1091,1208,all
ALKBH5,-0.1456,1208,all
ALKBH6,-0.027,1208,all
ALKBH7,-0.0654,1208,all
ALKBH8,-0.0076,1208,all
ALLC,-0.051,1208,all
ALMS1,-0.063,1208,all
ALOX12,0.098,1208,all
ALOX12B,0.0579,1208,all
ALOX15,-0.0432,1208,all
ALOX15B,0.0802,1208,all
ALOX5,-0.1037,1208,all
ALOX5AP,0.1366,1208,all
ALOXE3,-0.1016,1208,all
ALPG,-0.0216,1165,all
ALPI,0.0486,1208,all
ALPK1,0.016,1208,all
ALPK2,0.111,1208,all
ALPK3,-0.127,383,all
ALPL,0.017,1208,all
ALPP,0.144,1208,all
ALS2,0.0528,1208,all
ALS2CL,-0.0753,1208,all
ALX1,0.017,1208,all
ALX3,-0.2583,1208,all
ALX4,-0.0292,1208,all
ALYREF,-1.0874,1208,all
AMACR,0.0116,1208,all
AMBN,-0.0451,1208,all
AMBP,0.0241,1208,all
AMBRA1,-0.1099,1208,all
AMD1,-0.502,1208,all
AMDHD1,-0.038,1208,all
AMDHD2,-0.0483,1208,all
AMELX,0.0883,1208,all
AMELY,0.2789,383,all
AMER1,0.0609,1208,all
AMER2,-0.1371,1208,all
AMER3,-0.0678,1208,all
AMFR,-0.168,1208,all
AMH,0.0196,1208,all
AMHR2,-0.041,1208,all
AMIGO1,-0.091,1208,all
AMIGO2,0.0812,1208,all
AMIGO3,0.0091,1208,all
AMMECR1,0.0761,1208,all
AMMECR1L,-0.069,1208,all
AMN,-0.0118,1208,all
AMN1,0.1325,1208,all
AMOT,0.0764,1208,all
AMOTL1,0.0219,1208,all
AMOTL2,0.1228,1208,all
AMPD1,-0.0815,1208,all
AMPD2,-0.0355,1208,all
AMPD3,-0.0244,1208,all
AMPH,-0.0023,1208,all
AMT,0.071,1208,all
AMTN,0.058,1208,all
AMY2A,-0.3487,1165,all
AMZ1,0.0222,1208,all
AMZ2,0.0211,1208,all
ANAPC1,-1.4664,1208,all
ANAPC10,-1.1852,1208,all
ANAPC11,-1.7475,1208,all
ANAPC13,-0.5988,1208,all
ANAPC15,-0.5516,1208,all
ANAPC16,-0.0175,1208,all
ANAPC2,-1.451,1208,all
ANAPC4,-1.0568,1208,all
ANAPC5,-1.138,1208,all
ANAPC7,-0.1787,1208,all
ANG,-0.1273,1208,all
ANGEL1,-0.0107,1208,all
ANGEL2,-0.0958,1208,all
ANGPT1,-0.0258,1208,all
ANGPT2,0.0765,1208,all
ANGPT4,0.23,1208,all
ANGPTL1,0.0413,1208,all
ANGPTL2,0.0497,1208,all
ANGPTL3,0.0211,1208,all
ANGPTL4,-0.02,1208,all
ANGPTL5,0.011,1208,all
ANGPTL6,-0.1332,1208,all
ANGPTL7,-0.0072,1208,all
ANGPTL8,-0.0035,1208,all
ANHX,-0.0539,1208,all
ANK1,0.0513,1208,all
ANK2,0.0581,1208,all
ANK3,-0.0545,1208,all
ANKAR,0.0623,1208,all
ANKDD1A,-0.0421,1208,all
ANKDD1B,0.0906,1208,all
ANKEF1,0.0932,1208,all
ANKFN1,0.0096,1208,all
ANKFY1,-0.0982,1208,all
ANKH,-0.03,1208,all
ANKHD1,-0.1194,1208,all
ANKIB1,-0.0236,1208,all
ANKK1,0.0332,1208,all
ANKLE1,-0.1059,1208,all
ANKLE2,-2.6213,1208,all
ANKMY1,0.0446,1208,all
ANKMY2,-0.1187,1208,all
ANKRA2,-0.1158,1208,all
ANKRD1,-0.0067,1208,all
ANKRD10,0.0257,1208,all
ANKRD11,-0.3176,1208,all
ANKRD12,0.05,1208,all
ANKRD13A,-0.0411,1208,all
ANKRD13B,-0.0213,1208,all
ANKRD13C,0.0019,1208,all
ANKRD13D,-0.004,1208,all
ANKRD16,-0.0043,1208,all
ANKRD17,-0.2218,1208,all
ANKRD18A,0.0081,1208,all
ANKRD18B,-0.223,74,all
ANKRD2,0.0437,1208,all
ANKRD22,-0.1246,1208,all
ANKRD23,-0.1504,1208,all
ANKRD24,-0.1323,1208,all
ANKRD26,0.1971,1208,all
ANKRD27,-0.0148,1208,all
ANKRD28,0.0322,1208,all
ANKRD29,0.1121,1208,all
ANKRD30A,0.0359,1208,all
ANKRD30B,0.0198,1208,all
ANKRD30BL,0.2142,70,all
ANKRD31,-0.2142,1208,all
ANKRD33,-0.0366,1208,all
ANKRD33B,-0.0223,1208,all
ANKRD34A,-0.1019,1208,all
ANKRD34B,-0.1194,1208,all
ANKRD34C,-0.0133,1208,all
ANKRD35,-0.167,1208,all
ANKRD36,-0.0369,383,all
ANKRD36B,0.2033,74,all
ANKRD36C,-0.0572,73,all
ANKRD37,0.0621,1208,all
ANKRD39,-0.1466,1208,all
ANKRD40,-0.1556,1208,all
ANKRD40CL,0.0337,70,all
ANKRD42,0.0841,1208,all
ANKRD44,0.0273,1208,all
ANKRD45,0.0824,1208,all
ANKRD46,0.0846,1208,all
ANKRD49,-0.36,1208,all
ANKRD50,0.0539,1208,all
ANKRD52,-0.2527,1208,all
ANKRD53,-0.0888,1208,all
ANKRD54,-0.1601,1208,all
ANKRD55,0.0075,1208,all
ANKRD6,0.0038,1208,all
ANKRD60,-0.0008,74,all
ANKRD61,0.1078,1208,all
ANKRD62,0.061,1208,all
ANKRD63,-0.0678,77,all
ANKRD65,-0.204,1208,all
ANKRD66,0.073,1208,all
ANKRD7,0.0138,1208,all
ANKRD9,-0.0196,1208,all
ANKS1A,0.0658,1208,all
ANKS1B,0.115,1208,all
ANKS3,-0.047,1208,all
ANKS4B,0.0768,1208,all
ANKS6,-0.2898,1208,all
ANKUB1,0.124,77,all
ANKZF1,-0.0673,1208,all
ANLN,-0.5189,1208,all
ANO1,-0.0799,1208,all
ANO10,0.0757,1208,all
ANO2,-0.0782,1090,all
ANO3,0.0168,1208,all
ANO4,-0.0661,1208,all
ANO5,-0.0495,1208,all
ANO6,0.001,1208,all
ANO7,0.0737,1208,all
ANO8,-0.0437,1208,all
ANO9,0.0771,1208,all
ANOS1,0.1498,1208,all
ANP32A,-0.1127,1208,all
ANP32B,-0.0362,1208,all
ANP32D,-0.0555,1208,all
ANP32E,-0.2756,1208,all
ANPEP,-0.0079,1208,all
ANTKMT,-0.0707,1208,all
ANTXR1,0.0363,1208,all
ANTXR2,0.0856,1208,all
ANTXRL,-0.2185,1208,all
ANXA1,0.0873,1208,all
ANXA10,0.0574,1208,all
ANXA11,-0.0437,1208,all
ANXA13,-0.0524,1208,all
ANXA2,0.0047,1208,all
ANXA2R,-0.0802,1208,all
ANXA3,0.0606,1208,all
ANXA4,0.0611,1208,all
ANXA5,0.1068,1208,all
ANXA6,0.0465,1208,all
ANXA7,-0.0832,1208,all
ANXA8,-0.0204,1047,all
ANXA8L1,-0.2499,1046,all
ANXA9,-0.1915,1208,all
AOAH,0.1598,1208,all
AOC1,-0.059,1208,all
AOC2,-0.1726,1208,all
AOC3,-0.169,1208,all
AOPEP,0.0659,1208,all
AOX1,0.0446,1208,all
AP1AR,0.0913,1208,all
AP1B1,-0.1331,1208,all
AP1G1,-0.1506,1208,all
AP1G2,-0.2427,1208,all
AP1M1,-0.1438,1208,all
AP1M2,-0.0517,1208,all
AP1S1,-0.0769,1208,all
AP1S2,-0.0258,1208,all
AP1S3,-0.084,1208,all
AP2A1,-0.0476,1208,all
AP2A2,0.1027,1208,all
AP2B1,-0.1242,1208,all
AP2M1,-0.8075,1208,all
AP2S1,-0.798,1208,all
AP3B1,-0.2185,1208,all
AP3B2,-0.0136,1208,all
AP3D1,-0.008,1208,all
AP3M1,-0.1444,1208,all
AP3M2,-0.162,1208,all
AP3S1,-0.2301,1208,all
AP3S2,-0.0636,1208,all
AP4B1,-0.0101,1208,all
AP4E1,-0.0254,1208,all
AP4M1,0.022,1208,all
AP4S1,-0.1104,1208,all
AP5B1,-0.0542,1208,all
AP5M1,0.0347,1208,all
AP5S1,0.0048,1208,all
AP5Z1,-0.0329,1208,all
APAF1,0.0202,1208,all
APBA1,-0.0366,1208,all
APBA2,-0.1262,1208,all
APBA3,0.1564,1208,all
APBB1,-0.0211,1208,all
APBB1IP,0.0515,1208,all
APBB2,0.1221,1208,all
APBB3,-0.033,1208,all
APC,-0.3607,1208,all
APC2,-0.1466,1208,all
APCDD1,0.1542,1208,all
APCDD1L,0.0935,1208,all
APCS,-0.1171,1208,all
APEH,-0.1615,1208,all
APELA,0.1759,74,all
APEX1,-0.0764,1208,all
APEX2,-0.2505,1208,all
APH1A,-0.1802,1208,all
APH1B,-0.0288,1208,all
API5,-0.2474,1208,all
APIP,-0.0805,1208,all
APLF,0.0436,1208,all
APLN,0.0856,1208,all
APLNR,-0.0095,1208,all
APLP1,-0.1681,1208,all
APLP2,0.1096,1208,all
APMAP,0.0323,1208,all
APOA1,0.0168,1208,all
APOA2,-0.0026,1208,all
APOA4,0.0731,1208,all
APOA5,0.0293,1208,all
APOB,0.0355,1208,all
APOBEC1,-0.093,1208,all
APOBEC2,-0.0664,1208,all
APOBEC3A,-0.0372,1207,all
APOBEC3B,0.0051,1208,all
APOBEC3C,-0.0518,1208,all
APOBEC3D,-0.0885,1208,all
APOBEC3F,0.1744,383,all
APOBEC3G,0.066,1208,all
APOBEC3H,-0.0206,1208,all
APOBEC4,0.025,1208,all
APOBR,-0.0327,1208,all
APOC1,-0.2405,1208,all
APOC2,-0.0751,1208,all
APOC3,0.0276,1208,all
APOC4,0.0208,1208,all
APOD,-0.0158,1208,all
APOE,0.0105,1208,all
APOF,-0.0743,1208,all
APOH,-0.0376,1208,all
APOL1,-0.0096,1208,all
APOL2,0.0005,1208,all
APOL3,0.1145,1208,all
APOL4,0.0204,74,all
APOL5,-0.0395,1208,all
APOL6,0.1259,1208,all
APOLD1,-0.0985,1208,all
APOM,-0.1084,1208,all
APOO,0.1021,1208,all
APOOL,-0.0637,1208,all
APP,0.0776,1208,all
APPBP2,-0.015,1208,all
APPL1,-0.0056,1208,all
APPL2,0.008,1208,all
APRT,-0.1544,1208,all
APTX,0.0571,1208,all
AQP1,0.0564,1208,all
AQP10,-0.2361,1208,all
AQP11,0.079,1208,all
AQP12B,-0.1581,1208,all
AQP2,-0.0922,1208,all
AQP3,0.0151,1208,all
AQP4,0.1044,1208,all
AQP5,-0.0563,1208,all
AQP6,-0.1271,1208,all
AQP7,-0.4651,1208,all
AQP7B,0.0435,69,all
AQP8,0.0762,1208,all
AQP9,-0.0745,1208,all
AQR,-1.1488,1208,all
AR,0.0954,1208,all
ARAF,0.0937,1208,all
ARAP1,-0.0688,1208,all
ARAP2,0.0748,1208,all
ARAP3,0.0057,1208,all
ARB2A,0.148,1208,all
ARC,0.0765,1208,all
ARCN1,-1.3278,1208,all
AREG,0.0614,1208,all
AREL1,-0.099,1208,all
ARF1,-0.396,1208,all
ARF3,-0.1981,1208,all
ARF4,-0.6792,1208,all
ARF5,0.0066,1208,all
ARF6,-0.3377,1208,all
ARFGAP1,0.0353,1208,all
ARFGAP2,-0.0017,1208,all
ARFGAP3,0.0719,1208,all
ARFGEF1,-0.098,1208,all
ARFGEF2,-0.0233,1208,all
ARFGEF3,0.0642,1208,all
ARFIP1,0.0437,1208,all
ARFIP2,0.0642,1208,all
ARFRP1,-0.7407,1208,all
ARG1,0.1582,1208,all
ARG2,0.0557,1208,all
ARGFX,-0.0739,1208,all
ARGLU1,-0.5813,1208,all
ARHGAP1,-0.0997,1208,all
ARHGAP10,0.0826,1208,all
ARHGAP11A,-0.3212,1208,all
ARHGAP12,0.0556,1208,all
ARHGAP15,-0.0205,1208,all
ARHGAP17,0.0292,1208,all
ARHGAP18,0.0923,1208,all
ARHGAP19,-0.0727,1208,all
ARHGAP20,0.133,1208,all
ARHGAP21,-0.0566,1208,all
ARHGAP22,0.0375,1208,all
ARHGAP23,-0.2132,1208,all
ARHGAP24,0.0015,1208,all
ARHGAP25,0.0363,1208,all
ARHGAP26,0.074,1208,all
ARHGAP27,-0.2324,1208,all
ARHGAP28,0.0822,1208,all
ARHGAP29,-0.1915,1208,all
ARHGAP30,-0.1062,1208,all
ARHGAP31,-0.0214,1208,all
ARHGAP32,0.0599,1208,all
ARHGAP33,-0.0253,1208,all
ARHGAP35,0.1541,1208,all
ARHGAP36,0.0869,1208,all
ARHGAP39,0.0018,1208,all
ARHGAP4,0.1071,1208,all
ARHGAP44,0.1381,1208,all
ARHGAP45,-0.043,1208,all
ARHGAP5,-0.1549,1208,all
ARHGAP6,0.0744,1208,all
ARHGAP8,-0.023,1208,all
ARHGAP9,-0.2481,1208,all
ARHGDIA,-0.0731,1208,all
ARHGDIB,0.115,1208,all
ARHGDIG,-0.0495,1208,all
ARHGEF1,-0.0353,1208,all
ARHGEF10,0.0811,1208,all
ARHGEF10L,0.0377,1208,all
ARHGEF11,-0.1856,1208,all
ARHGEF12,0.0592,1208,all
ARHGEF15,0.0159,1208,all
ARHGEF16,-0.1242,1208,all
ARHGEF17,-0.0281,1208,all
ARHGEF18,0.0706,1208,all
ARHGEF19,-0.0126,1208,all
ARHGEF2,-0.171,1208,all
ARHGEF25,-0.0654,1208,all
ARHGEF26,0.0058,1208,all
ARHGEF28,-0.1277,1208,all
ARHGEF3,-0.0083,1208,all
ARHGEF33,-0.1625,1208,all
ARHGEF35,0.0136,1046,all
ARHGEF37,0.0798,1208,all
ARHGEF38,-0.0126,1208,all
ARHGEF39,-0.0031,1208,all
ARHGEF4,0.0484,1208,all
ARHGEF40,-0.0709,1208,all
ARHGEF5,-0.3691,1208,all
ARHGEF6,0.1677,1208,all
ARHGEF7,-0.4081,1208,all
ARHGEF9,0.0256,1208,all
ARID1A,-0.2337,1208,all
ARID1B,-0.0751,1208,all
ARID2,-0.4023,1208,all
ARID3A,-0.1682,1208,all
ARID3B,-0.1841,1208,all
ARID3C,-0.0817,1208,all
ARID4A,-0.0165,1208,all
ARID4B,-0.1548,1208,all
ARID5A,-0.2247,1208,all
ARID5B,-0.071,1208,all
ARIH1,-1.4189,1208,all
ARIH2,0.0481,1208,all
ARK2C,0.0932,1208,all
ARK2N,-0.0024,1208,all
ARL1,-0.0586,1208,all
ARL10,-0.1099,1208,all
ARL11,-0.0852,1208,all
ARL13A,0.0944,1208,all
ARL13B,-0.0461,1208,all
ARL14,0.0558,1208,all
ARL14EP,0.0174,1208,all
ARL14EPL,0.063,1208,all
ARL15,0.0552,1208,all
ARL16,-0.1198,383,all
ARL2,-1.7469,1208,all
ARL2BP,-0.1963,1208,all
ARL3,0.0169,1208,all
ARL4A,-0.1015,1208,all
ARL4C,-0.0555,1208,all
ARL4D,-0.3498,1207,all
ARL5A,0.0506,1208,all
ARL5B,0.0301,1208,all
ARL5C,-0.1582,1208,all
ARL6,0.109,1208,all
ARL6IP1,-0.0561,1208,all
ARL6IP4,-0.0561,319,all
ARL6IP5,-0.0144,1208,all
ARL6IP6,-0.1588,1208,all
ARL8A,-0.0431,1208,all
ARL8B,-0.238,1208,all
ARL9,-0.0466,1208,all
ARLN,0.0275,1208,all
ARMC1,0.1045,1208,all
ARMC10,-0.2908,1208,all
ARMC12,-0.0495,1208,all
ARMC2,0.0668,1208,all
ARMC3,0.0741,1208,all
ARMC5,-0.396,1208,all
ARMC6,-0.3729,1208,all
ARMC7,-1.3818,1208,all
ARMC8,0.07,1208,all
ARMC9,-0.0175,1208,all
ARMCX1,0.0771,1208,all
ARMCX2,-0.024,1208,all
ARMCX3,0.0218,1208,all
ARMCX4,0.2577,1208,all
ARMCX5,0.0631,1208,all
ARMCX6,-0.1343,1208,all
ARMH1,-0.2406,1208,all
ARMH2,0.1154,1208,all
ARMH3,-0.161,1208,all
ARMH4,0.0187,1208,all
ARMS2,0.0629,1208,all
ARMT1,0.0158,1208,all
ARNT,-0.0252,1208,all
ARNT2,0.0364,1208,all
ARPC1A,-0.0314,1208,all
ARPC1B,0.0392,1208,all
ARPC2,-0.444,1208,all
ARPC3,-0.663,1208,all
ARPC4,-0.7005,1208,all
ARPC5,-0.1739,1208,all
ARPC5L,-0.002,1208,all
ARPIN,0.0584,1208,all
ARPP19,-0.2974,1208,all
ARPP21,0.1045,1208,all
ARR3,0.0249,1208,all
ARRB1,-0.096,1208,all
ARRB2,0.0433,1208,all
ARRDC1,-0.0818,1208,all
ARRDC2,-0.1164,1208,all
ARRDC3,0.1705,1208,all
ARRDC4,0.048,1208,all
ARRDC5,-0.0728,1208,all
ARSA,-0.1848,1208,all
ARSB,-0.1653,1208,all
ARSD,0.2535,1208,all
ARSF,0.1356,1208,all
ARSG,0.1608,1208,all
ARSH,0.0905,1208,all
ARSI,-0.0713,1208,all
ARSJ,0.0137,1208,all
ARSK,-0.0419,1208,all
ARSL,0.0477,1208,all
ART1,-0.047,1208,all
ART3,-0.0518,1208,all
ART4,0.0637,1208,all
ART5,0.0496,1208,all
ARTN,-0.158,1208,all
ARV1,-0.0566,1208,all
ARVCF,0.0246,1208,all
ARX,0.0258,1208,all
AS3MT,0.036,1208,all
ASAH1,0.0791,1208,all
ASAH2,-0.0143,1208,all
ASAP1,0.1252,1208,all
ASAP2,0.1357,1208,all
ASAP3,-0.0683,1208,all
ASB1,0.0598,1208,all
ASB10,-0.0057,1208,all
ASB11,0.2221,1208,all
ASB12,0.0407,1208,all
ASB13,0.1267,1208,all
ASB14,0.0362,1208,all
ASB15,0.1768,1208,all
ASB16,-0.1404,1208,all
ASB17,-0.057,1208,all
ASB18,0.0405,1208,all
ASB2,0.1237,1208,all
ASB3,-0.0282,1208,all
ASB4,0.1756,1208,all
ASB5,0.1198,1208,all
ASB6,-0.2625,1208,all
ASB7,-0.0474,1208,all
ASB8,-0.0997,1208,all
ASB9,0.0618,1208,all
ASCC1,-0.0724,1208,all
ASCC2,0.019,1208,all
ASCC3,-0.428,1208,all
ASCL1,-0.1033,1208,all
ASCL2,0.0025,1208,all
ASCL3,0.0875,1208,all
ASCL4,-0.0192,1208,all
ASCL5,-0.2116,1208,all
ASDURF,-0.2388,70,all
ASF1A,-0.1874,1208,all
ASF1B,-0.2919,1208,all
ASGR1,0.0704,1208,all
ASGR2,0.0817,1208,all
ASH1L,-0.1824,1208,all
ASH2L,-0.3326,1208,all
ASIC1,-0.1658,1208,all
ASIC2,0.0228,1208,all
ASIC3,0.089,1208,all
ASIC4,-0.0575,1208,all
ASIC5,0.1099,1208,all
ASIP,-0.0168,1208,all
ASL,-0.1002,1208,all
ASMT,0.1592,74,all
ASMTL,0.0391,74,all
ASNS,-0.2977,1208,all
ASNSD1,-0.1067,1208,all
ASPA,0.1084,1208,all
ASPDH,0.0406,1208,all
ASPG,0.0636,1208,all
ASPH,0.0856,1208,all
ASPHD1,-0.0811,1208,all
ASPHD2,-0.0808,1208,all
ASPM,-0.3464,1208,all
ASPRV1,-0.0498,1208,all
ASPSCR1,-0.1682,1208,all
ASRGL1,-0.0681,1208,all
ASS1,-0.2486,1208,all
ASTE1,0.0298,1208,all
ASTL,-0.12,1208,all
ASTN1,-0.0037,1208,all
ASTN2,0.0586,1208,all
ASXL1,-0.0104,1208,all
ASXL2,0.1206,77,all
ASXL3,0.0934,1208,all
ASZ1,-0.0759,1208,all
ATAD1,0.0332,1208,all
ATAD2,-0.1411,1208,all
ATAD2B,0.0411,1208,all
ATAD3A,-0.0047,1208,all
ATAD3B,-0.0478,1208,all
ATAD3C,0.1234,1208,all
ATAD5,-0.1991,1208,all
ATAT1,-0.0237,1208,all
ATCAY,-0.0732,1208,all
ATE1,0.0346,1208,all
ATF1,-0.1895,1208,all
ATF2,0.0945,1208,all
ATF3,0.0539,1208,all
ATF4,-0.7107,1208,all
ATF5,-0.1721,1208,all
ATF6,-0.0959,1208,all
ATF6B,-0.1491,1208,all
ATF7,-0.1698,1208,all
ATF7IP,-0.0917,1208,all
ATF7IP2,0.0363,1208,all
ATG10,-0.0773,1208,all
ATG101,-0.095,1208,all
ATG12,-0.0433,1208,all
ATG13,-0.0685,1208,all
ATG14,-0.0594,1208,all
ATG16L1,-0.0202,1208,all
ATG16L2,-0.016,1208,all
ATG2A,-0.1797,1208,all
ATG2B,0.0459,1208,all
ATG3,-0.0982,1208,all
ATG4A,0.0283,1208,all
ATG4B,-0.0391,1208,all
ATG4C,-0.0531,1208,all
ATG4D,-0.0722,1208,all
ATG5,0.1041,1208,all
ATG7,0.0273,1208,all
ATG9A,-0.2,1208,all
ATG9B,0.0602,74,all
ATIC,-0.4374,1208,all
ATL1,-0.0544,1208,all
ATL2,-0.7466,1208,all
ATL3,-0.0769,1208,all
ATM,-0.0151,1208,all
ATMIN,-0.2853,1208,all
ATN1,-0.1318,1208,all
ATOH1,0.0273,1208,all
ATOH7,-0.0283,1208,all
ATOH8,-0.0249,1208,all
ATOSA,-0.0704,1208,all
ATOSB,-0.1689,1208,all
ATOX1,0.0376,1208,all
ATP10A,-0.058,1208,all
ATP10B,0.041,1208,all
ATP10D,-0.0071,1208,all
ATP11A,0.0199,1208,all
ATP11B,-0.0111,1208,all
ATP11C,0.0984,1208,all
ATP12A,-0.0887,1208,all
ATP13A1,-0.2327,1208,all
ATP13A2,-0.0333,1208,all
ATP13A3,-0.019,1208,all
ATP13A4,-0.0045,1208,all
ATP13A5,0.083,1208,all
ATP1A1,-1.2038,1208,all
ATP1A2,0.0427,1208,all
ATP1A3,-0.1157,1208,all
ATP1A4,-0.0596,1208,all
ATP1B1,-0.1331,1208,all
ATP1B2,-0.0941,1208,all
ATP1B3,-0.3999,1208,all
ATP1B4,-0.1162,1208,all
ATP23,-0.382,1208,all
ATP2A1,-0.0765,1208,all
ATP2A2,-1.6994,1208,all
ATP2A3,-0.0483,1208,all
ATP2B1,-0.2094,1208,all
ATP2B2,-0.062,1208,all
ATP2B3,-0.0132,1208,all
ATP2B4,-0.2128,1208,all
ATP2C1,-0.1481,1208,all
ATP2C2,-0.0547,1208,all
ATP4A,-0.0067,1208,all
ATP4B,0.0576,1208,all
ATP5F1A,-0.5621,1208,all
ATP5F1B,-0.8113,1208,all
ATP5F1C,-0.6787,1208,all
ATP5F1D,-0.8096,1208,all
ATP5F1E,-0.9277,1090,all
ATP5IF1,-0.1885,1208,all
ATP5MC1,-0.361,1208,all
ATP5MC2,-0.2454,1208,all
ATP5MC3,0.0206,1208,all
ATP5ME,-0.6138,1208,all
ATP5MF,-1.2581,1208,all
ATP5MG,-0.3018,1208,all
ATP5MGL,-0.1987,1208,all
ATP5MJ,0.0322,1207,all
ATP5MK,-0.2296,1208,all
ATP5PB,-0.5548,1208,all
ATP5PD,-0.3575,1208,all
ATP5PF,-0.3934,1208,all
ATP5PO,-0.3897,1208,all
ATP6AP1,-1.1984,1208,all
ATP6AP2,-0.9925,1208,all
ATP6V0A1,-0.1421,1208,all
ATP6V0A2,-0.1471,1208,all
ATP6V0A4,-0.0749,1208,all
ATP6V0B,-1.2843,1208,all
ATP6V0C,-2.6985,1208,all
ATP6V0D1,-0.9597,1208,all
ATP6V0D2,-0.0015,1208,all
ATP6V0E1,-0.1971,1208,all
ATP6V0E2,-0.0056,1208,all
ATP6V1A,-1.973,1208,all
ATP6V1B1,-0.0346,1208,all
ATP6V1B2,-2.165,1208,all
ATP6V1C1,-0.8698,1208,all
ATP6V1C2,0.0287,1208,all
ATP6V1D,-0.7243,1208,all
ATP6V1E1,-1.3967,1208,all
ATP6V1E2,-0.0429,1208,all
ATP6V1F,-1.754,1208,all
ATP6V1G1,-1.1615,1208,all
ATP6V1G2,-0.0586,1208,all
ATP6V1G3,0.1077,1208,all
ATP6V1H,-0.6008,1208,all
ATP7A,-0.1059,1208,all
ATP7B,0.0754,1208,all
ATP8A1,0.0391,1208,all
ATP8A2,-0.0597,1208,all
ATP8B1,0.0888,1208,all
ATP8B2,-0.0666,1208,all
ATP8B3,-0.0434,1208,all
ATP8B4,0.1575,1208,all
ATP9A,-0.0208,1208,all
ATP9B,0.0108,1208,all
ATPAF1,-0.0102,1208,all
ATPAF2,-0.1339,1208,all
ATPSCKMT,0.0581,1208,all
ATR,-1.1074,1208,all
ATRAID,0.0222,1208,all
ATRIP,-0.5946,1208,all
ATRN,-0.0637,1208,all
ATRNL1,0.1713,1208,all
ATRX,-0.2044,1208,all
ATXN1,-0.0244,1208,all
ATXN10,-0.4086,1208,all
ATXN1L,-0.0582,1208,all
ATXN2,-0.1616,1208,all
ATXN2L,-0.1114,1208,all
ATXN3,0.0162,1208,all
ATXN3L,0.2782,1208,all
ATXN7,0.0638,1208,all
ATXN7L1,0.0581,1208,all
ATXN7L2,-0.0807,1208,all
ATXN7L3,-0.3359,1208,all
ATXN7L3B,-0.143,1208,all
AUH,-0.0352,1208,all
AUNIP,-0.017,1208,all
AUP1,-0.1528,1208,all
AURKA,-1.2095,1208,all
AURKAIP1,-0.437,1208,all
AURKB,-2.1975,1208,all
AURKC,0.0061,1208,all
AUTS2,0.0124,1208,all
AVEN,-0.0953,1208,all
AVIL,-0.1408,1208,all
AVL9,0.0982,1208,all
AVP,-0.0994,1208,all
AVPI1,-0.0733,1208,all
AVPR1A,-0.1971,1208,all
AVPR1B,-0.0549,1208,all
AVPR2,0.0556,1208,all
AWAT1,0.0589,1208,all
AWAT2,0.1362,1208,all
AXDND1,-0.1358,1208,all
AXIN1,0.0277,1208,all
AXIN2,-0.0245,1208,all
AXL,-0.0446,1208,all
AZGP1,-0.1647,1208,all
AZI2,0.0201,1208,all
AZIN1,-0.1963,1208,all
AZIN2,-0.0116,1208,all
AZU1,0.0505,1208,all
B2M,0.0326,1208,all
B3GALNT1,0.03,1208,all
B3GALNT2,0.1018,1208,all
B3GALT1,-0.0174,1208,all
B3GALT2,0.0593,1208,all
B3GALT4,-0.0131,1208,all
B3GALT5,0.1908,1208,all
B3GALT6,-0.0294,1208,all
B3GAT1,0.0484,1208,all
B3GAT2,-0.0842,1208,all
B3GAT3,-0.2716,1208,all
B3GLCT,0.004,1208,all
B3GNT2,-0.1425,1208,all
B3GNT3,-0.166,1208,all
B3GNT4,-0.1955,1208,all
B3GNT5,-0.0495,1208,all
B3GNT6,-0.1199,1208,all
B3GNT7,0.0387,1208,all
B3GNT8,0.0272,1208,all
B3GNT9,-0.0876,1208,all
B3GNTL1,0.0156,1208,all
B4GALNT1,-0.0797,1208,all
B4GALNT2,-0.1345,1208,all
B4GALNT3,-0.0654,1208,all
B4GALNT4,-0.0366,1208,all
B4GALT1,0.0398,1208,all
B4GALT2,-0.09,1208,all
B4GALT3,-0.2557,1208,all
B4GALT4,0.0668,1208,all
B4GALT5,-0.0252,1208,all
B4GALT6,-0.0133,1208,all
B4GALT7,-0.1409,1208,all
B4GAT1,-0.1566,1208,all
B9D1,-0.016,1208,all
B9D2,-0.0286,1208,all
BAALC,0.0189,1208,all
BAAT,0.0776,1208,all
BABAM1,0.132,1208,all
BABAM2,0.0702,1208,all
BACC1,-0.358,1208,all
BACE1,-0.096,1208,all
BACE2,0.0683,1208,all
BACH1,0.0724,1208,all
BACH2,0.0358,1208,all
BAD,-0.1227,1208,all
BAG1,-0.0185,1208,all
BAG2,-0.0685,1208,all
BAG3,-0.0621,1208,all
BAG4,-0.1253,1208,all
BAG5,-0.0635,1208,all
BAG6,-0.1492,1208,all
BAHCC1,0.0229,74,all
BAHD1,-0.1171,1208,all
BAIAP2,-0.1277,1208,all
BAIAP2L1,0.0255,1208,all
BAIAP2L2,-0.0233,1208,all
BAIAP3,-0.0971,1208,all
BAK1,-0.3367,1208,all
BAMBI,-0.102,1208,all
BANF1,-1.8232,1208,all
BANF2,0.098,1208,all
BANK1,-0.0506,1208,all
BANP,-1.0158,1208,all
BAP1,-0.5104,1208,all
BARD1,-0.5767,1208,all
BARHL1,-0.0601,1208,all
BARHL2,-0.1973,1208,all
BARX1,-0.026,1208,all
BARX2,0.0415,1208,all
BASP1,0.1455,1208,all
BATF,0.0195,1208,all
BATF2,-0.1148,1208,all
BATF3,0.0566,1208,all
BAX,0.089,1208,all
BAZ1A,-0.113,1208,all
BAZ1B,-0.3003,1208,all
BAZ2A,-0.0722,1208,all
BAZ2B,0.0388,1208,all
BBC3,-0.0822,1208,all
BBIP1,0.0865,1208,all
BBLN,-0.2734,1208,all
BBOF1,-0.0408,1208,all
BBOX1,0.0994,1208,all
BBS1,-0.1131,1208,all
BBS10,0.0417,1208,all
BBS12,0.0815,1208,all
BBS2,0.0182,1208,all
BBS4,0.1095,1208,all
BBS5,-0.0657,1208,all
BBS7,0.0264,1208,all
BBS9,-0.0579,1208,all
BBX,0.0633,1208,all
BCAM,0.0305,1208,all
BCAN,-0.2035,1208,all
BCAP29,-0.0443,1208,all
BCAP31,-0.2779,1208,all
BCAR1,-0.1908,1208,all
BCAR3,-0.0525,1208,all
BCAS1,0.0937,1208,all
BCAS2,-0.9969,1208,all
BCAS3,-0.1775,1208,all
BCAS4,-0.0092,1208,all
BCAT1,0.028,1208,all
BCAT2,0.0276,1208,all
BCCIP,-0.4356,1208,all
BCDIN3D,-0.2944,1208,all
BCHE,-0.0001,1208,all
BCKDHA,-0.0169,1208,all
BCKDHB,-0.1227,1208,all
BCKDK,0.0045,1208,all
BCL10,-0.0552,1208,all
BCL11A,-0.0489,1208,all
BCL11B,0.0088,1208,all
BCL2,-0.0362,1208,all
BCL2A1,-0.0225,1208,all
BCL2L1,-1.1712,1208,all
BCL2L10,-0.0132,1208,all
BCL2L11,0.0066,1208,all
BCL2L12,-0.1306,1165,all
BCL2L13,-0.1309,1208,all
BCL2L14,-0.0218,1208,all
BCL2L15,-0.0558,1208,all
BCL2L2,-0.2059,1208,all
BCL3,0.0661,1208,all
BCL6,-0.126,1208,all
BCL6B,-0.0308,1208,all
BCL7A,-0.0916,1208,all
BCL7B,0.0591,1208,all
BCL7C,-0.0718,1208,all
BCL9,-0.1801,1208,all
BCL9L,-0.1071,1208,all
BCLAF1,-0.8093,1208,all
BCLAF3,0.0584,1208,all
BCO1,-0.0891,1208,all
BCO2,0.0069,1208,all
BCOR,0.0251,1208,all
BCORL1,0.0771,1208,all
BCR,0.0472,1208,all
BCS1L,-0.4205,1208,all
BDH1,-0.0288,1208,all
BDH2,-0.1557,1208,all
BDKRB1,0.1401,1208,all
BDKRB2,0.0604,1208,all
BDNF,-0.1019,1208,all
BDP1,-0.7244,1208,all
BEAN1,-0.0424,1165,all
BECN1,-0.2258,1208,all
BECN2,0.1835,74,all
BEGAIN,-0.0337,1208,all
BEND2,0.1669,1208,all
BEND3,-0.1457,1208,all
BEND4,-0.1032,1208,all
BEND5,0.0299,1208,all
BEND6,0.0377,1208,all
BEND7,0.0997,1208,all
BEST1,0.044,1208,all
BEST2,-0.065,1208,all
BEST3,-0.0652,1208,all
BEST4,-0.0915,1208,all
BET1,-0.403,1208,all
BET1L,0.0244,1208,all
BEX1,0.0087,1208,all
BEX2,-0.0121,1208,all
BEX3,0.0395,1208,all
BEX4,0.0606,1208,all
BEX5,0.0275,1208,all
BFAR,-0.0188,1208,all
BFSP1,0.044,1208,all
BFSP2,0.089,1208,all
BGLAP,-0.1416,1208,all
BGN,0.0793,1208,all
BHLHA15,-0.2281,1208,all
BHLHA9,0.0398,1208,all
BHLHE22,-0.0794,1208,all
BHLHE23,-0.0311,1090,all
BHLHE40,0.0898,1208,all
BHLHE41,-0.0998,1208,all
BHMT,-0.0869,1208,all
BHMT2,-0.0248,1208,all
BICC1,-0.0157,1208,all
BICD1,-0.1385,1208,all
BICD2,-0.1099,1208,all
BICDL1,-0.081,1208,all
BICDL2,-0.2137,1208,all
BICRA,0.0889,1208,all
BICRAL,-0.0098,1208,all
BID,0.0136,1208,all
BIK,0.1356,1208,all
BIN1,-0.1182,1208,all
BIN2,-0.1118,1208,all
BIN3,0.2905,1208,all
BIRC2,-0.2286,1208,all
BIRC3,0.0468,1208,all
BIRC5,-1.9512,1208,all
BIRC6,-0.3645,1208,all
BIRC7,0.1576,1208,all
BIVM,0.0367,1208,all
BLCAP,0.0008,1208,all
BLID,0.039,1208,all
BLK,0.0615,1208,all
BLM,-0.1864,1208,all
BLMH,-0.0108,1208,all
BLNK,0.0205,1208,all
BLOC1S1,0.0246,1208,all
BLOC1S2,-0.047,1208,all
BLOC1S3,-0.1877,1208,all
BLOC1S4,0.0245,1208,all
BLOC1S5,0.0571,1208,all
BLOC1S6,-0.0564,1208,all
BLTP1,-0.035,1208,all
BLTP2,-0.3527,1208,all
BLTP3A,-0.1558,1208,all
BLTP3B,0.0679,1208,all
BLVRA,0.0768,1208,all
BLVRB,-0.0248,1208,all
BLZF1,-0.0865,1208,all
BMAL1,-0.1585,1208,all
BMAL2,-0.059,1208,all
BMERB1,0.0038,1208,all
BMF,-0.2345,1208,all
BMI1,0.0591,1208,all
BMP1,-0.0069,1208,all
BMP10,-0.0555,1208,all
BMP15,0.1117,1208,all
BMP2,0.0281,1208,all
BMP2K,-0.0355,1208,all
BMP3,0.1422,1208,all
BMP4,-0.0232,1208,all
BMP5,0.0273,1208,all
BMP6,-0.0479,1208,all
BMP7,0.0541,1208,all
BMP8A,0.0138,1047,all
BMP8B,-0.1227,1047,all
BMPER,0.0417,1208,all
BMPR1A,-0.2723,1208,all
BMPR1B,0.0441,1208,all
BMPR2,-0.0349,1208,all
BMS1,-1.1794,1208,all
BMX,0.1451,1208,all
BNC1,-0.0633,1208,all
BNC2,0.0545,1208,all
BNIP1,-0.5233,1208,all
BNIP2,-0.1895,383,all
BNIP3,-0.2096,1208,all
BNIP3L,0.1756,1208,all
BNIP5,-0.06,1208,all
BNIPL,-0.1856,1208,all
BOC,-0.0826,1208,all
BOD1,-0.0488,1208,all
BOD1L1,-0.237,1208,all
BOD1L2,0.1107,1208,all
BOK,-0.0189,1208,all
BOLA1,-0.1588,1208,all
BOLA3,-0.1975,1208,all
BOLL,0.08,1208,all
BOP1,-1.3423,1208,all
BORA,-0.7816,1208,all
BORCS5,-0.2358,1208,all
BORCS6,0.0043,1208,all
BORCS7,-0.1115,1208,all
BORCS8,-0.2372,1208,all
BPGM,0.0693,1208,all
BPHL,0.0824,1208,all
BPI,0.054,1208,all
BPIFA1,0.0588,1208,all
BPIFA2,0.1105,1208,all
BPIFA3,-0.0915,1208,all
BPIFB1,-0.0447,1208,all
BPIFB2,-0.0302,1208,all
BPIFB3,-0.1079,1208,all
BPIFB4,-0.0923,1208,all
BPIFB6,-0.0267,1208,all
BPIFC,0.0526,1208,all
BPNT1,-0.2278,1208,all
BPNT2,-0.0125,1208,all
BPTF,-0.6414,1208,all
BRAF,-0.1796,1208,all
BRAP,-0.2371,1208,all
BRAT1,-0.4689,1208,all
BRCA1,-0.4922,1208,all
BRCA2,-0.5179,1208,all
BRCC3,-0.0162,1208,all
BRD1,-0.1954,1208,all
BRD2,-0.4353,1208,all
BRD3,0.0885,1208,all
BRD3OS,0.2011,70,all
BRD4,-1.0148,1208,all
BRD7,-0.319,1208,all
BRD8,-0.4508,1208,all
BRD9,0.0348,1208,all
BRDT,-0.0119,1208,all
BRF1,-1.3462,1208,all
BRF2,-1.6957,1208,all
BRI3,-0.3185,1208,all
BRI3BP,-0.0981,1208,all
BRICD5,-0.0155,1208,all
BRINP1,0.1154,1208,all
BRINP2,-0.0214,1208,all
BRINP3,-0.0504,1208,all
BRIP1,-0.3147,1208,all
BRIX1,-1.2024,1208,all
BRK1,-0.4067,1208,all
BRME1,-0.0165,1208,all
BRMS1,-0.3532,1208,all
BRMS1L,-0.0791,1208,all
BROX,0.1284,1208,all
BRPF1,-0.2623,1208,all
BRPF3,-0.0689,1208,all
BRS3,0.0877,1208,all
BRSK1,0.0318,1208,all
BRSK2,-0.0066,1208,all
BRWD1,-0.109,1208,all
BRWD3,0.0185,1208,all
BSCL2,-0.185,1208,all
BSDC1,-0.1,1208,all
BSG,-0.1385,1208,all
BSN,-0.0807,1208,all
BSND,-0.1027,1208,all
BSPH1,0.1091,1208,all
BSPRY,0.0132,1208,all
BST1,0.1121,1208,all
BST2,0.0276,1208,all
BSX,0.0381,1208,all
BTAF1,-0.4121,1208,all
BTBD1,-0.0129,1208,all
BTBD10,-0.0867,1208,all
BTBD16,0.0406,1208,all
BTBD17,-0.1796,1208,all
BTBD18,-0.0259,1208,all
BTBD19,0.0308,77,all
BTBD2,0.0089,1208,all
BTBD3,-0.0215,1208,all
BTBD6,-0.0396,1208,all
BTBD7,-0.1655,1208,all
BTBD8,-0.0394,1208,all
BTBD9,-0.1752,1208,all
BTC,0.1162,1208,all
BTD,0.0734,1208,all
BTF3,-0.6288,1208,all
BTF3L4,-0.5735,1208,all
BTG1,-0.093,1208,all
BTG2,0.0477,1208,all
BTG3,0.0023,1208,all
BTG4,0.1115,1208,all
BTK,-0.0107,1208,all
BTLA,0.0907,1208,all
BTN1A1,0.0077,1208,all
BTN2A1,0.0282,1208,all
BTN2A2,0.0906,1208,all
BTN3A1,0.0599,1208,all
BTN3A2,0.0899,1165,all
BTN3A3,0.076,1208,all
BTNL2,0.0958,74,all
BTNL3,0.0289,1208,all
BTNL8,0.016,1208,all
BTNL9,0.0719,1208,all
BTRC,-0.1159,1208,all
BUB1,-0.6353,1208,all
BUB1B,-1.2259,1208,all
BUB3,-2.6109,1208,all
BUD13,-0.682,1208,all
BUD23,-1.5613,1208,all
BUD31,-2.4115,1208,all
BYSL,-1.3639,1208,all
BZW1,-0.0238,1208,all
BZW2,0.0643,1208,all
C10ORF105,-0.0388,1208,all
C10ORF120,0.1108,1208,all
C10ORF143,0.1316,70,all
C10ORF53,0.0557,1208,all
C10ORF62,0.0103,1208,all
C10ORF67,0.1224,1208,all
C10ORF71,0.1512,1208,all
C10ORF88,-0.0445,1208,all
C10ORF90,-0.0433,1208,all
C10ORF95,-0.2356,383,all
C11ORF16,0.0572,1208,all
C11ORF21,0.0397,1208,all
C11ORF24,0.0407,1208,all
C11ORF42,0.0273,1208,all
C11ORF52,0.0582,1208,all
C11ORF54,0.1016,1208,all
C11ORF58,-0.0989,1208,all
C11ORF65,-0.0565,1208,all
C11ORF68,-0.1942,1208,all
C11ORF71,-0.0542,1208,all
C11ORF86,-0.1184,1208,all
C11ORF87,0.145,1208,all
C11ORF91,-0.0815,1208,all
C11ORF96,0.0428,74,all
C11ORF97,-0.0495,74,all
C12ORF42,0.0217,1208,all
C12ORF43,-0.0903,1208,all
C12ORF50,0.0184,1208,all
C12ORF54,0.0264,1208,all
C12ORF56,-0.2549,1208,all
C12ORF57,0.0549,1208,all
C12ORF60,0.1189,1208,all
C12ORF71,0.0788,1208,all
C12ORF75,0.0227,1208,all
C13ORF42,0.2227,70,all
C14ORF119,-0.0708,1208,all
C14ORF132,0.3336,74,all
C14ORF180,0.0202,1208,all
C14ORF39,0.1211,1208,all
C14ORF93,-0.0517,1208,all
C15ORF39,-0.0246,1208,all
C15ORF40,-0.0304,1208,all
C15ORF48,0.0507,1208,all
C15ORF61,0.1422,1208,all
C15ORF62,0.0444,1208,all
C16ORF46,-0.1036,1208,all
C16ORF54,-0.0605,1208,all
C16ORF74,-0.0474,1208,all
C16ORF78,0.1291,1208,all
C16ORF86,-0.2969,1208,all
C16ORF87,-0.1196,1208,all
C16ORF89,-0.1049,1208,all
C16ORF90,-0.1453,1208,all
C16ORF92,-0.2155,1208,all
C16ORF95,-0.1476,1208,all
C16ORF96,-0.1018,1208,all
C17ORF100,0.1187,77,all
C17ORF107,0.0118,1208,all
C17ORF113,0.0293,70,all
C17ORF50,-0.2575,1208,all
C17ORF58,-0.4622,1208,all
C17ORF67,-0.0041,1090,all
C17ORF75,-0.2273,1208,all
C17ORF78,0.061,1208,all
C17ORF99,-0.0822,1208,all
C18ORF32,-0.0994,1208,all
C18ORF54,0.0472,1208,all
C18ORF63,0.0239,1208,all
C19ORF12,0.0187,1208,all
C19ORF18,-0.0129,1208,all
C19ORF25,-0.3151,1208,all
C19ORF33,0.0527,1208,all
C19ORF38,-0.2134,1208,all
C19ORF44,-0.1232,1208,all
C19ORF47,-0.0789,1208,all
C19ORF53,-0.7275,1208,all
C19ORF67,-0.1459,1208,all
C19ORF73,-0.0705,1208,all
C19ORF81,-0.0176,1208,all
C19ORF84,0.0381,1208,all
C1D,-0.4747,1208,all
C1GALT1,-0.0331,1208,all
C1GALT1C1,0.1213,1208,all
C1GALT1C1L,0.2077,70,all
C1QA,-0.0157,1208,all
C1QB,-0.0545,1208,all
C1QBP,-0.4289,1208,all
C1QC,-0.0237,1208,all
C1QL1,0.0291,1208,all
C1QL2,0.0096,1208,all
C1QL3,0.1246,1208,all
C1QL4,-0.0084,1208,all
C1QTNF1,-0.1812,1208,all
C1QTNF12,-0.036,1208,all
C1QTNF2,0.1048,1208,all
C1QTNF3,0.0668,1208,all
C1QTNF4,-0.364,1208,all
C1QTNF5,-0.1386,1208,all
C1QTNF6,-0.0839,1208,all
C1QTNF7,0.1197,1208,all
C1QTNF8,-0.0425,1208,all
C1QTNF9,-0.1458,1047,all
C1QTNF9B,-0.2075,1047,all
C1R,0.4773,70,all
C1RL,0.0702,1208,all
C1S,-0.0361,1208,all
C1ORF105,-0.0307,1208,all
C1ORF115,0.0302,1208,all
C1ORF116,-0.0197,1208,all
C1ORF122,-0.1997,1208,all
C1ORF141,0.0463,1208,all
C1ORF146,-0.0218,1208,all
C1ORF159,-0.0589,1208,all
C1ORF162,-0.1463,1208,all
C1ORF167,0.5658,74,all
C1ORF174,0.0674,1208,all
C1ORF185,0.0527,1208,all
C1ORF198,0.0145,1208,all
C1ORF21,0.0182,1208,all
C1ORF210,0.0591,1208,all
C1ORF216,-0.0637,1208,all
C1ORF226,-0.0789,1208,all
C1ORF232,0.0548,70,all
C1ORF35,-0.0603,1208,all
C1ORF43,-0.21,1208,all
C1ORF50,-0.0461,1208,all
C1ORF52,-0.1879,1208,all
C1ORF53,-0.0148,1208,all
C1ORF54,-0.1356,1208,all
C1ORF56,-0.1928,1208,all
C1ORF74,-0.202,1208,all
C1ORF87,0.0142,1208,all
C1ORF94,0.1209,1208,all
C2,-0.0742,1208,all
C20ORF141,0.0834,1208,all
C20ORF144,-0.0521,1208,all
C20ORF173,-0.0323,1208,all
C20ORF202,-0.0077,1208,all
C20ORF203,0.1683,74,all
C20ORF204,0.0392,70,all
C20ORF96,0.1273,1208,all
C21ORF140,0.1067,1208,all
C21ORF58,-0.1078,1208,all
C21ORF91,0.0808,1208,all
C22ORF15,-0.0692,1208,all
C22ORF23,-0.1149,1208,all
C22ORF31,0.0391,1208,all
C22ORF39,-0.1147,1208,all
C22ORF42,0.1197,1208,all
C2CD2,-0.0097,1208,all
C2CD2L,0.071,1208,all
C2CD3,0.02,1208,all
C2CD4A,-0.0314,1208,all
C2CD4B,0.1239,1208,all
C2CD4C,0.0657,1208,all
C2CD4D,-0.0801,1208,all
C2CD5,0.0627,1208,all
C2CD6,-0.0122,1208,all
C2ORF15,-0.0625,1208,all
C2ORF42,-0.1098,1208,all
C2ORF49,-0.1763,1208,all
C2ORF66,0.0614,1208,all
C2ORF68,-0.2394,1208,all
C2ORF69,-0.1861,1208,all
C2ORF72,0.1216,1208,all
C2ORF74,-0.0122,74,all
C2ORF76,-0.0835,1208,all
C2ORF78,-0.092,1208,all
C2ORF80,-0.0007,1208,all
C2ORF81,-0.2762,77,all
C2ORF88,0.0262,1208,all
C2ORF92,-0.2088,70,all
C3,0.0123,1208,all
C3AR1,0.0115,1208,all
C3ORF18,-0.0356,1208,all
C3ORF20,-0.0155,1208,all
C3ORF22,-0.0415,1208,all
C3ORF33,0.1475,1208,all
C3ORF38,-0.398,1208,all
C3ORF49,-0.2798,73,all
C3ORF52,0.0841,1208,all
C3ORF62,-0.0899,1208,all
C3ORF70,-0.0384,1208,all
C3ORF80,0.072,1208,all
C3ORF85,-0.0028,70,all
C4B,0.3612,316,all
C4BPA,0.0817,1208,all
C4BPB,-0.0628,1208,all
C4ORF17,0.0542,1208,all
C4ORF33,0.0668,1208,all
C4ORF36,0.056,1208,all
C4ORF46,-0.0795,1208,all
C4ORF50,0.0893,73,all
C4ORF51,0.0113,1208,all
C4ORF54,-0.0281,73,all
C5,0.0055,1208,all
C5AR1,0.0373,1208,all
C5AR2,0.0391,1208,all
C5ORF15,-0.1845,1208,all
C5ORF22,0.0576,1208,all
C5ORF24,0.0263,1208,all
C5ORF34,-0.0664,1208,all
C5ORF46,0.1773,1208,all
C5ORF47,0.0584,1208,all
C5ORF52,-0.0171,1208,all
C5ORF58,0.2807,380,all
C5ORF63,0.0393,1208,all
C6,0.0393,1208,all
C6ORF118,0.0408,1208,all
C6ORF120,0.0324,1208,all
C6ORF132,0.0191,1208,all
C6ORF136,-0.1162,1208,all
C6ORF141,-0.0686,1208,all
C6ORF15,-0.2013,1208,all
C6ORF163,0.0194,1208,all
C6ORF47,-0.1426,1208,all
C6ORF52,0.0295,1208,all
C6ORF58,0.0085,1208,all
C6ORF62,0.0779,1208,all
C6ORF89,-0.162,1208,all
C7,0.1436,1208,all
C7ORF25,0.0529,1208,all
C7ORF33,0.0361,1208,all
C7ORF57,0.0344,1208,all
C8A,0.0765,1208,all
C8B,0.0871,1208,all
C8G,-0.0741,1208,all
C8ORF33,-0.3004,1208,all
C8ORF34,-0.0004,1208,all
C8ORF48,0.1385,1208,all
C8ORF58,0.0272,1208,all
C8ORF74,0.0523,1208,all
C8ORF76,-0.1201,1208,all
C8ORF82,-0.0945,1208,all
C8ORF88,-0.0399,1208,all
C8ORF89,-0.002,74,all
C9,0.0162,1208,all
C9ORF152,0.0644,1208,all
C9ORF153,0.0348,1208,all
C9ORF40,0.0337,1208,all
C9ORF43,0.0359,1208,all
C9ORF50,-0.0406,1208,all
C9ORF57,-0.0579,383,all
C9ORF72,0.1035,1208,all
C9ORF78,-0.5521,1208,all
C9ORF85,-0.021,1208,all
CA1,0.0015,1208,all
CA10,-0.0732,1208,all
CA11,-0.1331,1208,all
CA12,-0.0231,1208,all
CA13,0.0834,1208,all
CA14,0.0179,1208,all
CA2,0.0289,1208,all
CA3,0.0419,1208,all
CA4,-0.0229,1208,all
CA5A,-0.4212,1208,all
CA5B,0.0223,1208,all
CA6,-0.0725,1208,all
CA7,-0.1389,1208,all
CA8,-0.0583,1208,all
CA9,-0.0767,1208,all
CAAP1,0.0724,1208,all
CAB39,-0.2175,1208,all
CAB39L,0.0815,1208,all
CABCOCO1,-0.045,1208,all
CABIN1,-0.1507,1208,all
CABLES1,0.0087,1208,all
CABLES2,-0.0409,1208,all
CABP1,0.1072,1208,all
CABP2,-0.0699,1208,all
CABP4,-0.2472,1208,all
CABP5,0.1344,1208,all
CABP7,-0.076,1208,all
CABS1,0.0646,1208,all
CABYR,0.0103,1208,all
CACFD1,0.0521,1208,all
CACHD1,-0.0188,1208,all
CACNA1A,-0.1214,1208,all
CACNA1B,-0.0628,1208,all
CACNA1C,0.0167,1208,all
CACNA1D,-0.0372,1208,all
CACNA1E,0.0577,1208,all
CACNA1F,0.0422,1208,all
CACNA1G,-0.2112,1208,all
CACNA1H,-0.0291,1208,all
CACNA1I,-0.0433,1208,all
CACNA1S,-0.0356,1208,all
CACNA2D1,-0.0648,1208,all
CACNA2D2,-0.097,1208,all
CACNA2D3,0.052,1208,all
CACNA2D4,0.034,1208,all
CACNB1,-0.201,1208,all
CACNB2,0.0714,1208,all
CACNB3,-0.4973,1208,all
CACNB4,0.0858,1208,all
CACNG1,-0.1075,1208,all
CACNG2,-0.1022,1208,all
CACNG3,-0.0215,1208,all
CACNG4,-0.0112,1208,all
CACNG5,0.0311,1208,all
CACNG6,-0.028,1208,all
CACNG7,0.2644,1208,all
CACNG8,0.1039,1208,all
CACTIN,-1.0409,1208,all
CACUL1,0.0479,1208,all
CACYBP,-0.2941,1208,all
CAD,-0.4829,1208,all
CADM1,0.0003,1208,all
CADM2,-0.0117,1208,all
CADM3,0.0165,1208,all
CADM4,-0.3226,1208,all
CADPS,0.0247,1208,all
CADPS2,0.0345,1208,all
CAGE1,0.0679,1208,all
CALB1,0.1517,1208,all
CALB2,0.14,1208,all
CALCA,-0.0174,1208,all
CALCB,-0.1525,1208,all
CALCOCO1,-0.1551,1208,all
CALCOCO2,-0.0129,1208,all
CALCR,0.0539,1208,all
CALCRL,0.083,1208,all
CALD1,0.1184,1208,all
CALHM1,-0.0329,1208,all
CALHM2,0.055,1208,all
CALHM3,-0.0275,1208,all
CALHM4,0.152,1208,all
CALHM5,0.0812,1208,all
CALHM6,0.1253,1208,all
CALM1,-0.0039,1208,all
CALM2,-0.0793,1208,all
CALM3,-0.0167,1208,all
CALML3,0.0751,1208,all
CALML4,-0.0653,1208,all
CALML5,-0.0075,1208,all
CALML6,-0.1695,1208,all
CALN1,-0.1439,1208,all
CALR,-0.1602,1208,all
CALR3,-0.0716,1208,all
CALU,0.129,1208,all
CALY,0.1425,1208,all
CAMK1,0.0251,1208,all
CAMK1D,-0.0083,1208,all
CAMK1G,0.0412,1208,all
CAMK2A,0.0338,1208,all
CAMK2B,0.0451,1208,all
CAMK2D,0.0383,1208,all
CAMK2G,-0.0667,1208,all
CAMK2N1,-0.0232,1208,all
CAMK2N2,0.0308,1208,all
CAMK4,0.0314,1208,all
CAMKK1,0.0113,1208,all
CAMKK2,-0.2087,1208,all
CAMKMT,-0.0804,1208,all
CAMKV,-0.0215,1208,all
CAMLG,-0.4555,1208,all
CAMP,-0.0267,1208,all
CAMSAP1,-0.1222,1208,all
CAMSAP2,-0.1188,1208,all
CAMSAP3,-0.0711,1208,all
CAMTA1,0.0032,1208,all
CAMTA2,-0.0592,1208,all
CAND1,-0.3842,1208,all
CAND2,-0.0673,1208,all
CANT1,-0.1339,1208,all
CANX,-0.0343,1208,all
CAP1,-0.6244,1208,all
CAP2,0.1161,1208,all
CAPG,-0.0845,1208,all
CAPN1,-0.1262,1208,all
CAPN10,0.0033,1208,all
CAPN11,-0.0412,1208,all
CAPN12,-0.0004,1208,all
CAPN13,-0.0475,1208,all
CAPN14,0.0569,1208,all
CAPN15,-0.0063,1208,all
CAPN2,-0.0147,1208,all
CAPN3,-0.0259,1208,all
CAPN5,-0.115,1208,all
CAPN6,0.1006,1208,all
CAPN7,0.1202,1208,all
CAPN8,0.0092,74,all
CAPN9,-0.1873,1208,all
CAPNS1,-0.1415,1208,all
CAPNS2,0.1102,1208,all
CAPRIN1,-0.1308,1208,all
CAPRIN2,-0.0251,1208,all
CAPS,-0.1505,1208,all
CAPS2,-0.0134,1208,all
CAPSL,0.0998,1208,all
CAPZA1,-0.0784,1208,all
CAPZA2,-0.038,1208,all
CAPZA3,0.176,1208,all
CAPZB,-1.2464,1208,all
CARD10,-0.155,1208,all
CARD11,-0.0556,1208,all
CARD14,-0.0242,1208,all
CARD16,-0.0582,1165,all
CARD18,0.0975,1208,all
CARD19,0.0004,1208,all
CARD6,-0.0137,1208,all
CARD8,-0.0781,1208,all
CARD9,-0.011,1208,all
CARF,0.0063,1208,all
CARHSP1,0.1096,1208,all
CARM1,-0.3246,1208,all
CARMIL1,0.0296,1208,all
CARMIL2,-0.0268,1208,all
CARMIL3,-0.0946,1208,all
CARNMT1,0.0652,1208,all
CARNS1,-0.1095,1208,all
CARS1,-1.6895,1208,all
CARS2,-0.3265,1208,all
CARTPT,-0.0127,1208,all
CASC3,-0.4151,1208,all
CASD1,0.1111,1208,all
CASK,0.116,1208,all
CASKIN1,-0.1209,1208,all
CASKIN2,-0.1147,1208,all
CASP1,0.0426,1208,all
CASP10,-0.0951,1208,all
CASP14,-0.0301,1208,all
CASP2,0.2531,1208,all
CASP3,0.053,1208,all
CASP4,0.1048,1208,all
CASP5,0.1035,1208,all
CASP6,0.0136,1208,all
CASP7,-0.0076,1208,all
CASP8,0.088,1208,all
CASP9,-0.0233,1208,all
CASQ1,-0.0142,1208,all
CASQ2,-0.076,1208,all
CASR,-0.0053,1208,all
CASS4,-0.1064,1208,all
CAST,-0.2222,1208,all
CASTOR1,-0.1165,1208,all
CASTOR2,-0.2115,1208,all
CASZ1,-0.1721,1208,all
CAT,0.0098,1208,all
CATIP,-0.0133,1208,all
CATSPER1,-0.1585,1208,all
CATSPER2,-0.0351,1208,all
CATSPER3,-0.1274,1208,all
CATSPER4,0.0139,1208,all
CATSPERB,0.0646,1208,all
CATSPERD,-0.1642,1208,all
CATSPERE,0.0393,1208,all
CATSPERG,-0.1107,1208,all
CAV1,0.0867,1208,all
CAV2,-0.0113,1208,all
CAV3,0.0759,1208,all
CAVIN1,-0.039,1208,all
CAVIN2,0.0138,1208,all
CAVIN3,0.0462,1208,all
CAVIN4,0.0873,1208,all
CBARP,-0.0486,1208,all
CBFA2T2,0.0582,1208,all
CBFA2T3,0.0001,1208,all
CBFB,-0.2752,1208,all
CBL,0.0259,1208,all
CBLB,-0.009,1208,all
CBLC,-0.1171,1208,all
CBLIF,0.0313,1208,all
CBLL1,-0.3871,1208,all
CBLL2,0.0177,1208,all
CBLN1,-0.1747,1208,all
CBLN2,-0.0625,1208,all
CBLN3,-0.1333,1208,all
CBLN4,-0.0014,1208,all
CBR1,0.1047,1208,all
CBR3,0.0297,1208,all
CBR4,0.0043,1208,all
CBS,-0.0255,1208,all
CBX1,-0.3458,1208,all
CBX2,0.01,1208,all
CBX3,-0.0822,1208,all
CBX4,-0.0528,1208,all
CBX5,-0.0847,1208,all
CBX6,0.02,1208,all
CBX7,-0.0441,1208,all
CBX8,0.101,1208,all
CBY1,-0.1429,1208,all
CBY2,-0.0358,1208,all
CBY3,-0.0778,1208,all
CC2D1A,-0.0002,1208,all
CC2D1B,-0.1788,1208,all
CC2D2A,-0.0223,1208,all
CC2D2B,0.0131,1208,all
CCAR1,-0.7511,1208,all
CCAR2,-0.015,1208,all
CCBE1,-0.003,1208,all
CCDC102A,-0.0379,1208,all
CCDC102B,0.069,1208,all
CCDC106,-0.1844,1208,all
CCDC107,-0.3823,1208,all
CCDC110,0.1066,1208,all
CCDC112,-0.0134,1208,all
CCDC116,-0.0007,1208,all
CCDC117,-0.0701,1208,all
CCDC12,-0.3287,1208,all
CCDC120,0.0134,1208,all
CCDC121,-0.1068,1208,all
CCDC122,0.1338,1208,all
CCDC124,-0.1122,1208,all
CCDC125,-0.1349,1208,all
CCDC126,0.0489,1208,all
CCDC127,0.0343,1208,all
CCDC13,0.0427,1208,all
CCDC134,-0.0152,1208,all
CCDC136,0.0463,1208,all
CCDC137,-0.4359,1208,all
CCDC138,-0.0417,1208,all
CCDC14,0.0624,1208,all
CCDC142,-0.1465,1208,all
CCDC144A,-0.2388,1208,all
CCDC146,0.0067,1208,all
CCDC148,0.0321,1208,all
CCDC149,0.1226,1208,all
CCDC15,0.1168,1208,all
CCDC150,0.0724,1208,all
CCDC152,0.1252,1208,all
CCDC154,0.0996,77,all
CCDC157,0.0562,1208,all
CCDC158,-0.0515,1208,all
CCDC159,0.0949,1208,all
CCDC160,0.0033,1208,all
CCDC163,-0.0838,73,all
CCDC166,-0.0315,1208,all
CCDC167,-0.0907,1208,all
CCDC168,0.0168,74,all
CCDC169,0.1113,1208,all
CCDC17,-0.154,1208,all
CCDC170,0.1181,1208,all
CCDC171,0.03,1208,all
CCDC172,0.1015,1208,all
CCDC174,-0.6892,1208,all
CCDC175,0.0526,1208,all
CCDC177,-0.0226,1208,all
CCDC178,0.0156,1208,all
CCDC179,0.1012,1208,all
CCDC18,0.0843,77,all
CCDC180,-0.1434,1208,all
CCDC181,-0.0706,1208,all
CCDC182,-0.1015,1208,all
CCDC183,0.0562,1208,all
CCDC184,-0.2007,1208,all
CCDC185,0.0348,1208,all
CCDC186,0.1485,1208,all
CCDC187,-0.0211,74,all
CCDC188,0.1246,74,all
CCDC190,-0.0229,1208,all
CCDC191,-0.0355,1208,all
CCDC192,0.042,70,all
CCDC194,0.3723,70,all
CCDC196,-0.0908,70,all
CCDC197,0.1503,70,all
CCDC198,-0.0366,1208,all
CCDC200,0.0982,70,all
CCDC22,-0.2378,1208,all
CCDC24,-0.0973,1208,all
CCDC25,-0.065,1208,all
CCDC27,-0.0196,1208,all
CCDC28A,0.0134,382,all
CCDC28B,-0.1685,1208,all
CCDC3,0.1156,1208,all
CCDC30,-0.1375,1208,all
CCDC32,-0.1354,1208,all
CCDC33,0.0087,1208,all
CCDC34,0.0008,1208,all
CCDC38,-0.1508,1208,all
CCDC39,-0.0032,1208,all
CCDC40,0.0226,1208,all
CCDC42,0.1503,1208,all
CCDC43,-0.283,1208,all
CCDC47,-0.1356,1208,all
CCDC50,0.0456,1208,all
CCDC51,-0.1906,1208,all
CCDC54,0.1301,1208,all
CCDC57,-0.0296,77,all
CCDC59,-0.685,1208,all
CCDC6,-0.2324,1208,all
CCDC60,0.0208,1208,all
CCDC61,-0.08,1208,all
CCDC62,-0.1431,1208,all
CCDC63,-0.0715,1208,all
CCDC65,-0.0788,1208,all
CCDC66,-0.0078,1208,all
CCDC68,0.177,1208,all
CCDC69,-0.0279,1208,all
CCDC7,0.1076,1208,all
CCDC70,0.0278,1208,all
CCDC71,-0.0774,1208,all
CCDC71L,-0.0821,1208,all
CCDC73,0.0962,1208,all
CCDC74A,-0.0531,1047,all
CCDC74B,-0.2575,1165,all
CCDC77,-0.0721,1208,all
CCDC78,-0.1955,1208,all
CCDC8,-0.0688,1208,all
CCDC80,-0.0455,1208,all
CCDC81,-0.022,1208,all
CCDC82,0.1114,1208,all
CCDC83,-0.0096,1208,all
CCDC85A,0.0238,1208,all
CCDC85B,-0.1027,1208,all
CCDC85C,0.0608,1208,all
CCDC86,-0.798,1208,all
CCDC87,-0.1961,1208,all
CCDC88A,-0.0868,1208,all
CCDC88B,-0.2208,1208,all
CCDC88C,0.0181,1208,all
CCDC89,0.0032,1208,all
CCDC9,-0.1702,1208,all
CCDC90B,-0.052,1208,all
CCDC91,0.0699,1208,all
CCDC92,-0.013,1208,all
CCDC92B,0.2333,70,all
CCDC93,-0.2191,1208,all
CCDC97,0.0156,1208,all
CCDC9B,-0.0374,1208,all
CCER1,0.0543,1208,all
CCER2,-0.0044,1208,all
CCHCR1,0.1169,1208,all
CCIN,-0.1292,1208,all
CCK,0.0262,1208,all
CCKAR,0.0938,1208,all
CCKBR,0.0054,1208,all
CCL1,-0.1574,1208,all
CCL11,0.0839,1208,all
CCL13,-0.0597,1208,all
CCL14,0.0052,1208,all
CCL15,0.0751,383,all
CCL16,-0.0805,1208,all
CCL17,-0.0758,1208,all
CCL18,0.0268,1208,all
CCL19,-0.0104,1208,all
CCL2,0.0979,1208,all
CCL20,0.1611,1208,all
CCL21,-0.0165,1208,all
CCL22,0.0734,1208,all
CCL23,0.0515,1208,all
CCL24,0.0208,1208,all
CCL25,0.0208,1208,all
CCL26,-0.1178,1208,all
CCL27,-0.0902,1208,all
CCL28,0.0366,1208,all
CCL3,-0.0036,1165,all
CCL3L3,-0.1081,1089,all
CCL4,-0.0808,1047,all
CCL5,-0.1212,1208,all
CCL7,-0.1272,1208,all
CCL8,0.0864,1208,all
CCM2,-0.0501,1208,all
CCM2L,0.0829,1208,all
CCN1,-0.044,1208,all
CCN2,0.1213,1208,all
CCN3,0.037,1208,all
CCN4,0.1423,1208,all
CCN5,-0.0267,1208,all
CCN6,0.0451,1208,all
CCNA1,0.0057,1208,all
CCNA2,-1.3881,1208,all
CCNB1,-0.7159,1208,all
CCNB1IP1,-0.2604,1208,all
CCNB2,-0.0182,1208,all
CCNB3,0.1593,1208,all
CCNC,-0.3077,1208,all
CCND1,-1.2459,1208,all
CCND2,-0.1613,1208,all
CCND3,-0.3479,1208,all
CCNDBP1,0.0037,1208,all
CCNE1,-0.2171,1208,all
CCNE2,-0.0731,1208,all
CCNF,-0.0856,1208,all
CCNG1,-0.0226,1208,all
CCNG2,0.1473,1208,all
CCNH,-1.1412,1208,all
CCNI,-0.0417,1208,all
CCNI2,0.0522,1208,all
CCNJ,-0.1104,1208,all
CCNJL,0.0499,1208,all
CCNK,-1.2622,1208,all
CCNL1,-0.621,1208,all
CCNL2,-0.188,1208,all
CCNO,-0.0021,1208,all
CCNP,-0.1082,1208,all
CCNQ,-0.1547,74,all
CCNT1,-0.2059,1208,all
CCNT2,-0.1228,1208,all
CCNY,0.1061,1208,all
CCNYL1,0.0193,1208,all
CCP110,-0.3096,1208,all
CCPG1,-0.003,1208,all
CCR1,0.0584,1208,all
CCR10,-0.1046,1208,all
CCR2,-0.0835,1208,all
CCR3,-0.0696,1208,all
CCR4,-0.0619,1208,all
CCR5,-0.0375,1208,all
CCR6,0.0494,1208,all
CCR7,-0.0611,1208,all
CCR8,-0.0139,1208,all
CCR9,0.0567,1208,all
CCRL2,-0.0031,1208,all
CCS,-0.2163,1208,all
CCSAP,-0.0608,1208,all
CCSER1,0.0306,1208,all
CCSER2,0.1262,1208,all
CCT2,-1.4584,1208,all
CCT3,-2.5952,1208,all
CCT4,-2.2517,1208,all
CCT5,-1.2939,1208,all
CCT6A,-1.3534,1208,all
CCT6B,-0.0785,1208,all
CCT7,-0.8303,1208,all
CCT8,-1.3666,1208,all
CCT8L2,-0.0978,1208,all
CD101,-0.1783,1208,all
CD109,0.01,1208,all
CD14,0.0179,1208,all
CD151,-0.1671,1208,all
CD160,-0.0465,1208,all
CD163,0.0286,1208,all
CD163L1,0.1601,1208,all
CD164,-0.121,1208,all
CD164L2,0.0077,1208,all
CD177,-0.2274,381,all
CD180,-0.0134,1208,all
CD19,-0.0761,1208,all
CD1A,0.0601,1208,all
CD1B,0.0545,1208,all
CD1C,0.0017,1208,all
CD1D,-0.1632,1208,all
CD1E,-0.0343,1208,all
CD2,0.0151,1208,all
CD200,0.0738,1208,all
CD200R1,-0.0223,1208,all
CD200R1L,-0.0552,1208,all
CD207,-0.0472,77,all
CD209,-0.0153,1208,all
CD22,-0.0446,1208,all
CD226,0.169,1208,all
CD24,-0.1149,74,all
CD244,0.0518,1208,all
CD247,0.0766,1208,all
CD248,-0.0709,1208,all
CD27,-0.1324,1208,all
CD274,0.1798,1208,all
CD276,-0.2028,1208,all
CD28,0.0835,1208,all
CD2AP,0.1326,1208,all
CD2BP2,-0.4348,1208,all
CD300A,0.1117,1208,all
CD300C,-0.0724,1208,all
CD300E,-0.0259,1090,all
CD300H,-0.0963,70,all
CD300LB,0.01,1090,all
CD300LD,0.087,1208,all
CD300LF,0.0037,1208,all
CD300LG,-0.1204,1208,all
CD302,0.0066,1208,all
CD320,-0.0493,1208,all
CD33,0.0585,1208,all
CD34,0.1004,1208,all
CD36,-0.0051,1208,all
CD37,-0.1061,1208,all
CD38,0.0303,1208,all
CD3D,-0.1139,1208,all
CD3E,0.0176,1208,all
CD3G,0.0098,1208,all
CD4,0.0206,1208,all
CD40,0.0089,1208,all
CD40LG,0.0716,1208,all
CD44,-0.0542,1208,all
CD46,-0.0161,1208,all
CD47,0.0357,1208,all
CD48,-0.0613,1208,all
CD5,-0.1756,1208,all
CD52,-0.0305,1090,all
CD53,-0.073,1208,all
CD55,-0.0284,1208,all
CD58,-0.0742,1208,all
CD59,0.0937,1208,all
CD5L,-0.1134,1208,all
CD6,-0.0632,1208,all
CD63,-0.0788,1208,all
CD68,-0.0653,1208,all
CD69,0.1097,1208,all
CD7,-0.1252,1208,all
CD70,0.091,1208,all
CD72,0.0673,1208,all
CD74,0.0759,1208,all
CD79A,0.136,1208,all
CD79B,-0.0466,1208,all
CD80,0.0383,1208,all
CD81,0.0188,1208,all
CD82,-0.0495,1208,all
CD83,-0.05,1208,all
CD84,0.122,1208,all
CD86,-0.0253,1208,all
CD8A,0.0151,1208,all
CD8B,0.0357,74,all
CD9,-0.0514,1208,all
CD93,0.0276,1208,all
CD96,-0.0509,1208,all
CD99,0.0785,74,all
CD99L2,0.0473,1208,all
CDA,0.037,1208,all
CDADC1,-0.0164,1208,all
CDAN1,-1.0144,1208,all
CDC123,-2.3709,1208,all
CDC14A,-0.0282,1208,all
CDC14B,-0.0842,1208,all
CDC14C,-0.2212,70,all
CDC16,-2.4288,1208,all
CDC20,-2.1228,1208,all
CDC20B,-0.0969,1208,all
CDC23,-2.2293,1208,all
CDC25A,-0.3177,1208,all
CDC25B,-0.2937,1208,all
CDC25C,-0.1239,1208,all
CDC26,-0.7594,1208,all
CDC27,-2.5424,1208,all
CDC34,0.0642,1208,all
CDC37,-1.176,1208,all
CDC37L1,0.0324,1208,all
CDC40,-0.7907,1208,all
CDC42,-1.2266,1208,all
CDC42BPA,0.0066,1208,all
CDC42BPB,-0.0235,1208,all
CDC42BPG,-0.1191,1208,all
CDC42EP1,-0.0192,1208,all
CDC42EP2,-0.2062,1208,all
CDC42EP3,0.0461,1208,all
CDC42EP4,-0.0985,1208,all
CDC42EP5,0.0058,1208,all
CDC42SE1,-0.2757,1208,all
CDC42SE2,0.027,1208,all
CDC45,-2.6398,1208,all
CDC5L,-1.8358,1208,all
CDC6,-1.3572,1208,all
CDC7,-1.9959,1208,all
CDC73,-1.1215,1208,all
CDCA2,-0.1036,1208,all
CDCA3,-0.3238,1208,all
CDCA4,0.0028,1208,all
CDCA5,-1.0098,1208,all
CDCA7,0.1151,1208,all
CDCA7L,-0.0404,1208,all
CDCA8,-1.6947,1208,all
CDCP1,-0.0111,1208,all
CDCP2,-0.0988,1208,all
CDH1,-0.1001,1208,all
CDH10,0.1028,1208,all
CDH11,-0.0235,1208,all
CDH12,0.0961,1208,all
CDH13,0.1029,1208,all
CDH15,-0.1346,1208,all
CDH16,0.0278,1208,all
CDH17,-0.0026,1208,all
CDH18,-0.0027,1208,all
CDH19,0.071,1208,all
CDH2,-0.1434,1208,all
CDH20,0.0682,1208,all
CDH22,0.0162,1208,all
CDH23,-0.0972,1208,all
CDH24,-0.171,1208,all
CDH26,0.0115,1208,all
CDH3,-0.0056,1208,all
CDH4,0.0018,1208,all
CDH5,-0.1704,1208,all
CDH6,0.0033,1208,all
CDH7,0.0816,1208,all
CDH8,0.1533,1208,all
CDH9,0.0814,1208,all
CDHR1,-0.067,1208,all
CDHR2,0.037,1208,all
CDHR3,0.0299,1208,all
CDHR4,-0.0676,1208,all
CDHR5,0.0159,1208,all
CDIN1,-0.2743,1208,all
CDIP1,-0.0105,1208,all
CDIPT,-0.886,1208,all
CDK1,-2.6003,1208,all
CDK10,-0.1584,1208,all
CDK12,-0.4097,1208,all
CDK13,-0.1421,1208,all
CDK14,0.1225,1208,all
CDK15,0.0976,1208,all
CDK16,-0.0525,1208,all
CDK17,0.0045,1208,all
CDK18,-0.0325,1208,all
CDK19,0.0202,1208,all
CDK2,-0.7322,1208,all
CDK20,-0.0265,1208,all
CDK2AP1,-0.1615,1208,all
CDK2AP2,-0.1971,1208,all
CDK3,-0.1178,1208,all
CDK4,-0.7311,1208,all
CDK5,-0.0843,1208,all
CDK5R1,0.0631,1208,all
CDK5R2,-0.0061,1208,all
CDK5RAP1,-0.0389,1208,all
CDK5RAP2,-0.1535,1208,all
CDK5RAP3,-0.238,1208,all
CDK6,-0.6323,1208,all
CDK7,-1.8093,1208,all
CDK8,-0.0752,1208,all
CDK9,-1.5359,1208,all
CDKAL1,-0.0742,1208,all
CDKL1,-0.0161,1208,all
CDKL2,-0.0723,1208,all
CDKL3,-0.1037,1208,all
CDKL4,0.0361,1208,all
CDKL5,0.0809,1208,all
CDKN1A,0.2696,1208,all
CDKN1B,0.0281,1208,all
CDKN1C,0.0735,1208,all
CDKN2A,0.1597,1208,all
CDKN2AIP,-0.1097,1208,all
CDKN2AIPNL,-0.1692,1208,all
CDKN2B,0.1183,1165,all
CDKN2C,0.2245,1208,all
CDKN2D,-0.056,1208,all
CDKN3,-0.0249,1208,all
CDNF,0.0693,1208,all
CDO1,0.0426,1208,all
CDON,-0.0129,1208,all
CDPF1,-0.0991,1208,all
CDR2,-0.0437,1208,all
CDR2L,-0.0145,1208,all
CDRT15,-0.1291,1208,all
CDRT15L2,-0.0553,1208,all
CDRT4,0.2679,74,all
CDS1,-0.0571,1208,all
CDS2,-0.3433,1208,all
CDSN,-0.0734,1208,all
CDT1,-1.7536,1208,all
CDV3,-0.1883,1208,all
CDX1,0.0936,1208,all
CDX2,-0.107,1208,all
CDX4,-0.0909,1208,all
CDYL,-0.0911,1208,all
CDYL2,0.0443,1208,all
CEACAM1,0.0792,1208,all
CEACAM16,-0.0527,1208,all
CEACAM19,0.0265,1208,all
CEACAM20,0.1922,74,all
CEACAM21,0.0208,1208,all
CEACAM3,0.0129,1208,all
CEACAM4,-0.0107,1208,all
CEACAM5,0.06,1208,all
CEACAM6,-0.2421,1208,all
CEACAM7,0.0013,1208,all
CEACAM8,-0.0336,1208,all
CEBPA,-0.1691,1208,all
CEBPB,-0.1757,1208,all
CEBPD,-0.1467,1208,all
CEBPE,-0.2014,1208,all
CEBPG,-0.0168,1208,all
CEBPZ,-0.9059,1208,all
CEBPZOS,-0.1461,70,all
CECR2,-0.3766,77,all
CEL,-0.0607,1208,all
CELA1,-0.1285,1208,all
CELA2A,-0.0865,1208,all
CELA2B,0.06,1208,all
CELA3A,-0.0459,1165,all
CELA3B,0.0892,1208,all
CELF1,-0.1777,1208,all
CELF2,-0.0792,1208,all
CELF3,-0.0199,1208,all
CELF4,0.0263,1208,all
CELF5,-0.1267,1208,all
CELF6,0.0531,1208,all
CELSR1,0.093,1208,all
CELSR2,-0.2499,1208,all
CELSR3,-0.0968,1208,all
CEMIP,0.0114,1208,all
CEMIP2,-0.0188,1208,all
CEMP1,-0.1119,1208,all
CENATAC,-1.3311,1208,all
CEND1,-0.2302,1208,all
CENPA,-1.1287,1208,all
CENPB,-0.0572,1208,all
CENPC,-0.7402,1208,all
CENPE,-0.6596,1208,all
CENPF,-0.2768,1208,all
CENPH,-0.6717,1208,all
CENPI,-0.5896,1208,all
CENPK,-1.5653,1208,all
CENPL,-0.4539,1208,all
CENPM,-0.938,1208,all
CENPN,-1.4116,1208,all
CENPO,-0.1928,1208,all
CENPP,-0.3423,1208,all
CENPQ,-0.0164,1208,all
CENPT,-0.7352,1208,all
CENPU,-0.1222,1208,all
CENPV,-0.0802,1208,all
CENPW,-1.7327,1208,all
CENPX,-0.3219,1208,all
CEP104,-0.0228,1208,all
CEP112,-0.0052,1208,all
CEP120,-0.0619,1208,all
CEP126,-0.0111,1208,all
CEP128,0.0917,1208,all
CEP131,-0.5027,1208,all
CEP135,-0.257,1208,all
CEP15,0.1417,1208,all
CEP152,-0.2978,1208,all
CEP162,0.0224,1208,all
CEP164,0.119,1208,all
CEP170,-0.1587,1208,all
CEP170B,-0.0885,1208,all
CEP19,-0.0366,1208,all
CEP192,-0.7973,1208,all
CEP20,0.0614,1208,all
CEP250,-0.0683,1208,all
CEP290,-0.123,1208,all
CEP295,-0.1847,1208,all
CEP295NL,0.0745,1208,all
CEP350,-0.2048,1208,all
CEP41,0.0775,1208,all
CEP43,-0.3805,1208,all
CEP44,-0.092,1208,all
CEP55,-0.3047,1208,all
CEP57,-0.0924,1208,all
CEP57L1,-0.0711,1208,all
CEP63,-0.0313,1208,all
CEP68,-0.2439,1208,all
CEP70,0.0011,1208,all
CEP72,-0.078,1208,all
CEP76,0.1026,1208,all
CEP78,-0.0714,1208,all
CEP83,0.1169,1208,all
CEP85,-0.3807,1208,all
CEP85L,-0.0762,1208,all
CEP89,-0.0943,1208,all
CEP95,-0.04,1208,all
CEP97,-0.3735,1208,all
CEPT1,-0.3612,1208,all
CER1,0.01,1208,all
CERCAM,-0.2132,1208,all
CERK,-0.1142,1208,all
CERKL,0.0456,1208,all
CERS1,-0.0805,1208,all
CERS2,-0.3427,1208,all
CERS3,0.0473,1208,all
CERS4,-0.081,1208,all
CERS5,-0.0368,1208,all
CERS6,0.0333,1208,all
CERT1,-0.1143,1208,all
CES1,-0.0017,1208,all
CES2,-0.0412,1208,all
CES3,-0.0242,1208,all
CES4A,-0.0406,1208,all
CES5A,-0.0437,1208,all
CETN1,0.0691,1208,all
CETN2,0.0136,1208,all
CETN3,-0.0511,1208,all
CETP,-0.0801,1208,all
CFAP100,-0.0444,1208,all
CFAP107,0.0296,1208,all
CFAP119,-0.0198,1208,all
CFAP126,-0.0761,1208,all
CFAP141,-0.0008,1208,all
CFAP144,-0.2337,1208,all
CFAP157,0.0387,1208,all
CFAP161,-0.0301,1208,all
CFAP184,0.0017,1208,all
CFAP20,-0.6395,1208,all
CFAP206,-0.0076,1208,all
CFAP20DC,0.144,1208,all
CFAP210,0.0266,1208,all
CFAP221,-0.0608,1208,all
CFAP251,-0.0409,1208,all
CFAP263,-0.1091,1208,all
CFAP276,-0.1191,1208,all
CFAP298,-1.4977,1208,all
CFAP299,0.0316,1208,all
CFAP300,-0.1021,1208,all
CFAP36,-0.0106,1208,all
CFAP410,-0.124,1208,all
CFAP418,-0.0159,1208,all
CFAP43,-0.0395,1208,all
CFAP44,-0.1245,1208,all
CFAP45,-0.0305,1208,all
CFAP46,0.0788,1208,all
CFAP47,0.1107,1208,all
CFAP52,0.0003,1208,all
CFAP53,0.1175,1208,all
CFAP54,-0.3385,73,all
CFAP57,-0.19,1208,all
CFAP58,-0.0446,1208,all
CFAP61,0.0081,1208,all
CFAP65,0.0231,1208,all
CFAP68,0.0739,1208,all
CFAP69,-0.0543,1208,all
CFAP70,-0.0683,1208,all
CFAP73,0.0294,1208,all
CFAP74,0.1508,74,all
CFAP77,-0.105,1208,all
CFAP90,0.0401,1208,all
CFAP91,0.0517,1208,all
CFAP92,-0.0439,1208,all
CFAP95,-0.0284,1208,all
CFAP96,0.1558,1208,all
CFAP97,0.0902,1208,all
CFAP97D1,-0.2307,1208,all
CFAP97D2,-0.1289,70,all
CFB,-0.1869,1208,all
CFC1,-0.0961,1046,all
CFC1B,0.0876,1046,all
CFD,0.0119,1208,all
CFDP1,-0.4462,1208,all
CFH,-0.013,1208,all
CFHR1,0.1245,1165,all
CFHR2,0.0921,1204,all
CFHR3,-0.0541,1165,all
CFHR4,0.1623,383,all
CFHR5,0.0797,1208,all
CFI,0.0554,1208,all
CFL1,-0.6956,1208,all
CFL2,-0.0293,1208,all
CFLAR,-0.723,1208,all
CFP,0.0396,1208,all
CFTR,0.0823,1208,all
CGA,0.1278,1208,all
CGAS,-0.1072,1208,all
CGB7,0.0485,1045,all
CGGBP1,-0.0946,1208,all
CGN,-0.1183,1208,all
CGNL1,0.0089,1208,all
CGREF1,0.1863,1208,all
CGRRF1,-0.0336,1208,all
CH25H,0.0449,1208,all
CHAC1,0.0144,1208,all
CHAC2,0.0449,1208,all
CHAD,-0.1122,1208,all
CHADL,-0.0048,1208,all
CHAF1A,-1.2063,1208,all
CHAF1B,-2.3136,1208,all
CHAMP1,-0.1097,1208,all
CHAT,-0.0037,1208,all
CHCHD1,-0.6259,1208,all
CHCHD10,-0.1284,1208,all
CHCHD2,-0.5721,1208,all
CHCHD3,-0.3308,1208,all
CHCHD4,-1.0191,1208,all
CHCHD5,-0.2344,1208,all
CHCHD6,0.0693,1208,all
CHCHD7,0.024,1208,all
CHCT1,0.1145,1208,all
CHD1,-0.1798,1208,all
CHD1L,-0.0474,1208,all
CHD2,-0.0795,1208,all
CHD3,-0.0996,1208,all
CHD4,-1.1166,1208,all
CHD5,0.0535,1208,all
CHD6,-0.0401,1208,all
CHD7,-0.0102,1208,all
CHD8,-0.2764,1208,all
CHD9,0.0239,1208,all
CHDH,-0.0083,1208,all
CHEK1,-1.7664,1208,all
CHEK2,0.2195,1208,all
CHERP,-1.3025,1208,all
CHFR,-0.0696,1208,all
CHGA,0.0127,1208,all
CHGB,-0.0142,1208,all
CHI3L1,0.0063,1208,all
CHI3L2,-0.0756,1208,all
CHIA,-0.0039,1208,all
CHIC1,0.0946,1208,all
CHIC2,-0.0586,1208,all
CHID1,-0.1171,1208,all
CHIT1,-0.0521,1208,all
CHKA,-0.3468,1208,all
CHKB,-0.0304,1208,all
CHL1,0.0395,1208,all
CHLSN,-0.0969,1208,all
CHM,-0.0763,1208,all
CHML,0.0834,1208,all
CHMP1A,-0.3687,1208,all
CHMP1B,0.0653,1208,all
CHMP2A,-1.9006,1208,all
CHMP2B,0.0249,1208,all
CHMP3,-0.7771,1208,all
CHMP4A,-0.0571,1208,all
CHMP4B,-1.2562,1208,all
CHMP4C,-0.0545,1208,all
CHMP5,-0.7635,1208,all
CHMP6,-1.8331,1208,all
CHMP7,-0.6561,1208,all
CHN1,0.1315,1208,all
CHN2,0.0025,1208,all
CHODL,-0.013,1208,all
CHORDC1,-1.0007,1208,all
CHP1,-0.1939,1208,all
CHP2,-0.0617,1208,all
CHPF,0.0069,1208,all
CHPF2,-0.0258,1208,all
CHPT1,0.0329,1208,all
CHRAC1,-0.1188,1208,all
CHRD,0.0204,1208,all
CHRDL1,0.0628,1208,all
CHRDL2,-0.0544,1208,all
CHRFAM7A,0.0178,1047,all
CHRM1,-0.0937,1208,all
CHRM2,0.0601,1208,all
CHRM3,0.0593,1208,all
CHRM4,-0.1532,1208,all
CHRM5,-0.0491,1208,all
CHRNA1,-0.0152,1208,all
CHRNA10,-0.0386,1208,all
CHRNA2,-0.0043,1208,all
CHRNA3,0.0869,1208,all
CHRNA4,-0.0601,1208,all
CHRNA5,-0.0557,1208,all
CHRNA6,0.0176,1208,all
CHRNA7,0.0012,1208,all
CHRNA9,-0.0706,1208,all
CHRNB1,-0.0226,1208,all
CHRNB2,-0.0346,1208,all
CHRNB3,0.0291,1208,all
CHRNB4,0.0742,1208,all
CHRND,-0.1692,1208,all
CHRNE,-0.0716,1208,all
CHRNG,-0.2453,1208,all
CHST1,-0.0013,1208,all
CHST10,-0.0896,1208,all
CHST11,-0.0484,1208,all
CHST12,0.0418,1208,all
CHST13,0.0476,1208,all
CHST14,0.0644,1208,all
CHST15,0.1132,1208,all
CHST2,-0.0367,1208,all
CHST3,0.025,1208,all
CHST4,-0.1596,1208,all
CHST5,0.0069,1208,all
CHST6,-0.0319,1208,all
CHST7,-0.0057,1208,all
CHST8,-0.1589,1208,all
CHST9,0.0815,1208,all
CHSY1,0.0918,1208,all
CHSY3,0.0161,1208,all
CHTF18,-0.3449,1208,all
CHTF8,-0.5635,1208,all
CHTOP,-0.359,1208,all
CHUK,-0.1068,1208,all
CHURC1,-0.0583,1208,all
CIAO1,-1.4726,1208,all
CIAO2A,-0.3374,1208,all
CIAO2B,-1.2754,1208,all
CIAO3,-1.9765,1208,all
CIAPIN1,-1.1352,1208,all
CIART,-0.206,1208,all
CIB1,0.0308,1208,all
CIB2,-0.0311,1208,all
CIB3,0.0003,1208,all
CIB4,-0.1089,1208,all
CIBAR1,-0.0133,1208,all
CIBAR2,-0.1599,1208,all
CIC,-0.0503,1208,all
CIDEA,0.0177,1208,all
CIDEB,-0.1143,1208,all
CIDEC,-0.0941,1208,all
CIITA,0.0418,1208,all
CILK1,-0.0615,1208,all
CILP,-0.0431,1208,all
CILP2,-0.1106,1208,all
CIMAP1A,0.029,1208,all
CIMAP1B,0.0173,1208,all
CIMAP1C,0.0025,1208,all
CIMAP1D,0.0863,1208,all
CIMAP2,-0.1412,1208,all
CIMAP3,-0.2394,1208,all
CIMIP1,0.0048,1208,all
CIMIP2A,-0.1822,1208,all
CIMIP2B,0.0032,1208,all
CIMIP2C,-0.0102,1208,all
CIMIP3,0.2849,70,all
CIMIP4,-0.0257,1208,all
CIMIP5,0.006,1208,all
CIMIP6,-0.0274,1208,all
CIMIP7,-0.0171,1208,all
CINP,-0.9851,1208,all
CIP2A,-0.2897,1208,all
CIPC,0.0555,1208,all
CIRBP,-0.0247,1208,all
CIROP,0.1734,70,all
CIROZ,-0.141,1208,all
CIRSR,-0.3696,1208,all
CISD1,0.0322,1090,all
CISD2,0.0132,1208,all
CISD3,-0.1154,1208,all
CISH,-0.0619,1208,all
CIT,-0.5244,1208,all
CITED1,0.0031,1208,all
CITED2,-0.1815,1208,all
CITED4,-0.1928,1208,all
CIZ1,-0.248,1208,all
CKAP2,-0.2292,1208,all
CKAP2L,-0.1329,1208,all
CKAP4,0.0134,1208,all
CKAP5,-2.0087,1208,all
CKB,0.0376,1208,all
CKLF,-0.0211,1208,all
CKM,0.007,1208,all
CKMT2,0.0948,1208,all
CKS1B,-0.7482,1090,all
CKS2,-0.2364,1208,all
CLASP1,-0.4137,77,all
CLASP2,-0.2433,77,all
CLASRP,-0.4417,1208,all
CLBA1,0.0794,1208,all
CLC,0.0029,1208,all
CLCA1,0.0425,1208,all
CLCA2,0.0356,1208,all
CLCA4,-0.0084,1208,all
CLCC1,-0.3497,1208,all
CLCF1,0.0445,1208,all
CLCN1,-0.0284,1208,all
CLCN2,-0.0245,1208,all
CLCN3,0.092,1208,all
CLCN4,0.0926,1208,all
CLCN5,0.0864,1208,all
CLCN6,-0.0812,1208,all
CLCN7,-0.0296,1208,all
CLCNKA,0.1034,1208,all
CLCNKB,0.0104,1208,all
CLDN1,0.0272,1208,all
CLDN10,0.022,1208,all
CLDN11,-0.0493,1208,all
CLDN12,0.0612,1208,all
CLDN14,0.0604,1208,all
CLDN15,0.0211,1208,all
CLDN16,0.0391,1208,all
CLDN17,0.143,1208,all
CLDN18,-0.0347,1208,all
CLDN19,-0.2185,1208,all
CLDN2,0.0503,1208,all
CLDN20,0.0726,1208,all
CLDN22,0.0861,1090,all
CLDN23,0.1105,1208,all
CLDN24,0.1777,74,all
CLDN25,0.0166,1208,all
CLDN3,0.1048,1208,all
CLDN34,-0.0067,74,all
CLDN4,0.0446,1208,all
CLDN5,0.003,1208,all
CLDN6,-0.3022,1208,all
CLDN7,-0.134,1208,all
CLDN8,0.0869,1208,all
CLDN9,-0.0298,1208,all
CLDND1,-0.047,1208,all
CLDND2,0.0488,1208,all
CLEC10A,0.0801,1208,all
CLEC11A,0.0634,1208,all
CLEC12A,-0.0386,1208,all
CLEC12B,0.0146,1208,all
CLEC14A,-0.082,1208,all
CLEC16A,0.0233,1208,all
CLEC17A,0.0252,1208,all
CLEC18A,-0.0809,1047,all
CLEC18B,-0.2208,1047,all
CLEC19A,-0.0233,77,all
CLEC1A,-0.0232,1208,all
CLEC1B,0.1113,1208,all
CLEC20A,0.0366,70,all
CLEC2A,0.054,1208,all
CLEC2B,0.1347,1208,all
CLEC2D,0.1578,1208,all
CLEC2L,0.0364,1208,all
CLEC3A,0.1381,1208,all
CLEC3B,0.0059,1208,all
CLEC4A,0.0224,1208,all
CLEC4C,0.0573,1208,all
CLEC4D,-0.0205,1208,all
CLEC4E,-0.036,1208,all
CLEC4F,-0.0307,1208,all
CLEC4G,-0.0929,1208,all
CLEC4M,0.1106,1208,all
CLEC5A,0.1229,1208,all
CLEC6A,0.0233,1208,all
CLEC7A,0.2097,1208,all
CLEC9A,0.1367,1208,all
CLGN,0.0164,1208,all
CLHC1,-0.0781,1208,all
CLIC1,-0.0523,1208,all
CLIC2,0.1533,1208,all
CLIC3,0.0099,1208,all
CLIC4,-0.0017,1208,all
CLIC5,0.04,1208,all
CLIC6,0.0626,1208,all
CLINT1,0.0111,1208,all
CLIP1,0.0199,1208,all
CLIP2,-0.0258,1208,all
CLIP3,0.0153,1208,all
CLIP4,0.1434,1208,all
CLK1,-0.0759,1208,all
CLK2,-0.4439,1208,all
CLK3,-0.0675,1208,all
CLK4,-0.0405,1208,all
CLMN,0.0916,1208,all
CLMP,0.0408,1208,all
CLN3,-0.0567,1208,all
CLN5,0.0216,1208,all
CLN6,-0.0963,1208,all
CLN8,0.148,1208,all
CLNK,0.0311,1208,all
CLNS1A,-1.6371,1208,all
CLOCK,0.1266,1208,all
CLP1,-1.619,1208,all
CLPB,-0.2069,1208,all
CLPP,-0.1457,1208,all
CLPS,-0.1418,1208,all
CLPSL1,0.1115,1208,all
CLPSL2,-0.0246,1208,all
CLPTM1,-0.0751,1208,all
CLPTM1L,0.0938,1208,all
CLPX,-0.2017,1208,all
CLRN1,0.0717,1208,all
CLRN2,-0.0193,1208,all
CLRN3,0.1055,1208,all
CLSPN,-0.7368,1208,all
CLSTN1,-0.0171,1208,all
CLSTN2,0.0393,1208,all
CLSTN3,-0.083,1208,all
CLTA,0.0187,1208,all
CLTB,-0.1278,1208,all
CLTC,-1.5818,1208,all
CLTCL1,-0.1425,1208,all
CLTRN,0.0506,1208,all
CLU,0.027,1208,all
CLUAP1,-0.0423,1208,all
CLUH,-0.2177,1208,all
CLUL1,0.0264,1208,all
CLVS1,-0.043,1208,all
CLVS2,0.1165,1208,all
CLXN,0.0212,1208,all
CLYBL,0.0915,1208,all
CMA1,-0.0329,1208,all
CMAS,-0.0474,1208,all
CMBL,0.0848,1208,all
CMC1,-0.227,1208,all
CMC2,-0.0165,1208,all
CMC4,0.0554,1208,all
CMIP,-0.3493,1208,all
CMKLR1,-0.0039,1208,all
CMKLR2,0.0863,1208,all
CMPK1,-0.9081,1208,all
CMPK2,-0.1088,1208,all
CMSS1,0.1125,1208,all
CMTM1,0.0756,1208,all
CMTM2,0.0118,1208,all
CMTM3,-0.054,1208,all
CMTM4,-0.0198,1208,all
CMTM5,-0.1495,1208,all
CMTM6,-0.0576,1208,all
CMTM7,0.1495,1208,all
CMTM8,-0.0509,1208,all
CMTR1,-0.8857,1208,all
CMTR2,-0.1172,1208,all
CMYA5,-0.0149,1208,all
CNBD1,0.2029,1208,all
CNBD2,-0.0724,1208,all
CNBP,-0.1457,1208,all
CNDP1,0.034,1208,all
CNDP2,0.0178,1208,all
CNEP1R1,-0.1458,1208,all
CNFN,-0.0764,1208,all
CNGA1,-0.0476,1208,all
CNGA2,0.0959,1208,all
CNGA3,-0.1287,1208,all
CNGA4,0.024,1208,all
CNGB1,0.0634,1208,all
CNGB3,0.0484,1208,all
CNIH1,-0.1081,1208,all
CNIH2,-0.2056,1208,all
CNIH3,0.0994,1208,all
CNIH4,-0.4949,1208,all
CNKSR1,-0.0013,1208,all
CNKSR2,-0.1284,1208,all
CNKSR3,0.0293,1208,all
CNMD,0.043,1208,all
CNN1,-0.0742,1208,all
CNN2,-0.2086,1208,all
CNN3,0.028,1208,all
CNNM1,-0.0309,1208,all
CNNM2,-0.0624,1208,all
CNNM3,-0.0667,1208,all
CNNM4,-0.0217,1208,all
CNOT1,-0.6851,1208,all
CNOT10,-0.0827,1208,all
CNOT11,-0.1794,1208,all
CNOT2,-0.4009,1208,all
CNOT3,-1.5699,1208,all
CNOT4,-0.0393,1208,all
CNOT6,-0.0803,1208,all
CNOT6L,-0.1649,1208,all
CNOT7,-0.2918,1208,all
CNOT8,0.0569,1208,all
CNOT9,-0.5277,1208,all
CNP,-0.1374,1208,all
CNPPD1,0.1287,1208,all
CNPY1,0.0978,1208,all
CNPY2,-0.2761,1208,all
CNPY3,0.0529,1208,all
CNPY4,-0.1836,1208,all
CNR1,0.0652,1208,all
CNR2,0.0321,1208,all
CNRIP1,0.0406,1208,all
CNST,0.1486,1208,all
CNTD1,0.0246,1208,all
CNTF,-0.0273,1208,all
CNTFR,-0.0243,1208,all
CNTLN,0.0172,1208,all
CNTN1,-0.1477,1208,all
CNTN2,-0.0559,1208,all
CNTN3,-0.0346,1208,all
CNTN4,0.0758,1208,all
CNTN5,0.0733,1208,all
CNTN6,0.0177,1208,all
CNTNAP1,-0.2197,1208,all
CNTNAP2,0.0128,1208,all
CNTNAP3,-0.1271,1090,all
CNTNAP3B,-0.022,1165,all
CNTNAP4,0.1381,1208,all
CNTNAP5,0.0163,1208,all
CNTRL,-0.0827,1208,all
CNTROB,-0.0654,1208,all
COA1,-0.0558,1208,all
COA3,-0.3001,1165,all
COA4,-0.1241,1208,all
COA5,-0.4792,1208,all
COA6,-0.3623,1208,all
COA7,-0.507,1208,all
COA8,-0.0649,1208,all
COASY,-0.6662,1208,all
COBL,0.0719,1208,all
COBLL1,0.0004,1208,all
COCH,-0.1796,1208,all
COG1,-0.5422,1208,all
COG2,-0.5783,1208,all
COG3,-0.933,1208,all
COG4,-0.4675,1208,all
COG5,-0.1627,1208,all
COG6,-0.3586,1208,all
COG7,-0.2979,1208,all
COG8,-0.5996,1208,all
COIL,-0.3437,1208,all
COL10A1,0.1283,1208,all
COL11A1,-0.0828,1208,all
COL11A2,-0.0236,1208,all
COL12A1,-0.0108,1208,all
COL13A1,0.0243,1208,all
COL14A1,-0.0094,1208,all
COL15A1,-0.0345,1208,all
COL16A1,0.1117,1208,all
COL17A1,-0.119,1208,all
COL18A1,-0.0448,1208,all
COL19A1,0.0223,1208,all
COL1A1,-0.0855,1208,all
COL1A2,0.0564,1208,all
COL20A1,0.0311,1208,all
COL21A1,0.0335,1208,all
COL22A1,0.1239,1208,all
COL23A1,0.0606,1208,all
COL24A1,-0.0935,1208,all
COL25A1,-0.0319,1208,all
COL26A1,-0.0295,381,all
COL27A1,0.068,1208,all
COL28A1,0.1701,1208,all
COL2A1,0.0202,1208,all
COL3A1,0.046,1208,all
COL4A1,0.0152,1208,all
COL4A2,0.0395,1208,all
COL4A3,-0.0071,1208,all
COL4A4,0.1041,1208,all
COL4A5,0.185,1208,all
COL4A6,0.1441,1208,all
COL5A1,-0.0558,1208,all
COL5A2,-0.0503,1208,all
COL5A3,-0.0047,1208,all
COL6A1,0.071,1208,all
COL6A2,0.0658,1208,all
COL6A3,0.0185,1208,all
COL6A5,-0.0205,74,all
COL6A6,-0.0505,1208,all
COL7A1,-0.1643,1208,all
COL8A1,-0.0034,1208,all
COL8A2,-0.0639,1208,all
COL9A1,0.0039,1208,all
COL9A2,-0.0227,1208,all
COL9A3,-0.1211,1208,all
COLEC10,0.0902,1208,all
COLEC11,0.0493,1208,all
COLEC12,0.1021,1208,all
COLGALT1,-0.0596,1208,all
COLGALT2,-0.0398,1208,all
COLQ,0.0808,1208,all
COMMD1,-0.071,1208,all
COMMD10,-0.0463,1208,all
COMMD2,-0.123,1208,all
COMMD3,-0.1995,1208,all
COMMD4,-0.1614,1208,all
COMMD5,-0.1927,1208,all
COMMD6,-0.1761,1208,all
COMMD7,-0.1444,1208,all
COMMD8,-0.2472,1208,all
COMMD9,-0.0942,1208,all
COMP,-0.0043,1208,all
COMT,-0.1955,1208,all
COMTD1,-0.2005,1208,all
COP1,-0.2743,1208,all
COPA,-2.0604,1208,all
COPB1,-2.3773,1208,all
COPB2,-2.2394,1208,all
COPE,-1.2051,1208,all
COPG1,-1.4516,1208,all
COPG2,-0.1799,74,all
COPRS,-0.1747,1208,all
COPS2,-1.0411,1208,all
COPS3,-0.8365,1208,all
COPS4,-1.0653,1208,all
COPS5,-1.7699,1208,all
COPS6,-1.8541,1208,all
COPS7A,-0.0532,1208,all
COPS7B,0.068,1208,all
COPS8,-1.0957,1208,all
COPS9,-0.1744,1208,all
COPZ1,-1.31,1208,all
COPZ2,-0.0052,74,all
COQ10A,-0.0913,1208,all
COQ10B,-0.0415,1208,all
COQ2,-0.4582,1208,all
COQ3,-0.1887,1208,all
COQ4,-0.6738,1208,all
COQ5,-0.3421,1208,all
COQ6,-0.0698,1208,all
COQ7,-0.2954,1208,all
COQ8A,-0.0147,1208,all
COQ8B,-0.0996,1208,all
COQ9,-0.0992,1208,all
CORIN,0.0556,1208,all
CORO1A,-0.0847,1208,all
CORO1B,-0.0192,1208,all
CORO1C,-0.0848,1208,all
CORO2A,-0.0285,1208,all
CORO2B,0.0486,1208,all
CORO6,-0.2778,1208,all
CORO7,-0.1165,1208,all
CORT,-0.0033,1208,all
COTL1,0.0043,1208,all
COX10,-0.4236,1208,all
COX11,-0.3793,1208,all
COX14,-0.1775,1208,all
COX15,-0.3666,1208,all
COX16,-0.1497,1208,all
COX17,-0.8478,1208,all
COX18,-0.3161,1208,all
COX19,-0.3629,1208,all
COX20,-0.4561,1208,all
COX4I1,-0.3425,1208,all
COX4I2,-0.1053,1208,all
COX5A,-0.5811,1208,all
COX5B,-0.5422,1208,all
COX6A1,-0.509,1208,all
COX6A2,-0.1228,1208,all
COX6B1,-0.3845,1208,all
COX6B2,-0.0046,1208,all
COX6C,-0.4983,1208,all
COX7A1,0.0966,1208,all
COX7A2,-0.061,383,all
COX7A2L,-0.0171,1208,all
COX7B,-0.6457,1208,all
COX7B2,0.0457,1208,all
COX7C,-0.8192,1208,all
COX8A,-0.163,1208,all
COX8C,-0.0035,1208,all
CP,0.1153,1208,all
CPA1,-0.0129,1208,all
CPA2,-0.0172,1208,all
CPA3,0.0821,1208,all
CPA4,0.0309,1208,all
CPA5,-0.0511,1208,all
CPA6,0.002,1208,all
CPAMD8,-0.4238,1208,all
CPAP,-0.2396,1208,all
CPB1,-0.0678,1208,all
CPB2,-0.0149,1208,all
CPD,-0.2113,1208,all
CPE,-0.0748,1208,all
CPEB1,-0.077,1208,all
CPEB2,0.0868,1208,all
CPEB3,0.0576,1208,all
CPEB4,0.0554,1208,all
CPED1,0.0279,1208,all
CPHXL,0.0757,70,all
CPLANE1,-0.0191,1208,all
CPLANE2,-0.1467,1208,all
CPLX1,0.1188,1208,all
CPLX2,0.0552,1208,all
CPLX3,0.1046,1208,all
CPLX4,0.2298,1208,all
CPM,-0.1157,1208,all
CPN1,-0.0202,1208,all
CPN2,-0.0497,1208,all
CPNE1,-0.0757,1208,all
CPNE2,-0.1462,1208,all
CPNE3,-0.0579,1208,all
CPNE4,0.0482,1208,all
CPNE5,-0.1916,1208,all
CPNE6,-0.1481,1208,all
CPNE7,-0.3305,1208,all
CPNE8,0.0476,1208,all
CPNE9,-0.0168,1208,all
CPO,0.0703,1208,all
CPOX,-0.3499,1208,all
CPPED1,0.0902,1208,all
CPQ,-0.0656,1208,all
CPS1,0.0335,1208,all
CPSF1,-1.2674,1208,all
CPSF2,-1.4707,1208,all
CPSF3,-1.4905,1208,all
CPSF4,-1.7826,1208,all
CPSF4L,-0.022,1208,all
CPSF6,-0.8534,1208,all
CPSF7,-0.0859,1208,all
CPT1A,-0.165,1208,all
CPT1B,-0.0948,1208,all
CPT1C,-0.0163,1208,all
CPT2,-0.1656,1208,all
CPTP,0.0878,1208,all
CPVL,0.0192,1208,all
CPXCR1,0.03,1208,all
CPXM1,0.0346,1208,all
CPXM2,0.0282,1208,all
CPZ,-0.0706,1208,all
CR1,0.2041,383,all
CR1L,-0.306,1208,all
CR2,0.0154,1208,all
CRABP1,0.062,1208,all
CRABP2,-0.0968,1208,all
CRACD,-0.125,1208,all
CRACDL,-0.2127,1208,all
CRACR2A,0.0338,1208,all
CRACR2B,-0.0998,1208,all
CRADD,0.0693,1208,all
CRAMP1,-0.2118,1208,all
CRAT,-0.0083,1208,all
CRB1,0.0068,1208,all
CRB2,-0.076,1208,all
CRB3,0.0084,1208,all
CRBN,0.0421,1208,all
CRCP,-1.5994,1208,all
CRCT1,-0.2089,1208,all
CREB1,-0.1113,1208,all
CREB3,-0.1238,1208,all
CREB3L1,0.1055,1208,all
CREB3L2,0.0557,1208,all
CREB3L3,-0.0253,1208,all
CREB3L4,-0.0572,1208,all
CREB5,0.1729,1208,all
CREBBP,-0.0908,1208,all
CREBL2,-0.0158,1208,all
CREBRF,-0.0337,1208,all
CREBZF,-0.1016,1208,all
CREG1,-0.0635,1208,all
CREG2,-0.0195,1208,all
CRELD1,0.0114,1208,all
CRELD2,0.0392,1208,all
CREM,0.2068,1208,all
CRH,-0.0464,1208,all
CRHBP,-0.059,1208,all
CRHR1,-0.0645,1208,all
CRHR2,0.0492,1208,all
CRIM1,0.0056,1208,all
CRIP1,0.0403,1208,all
CRIP2,-0.0083,1208,all
CRIP3,-0.1024,1208,all
CRIPT,-0.2385,1208,all
CRIPTO,-0.5601,1208,all
CRISP1,-0.1251,1208,all
CRISP2,0.0113,1208,all
CRISP3,0.0877,1208,all
CRISPLD1,0.1335,1208,all
CRISPLD2,0.0292,1208,all
CRK,-0.2028,1208,all
CRKL,-0.9583,1208,all
CRLF1,-0.036,1208,all
CRLF2,0.0596,74,all
CRLF3,-0.0755,1208,all
CRLS1,-0.5884,1208,all
CRMP1,-0.0935,1208,all
CRNKL1,-1.6919,1208,all
CRNN,-0.0014,1208,all
CROCC,-0.2384,1208,all
CROCC2,0.3874,70,all
CROT,0.0873,1208,all
CRP,-0.1035,1208,all
CRTAC1,-0.0401,1208,all
CRTAM,-0.0036,1208,all
CRTAP,-0.0095,1208,all
CRTC1,-0.0475,1208,all
CRTC2,-0.2119,1208,all
CRTC3,-0.1195,1208,all
CRX,-0.1995,1208,all
CRY1,0.0479,1208,all
CRY2,-0.0042,1208,all
CRYAA,0.0478,1208,all
CRYAB,-0.0106,1208,all
CRYBA1,-0.1613,1208,all
CRYBA2,-0.0251,1208,all
CRYBA4,-0.0508,1208,all
CRYBB1,0.0982,1208,all
CRYBB2,0.1094,1208,all
CRYBB3,-0.0434,1208,all
CRYBG1,0.0916,1208,all
CRYBG3,-0.0196,77,all
CRYGA,-0.0561,1208,all
CRYGB,-0.1436,1208,all
CRYGC,-0.1261,1208,all
CRYGD,-0.372,1208,all
CRYGN,0.0041,1208,all
CRYGS,-0.0538,1208,all
CRYL1,0.092,1208,all
CRYM,-0.0039,1208,all
CRYZ,0.0923,1208,all
CRYZL1,0.0182,1208,all
CS,-0.4421,1208,all
CSAD,-0.1659,1208,all
CSAG1,0.2046,1207,all
CSAG2,-0.2586,74,all
CSDC2,-0.1596,1208,all
CSDE1,-0.3034,1208,all
CSE1L,-1.9501,1208,all
CSF1,-0.0424,1208,all
CSF1R,-0.0143,1208,all
CSF2,-0.0461,1208,all
CSF2RA,0.0873,74,all
CSF2RB,-0.0842,1208,all
CSF3,-0.1093,1208,all
CSF3R,-0.1129,1208,all
CSGALNACT1,0.0132,1208,all
CSGALNACT2,0.0225,1208,all
CSH2,-0.4711,1046,all
CSHL1,-0.0806,1208,all
CSK,-0.0724,1208,all
CSKMT,-0.2131,1208,all
CSMD1,0.0274,1208,all
CSMD2,0.0051,1208,all
CSMD3,-0.0263,1208,all
CSN1S1,0.0669,1208,all
CSN2,-0.0064,1208,all
CSN3,0.0464,1208,all
CSNK1A1,-0.7722,1208,all
CSNK1A1L,-0.0049,1208,all
CSNK1D,-0.0862,1208,all
CSNK1G1,-0.0964,1208,all
CSNK1G2,-0.0873,1208,all
CSNK1G3,0.0864,1208,all
CSNK2A1,-0.1151,1208,all
CSNK2A2,-0.0045,1208,all
CSNK2A2IP,-0.106,70,all
CSNK2A3,-0.0462,380,all
CSNK2B,-1.109,1208,all
CSPG4,-0.1527,1208,all
CSPG5,-0.0703,1208,all
CSPP1,-0.0566,1208,all
CSRNP1,0.0182,1208,all
CSRNP2,-0.0333,1208,all
CSRNP3,0.0408,1208,all
CSRP1,0.0491,1208,all
CSRP2,0.0362,1208,all
CSRP3,0.062,1208,all
CST1,0.0009,1208,all
CST11,0.0742,1208,all
CST2,-0.0011,1208,all
CST3,-0.1131,1208,all
CST4,-0.0294,1208,all
CST5,0.0645,1208,all
CST6,-0.1172,1208,all
CST7,0.0847,1208,all
CST8,0.1033,1208,all
CST9,0.1254,1208,all
CST9L,0.0801,1208,all
CSTA,-0.1765,1208,all
CSTB,0.0253,1208,all
CSTF1,-1.0461,1208,all
CSTF2,-0.1517,1208,all
CSTF2T,-0.0217,1208,all
CSTF3,-1.1089,1208,all
CSTL1,-0.0065,1208,all
CSTPP1,-0.0226,1208,all
CT47B1,-0.0412,1208,all
CT55,0.1255,1208,all
CT83,0.0518,1208,all
CTAG2,-0.0172,1208,all
CTAGE1,-0.0926,1208,all
CTAGE9,-0.4692,1046,all
CTBP1,0.0243,1208,all
CTBP2,-0.2768,1208,all
CTBS,-0.0424,1208,all
CTC1,-0.3897,1208,all
CTCF,-1.827,1208,all
CTCFL,0.1364,1208,all
CTDNEP1,-0.4538,1208,all
CTDP1,-1.3947,1208,all
CTDSP1,-0.067,1208,all
CTDSP2,-0.1843,1208,all
CTDSPL,0.1962,1208,all
CTDSPL2,-0.1409,1208,all
CTF1,-0.0343,1208,all
CTH,0.0696,1208,all
CTHRC1,0.0044,1208,all
CTIF,0.0585,1208,all
CTLA4,-0.0095,1208,all
CTNNA1,-0.1097,1208,all
CTNNA2,-0.0526,1208,all
CTNNA3,-0.036,1208,all
CTNNAL1,0.1131,1208,all
CTNNB1,-0.2473,1208,all
CTNNBIP1,-0.1352,1208,all
CTNNBL1,-1.0049,1208,all
CTNND1,-0.1027,1208,all
CTNND2,0.0258,1208,all
CTNS,0.0156,1208,all
CTPS1,-0.7419,1208,all
CTPS2,-0.0172,1208,all
CTR9,-0.8729,1208,all
CTRB1,-0.0721,1046,all
CTRB2,-0.2521,1046,all
CTRC,-0.0179,1208,all
CTRL,0.1616,1208,all
CTSA,0.0122,1208,all
CTSB,0.0693,1208,all
CTSC,0.1747,1208,all
CTSD,0.1145,1208,all
CTSE,0.1096,1208,all
CTSF,-0.151,1208,all
CTSG,-0.0306,1208,all
CTSH,-0.0524,1208,all
CTSK,-0.1807,1208,all
CTSL,0.0124,1208,all
CTSO,-0.0712,1208,all
CTSS,-0.0726,1208,all
CTSV,-0.0343,1208,all
CTSW,-0.107,1208,all
CTSZ,0.0041,1208,all
CTTN,-0.178,1208,all
CTTNBP2,0.0266,1208,all
CTTNBP2NL,-0.0005,1208,all
CTU1,-0.3785,1208,all
CTU2,-0.7259,1208,all
CTXN1,-0.2654,1208,all
CTXN2,0.0546,1208,all
CTXN3,0.0412,1208,all
CTXND1,0.1425,70,all
CUBN,-0.0672,1208,all
CUEDC1,-0.1205,1208,all
CUEDC2,0.0535,1208,all
CUL1,-0.7985,1208,all
CUL2,-0.6199,1208,all
CUL3,-0.5331,1208,all
CUL4A,-0.0378,1208,all
CUL4B,-0.0135,1208,all
CUL5,0.1995,1208,all
CUL7,-0.1689,1208,all
CUL9,-0.1597,1208,all
CUTA,-0.1546,1208,all
CUTC,-0.015,1208,all
CUX1,0.0819,1208,all
CUX2,-0.0879,1208,all
CUZD1,0.0273,1208,all
CWC15,-0.4805,74,all
CWC22,-1.5231,1208,all
CWC25,-0.3648,1208,all
CWC27,-0.0094,1208,all
CWF19L1,-0.1697,1208,all
CWF19L2,-0.5964,1208,all
CWH43,0.0075,1208,all
CX3CL1,0.0664,1208,all
CX3CR1,0.0806,1208,all
CXADR,-0.209,383,all
CXCL1,-0.1896,1208,all
CXCL10,0.0193,1208,all
CXCL11,0.0505,1208,all
CXCL12,-0.0276,1208,all
CXCL13,0.052,1208,all
CXCL14,-0.0321,1208,all
CXCL16,-0.0241,1208,all
CXCL17,-0.0236,1208,all
CXCL2,-0.1534,1208,all
CXCL3,-0.0058,1208,all
CXCL5,0.027,1208,all
CXCL6,0.0493,1208,all
CXCL8,0.0245,1208,all
CXCL9,0.0551,1208,all
CXCR1,0.0199,1208,all
CXCR2,0.0026,1208,all
CXCR3,0.0344,1208,all
CXCR4,0.0399,1208,all
CXCR5,0.0716,1208,all
CXCR6,0.1417,1208,all
CXXC1,-0.3833,1208,all
CXXC4,0.0093,1208,all
CXXC5,0.0656,1208,all
CXORF38,0.0434,1208,all
CXORF58,-0.0871,1208,all
CXORF65,0.0509,1208,all
CXORF66,0.1235,1208,all
CYB561,-0.1765,1208,all
CYB561A3,-0.0964,1208,all
CYB561D1,-0.2173,1208,all
CYB561D2,-0.1061,1208,all
CYB5A,0.0644,1208,all
CYB5B,-0.3711,1208,all
CYB5D1,0.1044,1208,all
CYB5D2,-0.0173,1208,all
CYB5R1,0.0208,1208,all
CYB5R2,0.0079,1208,all
CYB5R3,-0.0389,1208,all
CYB5R4,-0.3069,1208,all
CYB5RL,0.0523,1208,all
CYBA,-0.036,1208,all
CYBB,0.0849,1208,all
CYBC1,-0.0783,1208,all
CYBRD1,-0.0402,1208,all
CYC1,-0.602,1208,all
CYCS,-1.0813,1208,all
CYFIP1,-0.2902,1208,all
CYFIP2,-0.1303,77,all
CYGB,-0.0362,1208,all
CYLC1,0.1597,1208,all
CYLC2,0.0887,1208,all
CYLD,-0.1087,1208,all
CYP11A1,-0.0779,1208,all
CYP11B1,0.0899,1208,all
CYP11B2,0.0459,1208,all
CYP17A1,-0.0291,1208,all
CYP19A1,-0.013,1208,all
CYP1A1,0.0418,1208,all
CYP1A2,-0.026,1208,all
CYP1B1,0.0745,1208,all
CYP20A1,0.1135,1208,all
CYP21A2,-0.1346,1208,all
CYP24A1,-0.0035,1208,all
CYP26A1,-0.1639,1208,all
CYP26B1,0.0753,1208,all
CYP26C1,-0.1148,1208,all
CYP27A1,-0.0249,1208,all
CYP27B1,-0.243,1208,all
CYP27C1,0.0083,1208,all
CYP2A13,-0.2923,1208,all
CYP2A6,0.0169,1208,all
CYP2A7,0.0887,1208,all
CYP2B6,0.0345,1208,all
CYP2C18,-0.0567,1208,all
CYP2C19,0.0614,1208,all
CYP2C8,-0.0145,1208,all
CYP2C9,0.0648,1208,all
CYP2D6,0.0289,1208,all
CYP2E1,0.0127,1208,all
CYP2F1,-0.0847,1208,all
CYP2J2,-0.06,1208,all
CYP2R1,0.1059,1208,all
CYP2S1,-0.0684,1208,all
CYP2U1,-0.0694,1208,all
CYP2W1,-0.0944,1208,all
CYP39A1,0.0977,1208,all
CYP3A4,0.0556,1208,all
CYP3A43,-0.11,1208,all
CYP3A5,0.0295,1208,all
CYP3A7,0.0846,1208,all
CYP46A1,0.0301,1208,all
CYP4A11,-0.0216,1208,all
CYP4A22,0.0578,1208,all
CYP4B1,-0.0976,1208,all
CYP4F11,-0.2669,1208,all
CYP4F12,-0.0786,1208,all
CYP4F2,-0.1283,1208,all
CYP4F22,-0.0836,1208,all
CYP4F3,0.0329,1208,all
CYP4F8,0.2376,74,all
CYP4V2,0.1419,1208,all
CYP4X1,-0.105,1208,all
CYP4Z1,-0.0215,1208,all
CYP51A1,-0.0024,1208,all
CYP7A1,0.0342,1208,all
CYP7B1,0.0861,1208,all
CYP8B1,-0.0431,1208,all
CYREN,0.0269,1208,all
CYRIA,0.1471,1208,all
CYRIB,0.0983,1208,all
CYS1,-0.224,1208,all
CYSLTR1,0.0407,1208,all
CYSLTR2,0.0338,1208,all
CYSRT1,-0.0698,1090,all
CYSTM1,0.0897,1208,all
CYTH1,-0.0626,1208,all
CYTH2,-0.082,1208,all
CYTH3,-0.0413,1208,all
CYTH4,-0.0739,1208,all
CYTIP,-0.0198,1208,all
CYTL1,0.1554,1208,all
CYYR1,0.1151,383,all
CZIB,-0.2105,1208,all
D2HGDH,-0.0134,1208,all
DAAM1,0.1041,1208,all
DAAM2,0.0617,1208,all
DAB1,-0.0617,1208,all
DAB2,0.0898,1208,all
DAB2IP,0.1947,1208,all
DACH1,-0.1222,1208,all
DACH2,0.0245,1208,all
DACT1,0.0614,1208,all
DACT2,0.1078,1208,all
DACT3,-0.1698,1208,all
DAD1,-1.8608,1208,all
DAG1,-0.0283,1208,all
DAGLA,-0.0518,1208,all
DAGLB,-0.1072,1208,all
DALRD3,-0.0888,1208,all
DAND5,-0.1588,1208,all
DAO,-0.0911,1208,all
DAOA,0.0488,1208,all
DAP,-0.1494,1208,all
DAP3,-0.709,1208,all
DAPK1,0.0298,1208,all
DAPK2,-0.0614,1208,all
DAPK3,0.0072,1208,all
DAPL1,-0.0455,1208,all
DAPP1,0.024,1208,all
DARS1,-1.5415,1208,all
DARS2,-0.3477,1208,all
DAW1,0.0569,1208,all
DAXX,-0.3745,1208,all
DAZAP1,-0.2508,1208,all
DAZAP2,-0.089,1208,all
DAZL,-0.1058,1208,all
DBF4,-0.8907,1208,all
DBF4B,-0.1314,1208,all
DBH,0.0482,1208,all
DBI,-0.1346,1208,all
DBN1,-0.0279,1208,all
DBNDD1,-0.1363,1208,all
DBNDD2,0.1534,1208,all
DBNL,-0.0297,1208,all
DBP,-0.1206,1208,all
DBR1,-2.3459,1208,all
DBT,-0.0948,1208,all
DBX1,0.1876,77,all
DBX2,-0.1197,1208,all
DCAF1,-2.0258,74,all
DCAF10,-0.1405,1208,all
DCAF11,-0.0007,1208,all
DCAF12,-0.0288,1208,all
DCAF12L1,0.1508,1208,all
DCAF12L2,0.0786,1208,all
DCAF13,-2.4965,77,all
DCAF15,-0.241,1208,all
DCAF16,0.0578,1208,all
DCAF17,-0.0038,1208,all
DCAF4,-0.1605,1208,all
DCAF4L1,-0.0093,1208,all
DCAF4L2,-0.0597,1208,all
DCAF5,-0.0265,1208,all
DCAF6,-0.2704,1208,all
DCAF7,-0.7802,74,all
DCAF8,-0.0687,1208,all
DCAF8L1,0.0622,1208,all
DCAF8L2,-0.0162,1208,all
DCAKD,-0.2026,1208,all
DCANP1,-0.0789,1208,all
DCBLD1,0.1025,1208,all
DCBLD2,0.0764,1208,all
DCC,0.0898,1208,all
DCD,-0.0541,1208,all
DCDC1,0.1712,1208,all
DCDC2,-0.0707,1208,all
DCDC2B,-0.1288,1208,all
DCDC2C,-0.0581,74,all
DCHS1,-0.0131,1208,all
DCHS2,0.0671,1208,all
DCK,-0.0,1208,all
DCLK1,-0.1081,1208,all
DCLK2,0.0008,1208,all
DCLK3,-0.068,1208,all
DCLRE1A,0.0373,1208,all
DCLRE1B,-0.7874,1208,all
DCLRE1C,-0.0058,1208,all
DCN,0.0857,1208,all
DCP1A,-0.1885,74,all
DCP1B,0.0332,1208,all
DCP2,-0.2269,1208,all
DCPS,-0.2178,1208,all
DCST1,-0.09,1208,all
DCST2,-0.1657,1208,all
DCSTAMP,0.0844,1208,all
DCT,0.0083,1208,all
DCTD,0.0306,1208,all
DCTN1,-0.4275,1208,all
DCTN2,-0.8544,1208,all
DCTN3,-0.7641,1208,all
DCTN4,-0.7277,1208,all
DCTN5,-1.2181,1208,all
DCTN6,-1.1792,1208,all
DCTPP1,-0.0894,1208,all
DCUN1D1,-0.0577,1208,all
DCUN1D2,0.0584,1208,all
DCUN1D3,0.1249,1208,all
DCUN1D4,0.0125,1208,all
DCUN1D5,-0.0067,1208,all
DCX,0.1658,1208,all
DCXR,-0.0773,1208,all
DDA1,-0.3656,1208,all
DDAH1,0.084,1208,all
DDAH2,0.0264,1208,all
DDB1,-2.101,1208,all
DDB2,-0.0773,1208,all
DDC,0.0985,1208,all
DDHD1,-0.0117,1208,all
DDHD2,0.045,1208,all
DDI1,0.0519,1208,all
DDI2,-0.2095,1208,all
DDIAS,0.0857,1208,all
DDIT3,-0.1562,1208,all
DDIT4,0.0558,1208,all
DDIT4L,0.035,1208,all
DDN,-0.3976,1208,all
DDO,0.0381,1208,all
DDOST,-0.9906,1208,all
DDR1,0.0167,1208,all
DDR2,-0.0268,1208,all
DDRGK1,-0.2321,1208,all
DDX1,-0.3922,1208,all
DDX10,-1.5979,1208,all
DDX11,-0.9262,1208,all
DDX17,-0.2051,1208,all
DDX18,-1.4859,1208,all
DDX19A,-0.4006,1208,all
DDX19B,-0.2137,1208,all
DDX20,-1.0071,1208,all
DDX21,-1.0982,1208,all
DDX23,-1.0712,1208,all
DDX24,-0.9421,1208,all
DDX25,0.0608,1208,all
DDX27,-1.0131,1208,all
DDX28,-0.3327,1208,all
DDX31,-0.2023,1208,all
DDX39A,-0.2022,1208,all
DDX39B,-0.6498,1208,all
DDX3X,-0.8407,1208,all
DDX3Y,0.4344,383,all
DDX4,-0.0457,1208,all
DDX41,-1.4917,1208,all
DDX42,-1.1641,1208,all
DDX43,-0.1443,1208,all
DDX46,-0.7222,1208,all
DDX47,-1.5404,1208,all
DDX49,-2.0661,1208,all
DDX5,-0.7137,1208,all
DDX50,-0.1734,1208,all
DDX51,-1.0695,1208,all
DDX52,-0.6249,1208,all
DDX53,0.032,1208,all
DDX54,-1.6496,1208,all
DDX55,-1.3532,1208,all
DDX56,-2.1091,1208,all
DDX59,-0.9249,1208,all
DDX6,-0.7952,1208,all
DDX60,0.1153,1208,all
DDX60L,0.1112,1208,all
DEAF1,0.0226,1208,all
DECR1,-0.0329,1208,all
DECR2,0.0435,1208,all
DEDD,-0.0768,1208,all
DEDD2,0.0968,1208,all
DEF6,0.075,1208,all
DEF8,-0.1498,1208,all
DEFA4,0.0689,1208,all
DEFA5,0.1304,1208,all
DEFA6,0.175,1208,all
DEFB1,0.0457,1208,all
DEFB108B,0.1021,317,all
DEFB110,0.1216,1208,all
DEFB112,0.1048,1208,all
DEFB113,0.076,1208,all
DEFB114,-0.0127,1090,all
DEFB115,-0.1217,1208,all
DEFB116,-0.0584,1208,all
DEFB118,-0.0924,1208,all
DEFB119,0.0545,1208,all
DEFB121,0.0448,1208,all
DEFB123,0.1293,1208,all
DEFB124,0.0968,1208,all
DEFB125,0.0336,1208,all
DEFB126,0.0847,1208,all
DEFB127,0.1338,1208,all
DEFB128,0.0423,1208,all
DEFB129,-0.1742,1208,all
DEFB131A,0.0152,1047,all
DEFB132,0.0659,1208,all
DEFB134,-0.0074,1090,all
DEFB135,-0.105,1090,all
DEFB136,0.0058,1208,all
DEGS1,0.0968,1208,all
DEGS2,0.1135,1208,all
DEK,0.1415,1208,all
DELE1,-0.0006,1208,all
DENND10,-0.1564,1208,all
DENND11,-0.0035,1208,all
DENND1A,-0.0223,1208,all
DENND1B,0.0018,1208,all
DENND1C,-0.1649,1208,all
DENND2A,-0.0853,1208,all
DENND2B,0.0469,1208,all
DENND2C,-0.1566,1208,all
DENND2D,-0.1023,1208,all
DENND3,0.0233,1208,all
DENND4A,-0.1578,1208,all
DENND4B,-0.1539,1208,all
DENND4C,0.0111,1208,all
DENND5A,-0.0889,1208,all
DENND5B,0.0441,1208,all
DENND6A,0.117,1208,all
DENND6B,0.003,1208,all
DENR,-0.8542,1208,all
DEPDC1,-0.2807,1208,all
DEPDC1B,0.0854,1208,all
DEPDC4,0.0714,1208,all
DEPDC5,0.0836,1208,all
DEPDC7,0.0755,1208,all
DEPP1,-0.0677,1208,all
DEPTOR,-0.0737,1208,all
DERA,-0.0111,1208,all
DERL1,-0.1599,1208,all
DERL2,-0.3704,1208,all
DERL3,-0.0732,1208,all
DERPC,0.1377,70,all
DES,-0.013,1208,all
DESI1,-0.1498,1208,all
DESI2,0.0525,1208,all
DET1,-0.2941,1208,all
DEUP1,0.0791,1208,all
DEXI,-0.1281,77,all
DFFA,0.0045,1208,all
DFFB,-0.1178,1208,all
DGAT1,-0.0059,1208,all
DGAT2,0.1372,1208,all
DGAT2L6,0.0697,1208,all
DGCR2,-0.11,1208,all
DGCR6,-0.1889,1208,all
DGCR6L,-0.1818,1208,all
DGCR8,-0.5427,1208,all
DGKA,-0.0981,1208,all
DGKB,0.1071,1208,all
DGKD,-0.0743,1208,all
DGKE,-0.0602,1208,all
DGKG,0.0517,1208,all
DGKH,-0.024,1208,all
DGKI,0.0615,1208,all
DGKK,-0.0598,74,all
DGKQ,0.0201,1208,all
DGKZ,-0.1655,1208,all
DGLUCY,0.0302,1208,all
DGUOK,0.0571,1208,all
DHCR24,-0.0099,1208,all
DHCR7,-0.0919,1208,all
DHDDS,-2.1764,1208,all
DHDH,0.0127,1208,all
DHFR,-0.8195,1090,all
DHFR2,-0.4328,1208,all
DHH,-0.0998,1208,all
DHODH,-0.4562,1208,all
DHPS,-0.9419,1208,all
DHRS1,-0.1171,1208,all
DHRS11,-0.0215,1208,all
DHRS12,-0.0611,1208,all
DHRS13,-0.109,1208,all
DHRS2,-0.0763,1208,all
DHRS3,-0.0629,1208,all
DHRS4,-0.1915,1165,all
DHRS4L2,-0.0747,1165,all
DHRS7,-0.0224,1208,all
DHRS7B,-0.1169,1208,all
DHRS7C,0.0501,1208,all
DHRS9,0.12,1208,all
DHRSX,0.1468,74,all
DHTKD1,0.1122,1208,all
DHX15,-1.3764,1208,all
DHX16,-1.0694,1208,all
DHX29,-0.1479,1208,all
DHX30,-0.2731,1208,all
DHX32,-0.0142,1208,all
DHX33,-1.3011,1208,all
DHX34,0.0086,1208,all
DHX35,-0.3069,1208,all
DHX36,-0.6919,1208,all
DHX37,-1.7998,1208,all
DHX38,-0.4897,1208,all
DHX40,-0.228,1208,all
DHX57,-0.0989,1208,all
DHX58,-0.1362,1208,all
DHX8,-1.6415,1208,all
DHX9,-0.9832,1208,all
DIABLO,-0.1266,1208,all
DIAPH1,-0.1103,1208,all
DIAPH2,-0.035,1208,all
DIAPH3,-0.2074,1208,all
DICER1,-0.5427,1208,all
DIDO1,-0.374,1208,all
DIMT1,-0.817,1208,all
DIO1,0.0284,1208,all
DIO2,-0.0135,1208,all
DIO3,0.0302,1208,all
DIP2A,0.0181,1208,all
DIP2B,-0.2123,1208,all
DIP2C,0.0962,1208,all
DIPK1A,-0.2706,1208,all
DIPK1B,-0.0922,1208,all
DIPK1C,0.1796,1208,all
DIPK2A,0.0547,1208,all
DIPK2B,-0.0583,1208,all
DIRAS1,0.019,1208,all
DIRAS2,0.0493,1208,all
DIRAS3,-0.1555,1208,all
DIS3,-0.7241,1208,all
DIS3L,-0.2227,1208,all
DIS3L2,0.0351,1208,all
DISC1,0.0822,1208,all
DISP1,0.0223,1208,all
DISP2,-0.0654,1208,all
DISP3,0.0782,1208,all
DIXDC1,-0.0709,1208,all
DKC1,-1.3167,1208,all
DKK1,-0.1392,1208,all
DKK2,0.0557,1208,all
DKK3,-0.0502,1208,all
DKK4,-0.0409,1208,all
DKKL1,-0.0598,1208,all
DLAT,-0.0274,1208,all
DLC1,0.174,1208,all
DLD,-0.2928,1208,all
DLEC1,-0.0742,1208,all
DLEU7,0.0607,1208,all
DLG1,0.0223,1208,all
DLG2,0.0952,1208,all
DLG3,0.1188,1208,all
DLG4,-0.1107,1208,all
DLG5,-0.2218,1208,all
DLGAP1,0.1382,1208,all
DLGAP2,0.1344,1208,all
DLGAP3,-0.0631,1208,all
DLGAP4,0.0869,1208,all
DLGAP5,-0.1938,1208,all
DLK1,-0.1514,1208,all
DLK2,-0.0931,1208,all
DLL1,0.0153,1208,all
DLL3,-0.0673,1208,all
DLL4,-0.0514,1208,all
DLST,-0.3522,1208,all
DLX1,-0.0924,1208,all
DLX2,-0.1004,1208,all
DLX3,-0.1852,1208,all
DLX4,-0.0096,1208,all
DLX5,-0.1104,1208,all
DLX6,-0.0286,1208,all
DMAC1,-0.1975,1208,all
DMAC2,-0.0489,1208,all
DMAC2L,0.0604,1208,all
DMAP1,-1.2319,1208,all
DMBT1,-0.0271,1208,all
DMBX1,0.0549,1208,all
DMC1,-0.0101,1208,all
DMD,0.1332,1208,all
DMGDH,0.0713,1208,all
DMKN,-0.1454,1208,all
DMP1,0.0004,1208,all
DMPK,-0.0294,1208,all
DMRT1,0.1343,1208,all
DMRT2,0.3143,1208,all
DMRT3,0.1276,1208,all
DMRTA1,0.0256,1208,all
DMRTA2,-0.2699,1208,all
DMRTB1,-0.1002,1208,all
DMRTC2,-0.1762,1208,all
DMTF1,0.0081,1208,all
DMTN,0.0562,1208,all
DMWD,-0.0217,1208,all
DMXL1,-0.0745,1208,all
DMXL2,-0.0168,1208,all
DNA2,-2.7153,77,all
DNAAF1,0.0346,1208,all
DNAAF10,-0.9058,1208,all
DNAAF11,0.0905,1208,all
DNAAF19,0.0358,1208,all
DNAAF2,-0.0119,1208,all
DNAAF3,0.0603,1208,all
DNAAF4,0.0192,1208,all
DNAAF5,-0.2402,1208,all
DNAAF6,0.1128,1208,all
DNAAF8,-0.0035,1208,all
DNAAF9,-0.0353,1208,all
DNAH1,-0.0738,1208,all
DNAH10,-0.0991,1208,all
DNAH11,0.0798,1208,all
DNAH12,0.0172,1208,all
DNAH14,0.1069,1208,all
DNAH17,-0.1811,77,all
DNAH2,-0.1405,1208,all
DNAH3,0.0004,1208,all
DNAH5,-0.1375,1208,all
DNAH6,0.1076,1208,all
DNAH7,-0.053,1208,all
DNAH8,-0.0477,77,all
DNAH9,-0.0101,1208,all
DNAI1,-0.0569,1208,all
DNAI2,0.021,1208,all
DNAI3,-0.1504,1208,all
DNAI4,-0.0253,1208,all
DNAI7,0.0287,1208,all
DNAJA1,-0.4374,1208,all
DNAJA2,-0.0266,1208,all
DNAJA3,-0.8873,1208,all
DNAJA4,0.0245,1208,all
DNAJB1,-0.2525,1208,all
DNAJB11,-0.2334,1208,all
DNAJB12,-0.2637,1208,all
DNAJB13,-0.1152,1208,all
DNAJB14,0.0643,1208,all
DNAJB2,0.0039,1208,all
DNAJB4,0.0089,1208,all
DNAJB5,0.0329,1208,all
DNAJB6,-0.3932,1208,all
DNAJB7,0.0189,1208,all
DNAJB8,-0.076,1208,all
DNAJB9,0.0097,1208,all
DNAJC1,0.0366,1208,all
DNAJC10,-0.0903,1208,all
DNAJC11,-0.6485,1208,all
DNAJC12,-0.0767,1208,all
DNAJC13,-0.2218,1208,all
DNAJC14,-0.0532,1208,all
DNAJC15,0.004,1208,all
DNAJC16,-0.1338,1208,all
DNAJC17,-1.3415,1208,all
DNAJC18,0.0476,1208,all
DNAJC19,-0.3805,1208,all
DNAJC2,-0.138,1208,all
DNAJC21,-0.049,1208,all
DNAJC22,-0.1033,1208,all
DNAJC24,-0.0392,1208,all
DNAJC25,0.0884,1208,all
DNAJC27,0.1765,1208,all
DNAJC28,0.0522,1208,all
DNAJC3,-0.0071,1208,all
DNAJC30,-0.1652,1208,all
DNAJC4,-0.0617,1208,all
DNAJC5,0.0591,1208,all
DNAJC5B,-0.0186,1208,all
DNAJC5G,-0.0754,1208,all
DNAJC6,-0.0733,1208,all
DNAJC7,-0.076,1208,all
DNAJC8,-0.9318,1208,all
DNAJC9,-1.3933,1208,all
DNAL1,0.0395,1208,all
DNAL4,-0.0671,1208,all
DNALI1,0.0126,1208,all
DNASE1,-0.0958,1208,all
DNASE1L1,0.0556,1208,all
DNASE1L2,0.0404,1208,all
DNASE1L3,0.0631,1208,all
DNASE2,-0.1329,1208,all
DNASE2B,0.0837,1208,all
DND1,-0.1235,1208,all
DNER,0.0737,1208,all
DNHD1,0.0432,1208,all
DNLZ,-0.4849,1208,all
DNM1,-0.2227,1208,all
DNM1L,-0.6692,1208,all
DNM2,-1.188,1208,all
DNM3,-0.212,1208,all
DNMBP,-0.0195,1208,all
DNMT1,-0.5957,1208,all
DNMT3A,0.1713,1208,all
DNMT3B,0.0017,1208,all
DNMT3L,0.0213,1208,all
DNPEP,-0.0028,1208,all
DNPH1,-0.0348,1208,all
DNTT,-0.0459,1208,all
DNTTIP1,-0.0522,1208,all
DNTTIP2,-0.6071,1208,all
DOC2A,-0.0413,1208,all
DOC2B,0.2066,77,all
DOCK1,0.0309,77,all
DOCK10,0.0978,1208,all
DOCK11,0.0273,1208,all
DOCK2,0.0457,1208,all
DOCK3,0.0054,1208,all
DOCK4,0.0169,1208,all
DOCK5,-0.0946,1208,all
DOCK6,-0.2762,1208,all
DOCK7,-0.1473,1208,all
DOCK8,-0.0281,1208,all
DOCK9,0.0336,1208,all
DOHH,-0.5735,1208,all
DOK1,-0.1364,1208,all
DOK2,0.0048,1208,all
DOK3,0.002,1208,all
DOK4,-0.0659,1208,all
DOK5,0.0744,1208,all
DOK6,0.0849,1208,all
DOK7,0.044,1208,all
DOLK,-0.4571,1208,all
DOLPP1,-0.2859,1208,all
DONSON,-2.4527,1208,all
DOP1A,0.0531,1208,all
DOP1B,0.0661,1208,all
DORIP1,-0.0598,1208,all
DOT1L,-0.148,1208,all
DPAGT1,-1.7951,1208,all
DPCD,-0.1392,1208,all
DPEP1,-0.0448,1208,all
DPEP2,-0.0849,1208,all
DPEP2NB,0.0008,74,all
DPEP3,-0.1273,1208,all
DPF1,-0.081,1208,all
DPF2,-0.4049,1208,all
DPF3,0.0527,1208,all
DPH1,-0.3649,1208,all
DPH2,-0.3117,1208,all
DPH3,-0.9396,1208,all
DPH5,-0.1113,1208,all
DPH6,-0.3813,1208,all
DPH7,-0.1192,1208,all
DPM1,-0.2747,1208,all
DPM2,-0.4288,1208,all
DPM3,-0.3267,1208,all
DPP10,0.0448,1208,all
DPP3,-0.1312,1208,all
DPP4,0.05,1208,all
DPP6,0.0951,77,all
DPP7,-0.1404,1208,all
DPP8,-0.0143,1208,all
DPP9,-0.046,1208,all
DPPA2,-0.3814,1208,all
DPPA3,-0.2124,383,all
DPPA4,0.0725,1208,all
DPPA5,-0.2997,1208,all
DPRX,-0.1182,1208,all
DPT,0.0961,1208,all
DPY19L1,-0.0081,1208,all
DPY19L2,-0.223,1207,all
DPY19L3,-0.0395,1208,all
DPY19L4,-0.1309,1208,all
DPY30,-0.3896,1208,all
DPYD,-0.054,1208,all
DPYS,0.0345,1208,all
DPYSL2,0.0605,1208,all
DPYSL3,0.0886,1208,all
DPYSL4,0.0547,1208,all
DPYSL5,-0.0614,1208,all
DQX1,-0.0966,1208,all
DR1,-0.8123,1208,all
DRAM1,0.0039,1208,all
DRAM2,-0.1427,1208,all
DRAP1,-0.4356,1208,all
DRAXIN,0.0819,1208,all
DRC1,-0.0478,1208,all
DRC12,0.0064,1208,all
DRC3,0.0433,1208,all
DRC7,0.0071,1208,all
DRD1,0.1135,1208,all
DRD2,0.0278,1208,all
DRD3,-0.0068,1208,all
DRD4,-0.007,1208,all
DRD5,0.1141,1208,all
DRG1,-0.3257,1208,all
DRG2,-0.121,1208,all
DRGX,-0.0689,1208,all
DRICH1,-0.097,1208,all
DROSHA,-0.4358,1208,all
DRP2,-0.0248,1208,all
DSC1,0.0389,1208,all
DSC2,0.1176,1208,all
DSC3,0.0456,1208,all
DSCAM,0.0251,1208,all
DSCAML1,0.0008,1208,all
DSCC1,-0.2709,1208,all
DSE,0.1035,1208,all
DSEL,0.0807,1208,all
DSG1,0.0228,1208,all
DSG2,-0.0739,1208,all
DSG3,0.0213,1208,all
DSG4,-0.0257,1208,all
DSN1,-0.8189,1208,all
DSP,-0.067,1208,all
DSPP,-0.0713,1208,all
DST,0.0349,1208,all
DSTN,-0.2863,1208,all
DSTYK,-0.1099,1208,all
DTD1,-0.1379,1208,all
DTD2,-0.1875,1208,all
DTHD1,-0.0527,1208,all
DTL,-2.2785,1208,all
DTNA,0.1201,1208,all
DTNB,0.02,1208,all
DTNBP1,-0.0565,1208,all
DTWD1,0.0356,1208,all
DTWD2,-0.0402,1208,all
DTX1,-0.0359,1208,all
DTX2,-0.2399,1208,all
DTX3,-0.139,1208,all
DTX3L,0.0015,1208,all
DTX4,-0.0093,1208,all
DTYMK,-1.5785,1208,all
DUOX1,-0.0216,1208,all
DUOX2,-0.1569,1208,all
DUOXA1,-0.0617,1208,all
DUOXA2,-0.1261,1208,all
DUS1L,-0.0577,1208,all
DUS2,-0.0742,1208,all
DUS3L,-0.001,1208,all
DUS4L,-0.0517,1208,all
DUSP1,0.007,1208,all
DUSP10,0.0067,1208,all
DUSP12,-0.2057,1208,all
DUSP13B,-0.1101,1208,all
DUSP14,-0.0918,1208,all
DUSP15,0.0103,1208,all
DUSP16,-0.0443,1208,all
DUSP18,0.043,1208,all
DUSP19,-0.0799,1208,all
DUSP2,0.0966,1208,all
DUSP21,0.0715,1208,all
DUSP22,-0.2106,1208,all
DUSP23,0.0999,1208,all
DUSP26,0.02,1208,all
DUSP28,0.0318,1208,all
DUSP29,-0.1191,1208,all
DUSP3,-0.1226,1208,all
DUSP4,-0.0461,1208,all
DUSP5,0.0342,1208,all
DUSP6,0.0634,1208,all
DUSP7,0.0078,1208,all
DUSP8,-0.1321,1208,all
DUSP9,-0.001,1208,all
DUT,-2.0246,1208,all
DUXA,-0.2742,1208,all
DUXB,0.2457,70,all
DVL1,-0.2523,1208,all
DVL2,-0.0356,1208,all
DVL3,-0.1037,1208,all
DXO,-0.0785,1208,all
DYDC1,-0.142,1208,all
DYDC2,0.0379,1208,all
DYM,-0.0282,1208,all
DYNAP,0.0952,1208,all
DYNC1H1,-1.7174,1208,all
DYNC1I1,0.0356,1208,all
DYNC1I2,-1.7251,1208,all
DYNC1LI1,-0.1448,1208,all
DYNC1LI2,-0.1833,1208,all
DYNC2H1,-0.0092,1208,all
DYNC2I1,0.1561,1208,all
DYNC2I2,-0.0098,1208,all
DYNC2LI1,-0.0477,1208,all
DYNLL1,-0.5765,1208,all
DYNLL2,0.0596,1208,all
DYNLRB1,-2.2166,1208,all
DYNLRB2,0.1516,1208,all
DYNLT1,-0.1908,1208,all
DYNLT2,0.0138,1208,all
DYNLT2B,-0.0798,1208,all
DYNLT3,-0.1146,1208,all
DYNLT4,-0.1394,1208,all
DYNLT5,-0.0755,1208,all
DYRK1A,-0.0968,1208,all
DYRK1B,-0.075,1208,all
DYRK2,-0.0753,1208,all
DYRK3,0.0494,1208,all
DYRK4,-0.0006,1208,all
DYSF,0.0162,1208,all
DYTN,0.0348,1208,all
DZANK1,0.0831,1208,all
DZIP1,0.1025,1208,all
DZIP1L,0.0434,1208,all
DZIP3,0.0178,1208,all
E2F1,-0.2927,1208,all
E2F2,-0.0155,1208,all
E2F3,-0.3977,1208,all
E2F4,-0.1279,1208,all
E2F5,0.1023,1208,all
E2F6,0.1196,383,all
E2F7,0.0968,1208,all
E2F8,0.0511,1208,all
E4F1,-0.468,1208,all
EAF1,-0.4086,1208,all
EAF2,-0.0639,1208,all
EAPP,-0.6024,1208,all
EARS2,-0.5726,1208,all
EBAG9,0.0026,1208,all
EBF1,-0.1145,1208,all
EBF2,0.0374,1208,all
EBF3,-0.0556,1208,all
EBF4,0.0839,1208,all
EBI3,-0.1275,1208,all
EBLN1,0.0705,1208,all
EBLN2,0.1655,1208,all
EBNA1BP2,-1.0264,1208,all
EBP,0.0834,1208,all
EBPL,-0.0516,1208,all
ECD,-1.8879,1208,all
ECE1,-0.0865,1208,all
ECE2,0.0168,383,all
ECEL1,-0.0601,1208,all
ECH1,-0.0609,1208,all
ECHDC1,0.1672,1208,all
ECHDC2,-0.1509,1208,all
ECHDC3,0.0512,1208,all
ECHS1,-0.0121,1208,all
ECI1,-0.0743,1208,all
ECI2,-0.0229,1208,all
ECM1,-0.1266,1208,all
ECM2,0.0747,1208,all
ECPAS,-0.0372,1208,all
ECRG4,0.0215,1208,all
ECSCR,-0.0586,74,all
ECSIT,-0.2323,1208,all
ECT2,-1.2004,1208,all
ECT2L,-0.2141,1208,all
EDA,-0.054,1208,all
EDA2R,0.1085,1208,all
EDAR,0.0274,1208,all
EDARADD,0.0109,1208,all
EDC3,-0.0367,1208,all
EDC4,-0.4206,1208,all
EDDM13,0.4625,70,all
EDDM3A,0.0725,1208,all
EDDM3B,-0.0387,1208,all
EDEM1,0.0304,1208,all
EDEM2,-0.1083,1208,all
EDEM3,-0.0734,1208,all
EDF1,-0.0948,1208,all
EDIL3,-0.0972,1208,all
EDN1,0.0075,1208,all
EDN2,-0.0124,1208,all
EDN3,0.2315,1208,all
EDNRA,0.1227,1208,all
EDNRB,0.0375,1208,all
EDRF1,-0.0787,1208,all
EEA1,0.0031,1208,all
EED,-0.2766,1208,all
EEF1A1,-2.531,383,all
EEF1A2,-0.021,1208,all
EEF1AKMT1,0.0052,1208,all
EEF1AKMT2,-0.1762,1208,all
EEF1AKMT3,-0.2809,1208,all
EEF1AKMT4,-0.0726,1208,all
EEF1B2,-1.1115,1208,all
EEF1D,-0.1699,1208,all
EEF1E1,-0.1815,1208,all
EEF1G,-1.0343,1208,all
EEF2,-2.7063,1208,all
EEF2K,0.001,1208,all
EEF2KMT,-0.7876,1208,all
EEFSEC,-0.5374,1208,all
EEIG1,-0.0749,1208,all
EEIG2,-0.11,1208,all
EEPD1,0.0812,1208,all
EFCAB10,0.0654,73,all
EFCAB11,0.0508,1208,all
EFCAB12,-0.0412,1208,all
EFCAB13,0.0203,1208,all
EFCAB14,-0.0753,1208,all
EFCAB2,-0.0889,1208,all
EFCAB3,-0.1235,1208,all
EFCAB5,-0.0871,1208,all
EFCAB6,0.0352,1208,all
EFCAB7,0.0425,1208,all
EFCAB9,0.0903,1208,all
EFCC1,-0.0883,1208,all
EFEMP1,0.0114,1208,all
EFEMP2,-0.0837,1208,all
EFHB,0.0735,1208,all
EFHC1,-0.0826,1208,all
EFHC2,-0.0103,1208,all
EFHD1,0.0908,1208,all
EFHD2,-0.0732,1208,all
EFL1,-1.0221,1208,all
EFNA1,-0.0055,1208,all
EFNA2,-0.0921,1208,all
EFNA3,-0.2342,1208,all
EFNA4,-0.1654,1208,all
EFNA5,0.0054,1208,all
EFNB1,-0.0032,1208,all
EFNB2,0.0803,1208,all
EFNB3,-0.0395,1208,all
EFR3A,-0.4228,1208,all
EFR3B,-0.1392,1208,all
EFS,-0.0755,1208,all
EFTUD2,-1.64,1208,all
EGF,-0.0112,1208,all
EGFL6,0.2084,1208,all
EGFL7,-0.0853,1208,all
EGFL8,0.0039,1208,all
EGFLAM,0.0678,1208,all
EGFR,-0.2373,1208,all
EGLN1,-0.1983,1208,all
EGLN2,-0.2241,1208,all
EGLN3,0.027,1208,all
EGR1,-0.0661,1208,all
EGR2,-0.1135,1208,all
EGR3,0.0685,1208,all
EGR4,-0.1296,1208,all
EHBP1,0.1044,1208,all
EHBP1L1,-0.1984,1208,all
EHD1,-0.143,1208,all
EHD2,-0.0043,1208,all
EHD3,-0.0381,1208,all
EHD4,0.0234,1208,all
EHF,0.0038,1208,all
EHHADH,0.0028,1208,all
EHMT1,-0.129,1208,all
EHMT2,-0.2278,1208,all
EI24,0.3272,74,all
EID1,0.0024,1208,all
EID2,-0.0649,1208,all
EID2B,-0.0747,1208,all
EID3,0.043,1208,all
EIF1,-1.2016,1208,all
EIF1AD,-1.5286,1208,all
EIF1AX,-1.8872,1208,all
EIF1AY,-0.1749,383,all
EIF1B,0.0192,1208,all
EIF2A,-0.0892,1208,all
EIF2AK1,0.0739,1208,all
EIF2AK2,0.0522,1208,all
EIF2AK3,-0.0407,1208,all
EIF2AK4,-0.1173,1208,all
EIF2B1,-0.9001,1208,all
EIF2B2,-1.5439,1208,all
EIF2B3,-1.442,1208,all
EIF2B4,-1.3683,1208,all
EIF2B5,-1.0481,1208,all
EIF2D,0.0381,1208,all
EIF2S1,-2.148,1208,all
EIF2S2,-1.3699,1208,all
EIF2S3,-1.8063,1208,all
EIF2S3B,0.339,73,all
EIF3A,-1.7582,1208,all
EIF3B,-1.7075,1208,all
EIF3D,-1.5812,1208,all
EIF3E,-1.4868,1208,all
EIF3F,-1.1297,1208,all
EIF3G,-1.4404,1208,all
EIF3H,-0.9201,1208,all
EIF3I,-1.5919,1208,all
EIF3J,-0.6184,1208,all
EIF3K,-0.2473,1208,all
EIF3L,-0.4376,1208,all
EIF3M,-1.0652,1208,all
EIF4A1,-1.5999,1208,all
EIF4A2,-0.0867,1208,all
EIF4A3,-1.975,1208,all
EIF4B,-0.6171,1208,all
EIF4E,-1.362,1208,all
EIF4E1B,-0.0446,1208,all
EIF4E2,-0.2531,1208,all
EIF4E3,-0.0746,1208,all
EIF4EBP1,-0.2016,1208,all
EIF4EBP2,-0.1902,1208,all
EIF4EBP3,-0.0317,1208,all
EIF4ENIF1,-0.2047,1208,all
EIF4G1,-0.7636,1208,all
EIF4G2,-0.749,1208,all
EIF4G3,-0.0658,1208,all
EIF4H,-0.2901,1208,all
EIF5,-1.3985,1208,all
EIF5A,-1.1296,1165,all
EIF5A2,0.0931,1208,all
EIF5AL1,-0.3594,1165,all
EIF5B,-0.3339,1208,all
EIF6,-1.2593,1208,all
EIPR1,-0.1806,1208,all
ELAC1,0.0683,1208,all
ELAC2,-1.0079,1208,all
ELANE,0.0233,1208,all
ELAPOR1,-0.0197,1208,all
ELAPOR2,-0.032,1208,all
ELAVL1,-0.251,1208,all
ELAVL2,0.0956,1208,all
ELAVL3,-0.0964,1208,all
ELAVL4,0.071,1208,all
ELF1,-0.104,1208,all
ELF2,-0.2219,1208,all
ELF3,-0.0361,1208,all
ELF4,-0.0451,1208,all
ELF5,0.0032,1208,all
ELFN1,-0.0526,1208,all
ELFN2,-0.0196,1208,all
ELK1,-0.085,1208,all
ELK3,0.0063,1208,all
ELK4,0.0754,1208,all
ELL,-1.3018,1208,all
ELL2,-0.0636,1208,all
ELL3,-0.175,1208,all
ELMO1,-0.0283,1208,all
ELMO2,-0.3397,1208,all
ELMO3,0.0234,1208,all
ELMOD1,-0.0185,1208,all
ELMOD2,0.0501,1208,all
ELMOD3,-0.2293,1208,all
ELN,0.0635,1208,all
ELOA,-0.2151,1208,all
ELOA2,0.0597,1208,all
ELOB,-1.4659,1208,all
ELOC,-1.3338,1208,all
ELOF1,-0.3806,1208,all
ELOVL1,-0.2266,1208,all
ELOVL2,-0.0517,1208,all
ELOVL3,-0.0881,1208,all
ELOVL4,-0.0118,1208,all
ELOVL5,0.0952,1208,all
ELOVL6,0.0698,1208,all
ELOVL7,0.0958,1208,all
ELP1,-1.0221,1208,all
ELP2,-0.6273,1208,all
ELP3,-0.9647,1208,all
ELP4,-0.4592,1208,all
ELP5,-1.2094,1208,all
ELP6,-0.9812,1208,all
ELSPBP1,0.039,1208,all
EMB,-0.0236,1208,all
EMC1,-0.52,1208,all
EMC10,-0.0501,1208,all
EMC2,-0.2906,1208,all
EMC3,-0.8936,1208,all
EMC4,-0.5117,1208,all
EMC6,-0.2304,1208,all
EMC7,-0.7324,1208,all
EMC8,-0.1274,1208,all
EMC9,-0.0501,1208,all
EMCN,0.1361,1208,all
EMD,0.0464,1208,all
EME1,-0.067,1208,all
EME2,-0.0069,1208,all
EMG1,-0.4909,74,all
EMID1,-0.1243,1208,all
EMILIN1,-0.0083,1208,all
EMILIN2,-0.0068,1208,all
EMILIN3,-0.0393,1208,all
EML1,-0.005,1208,all
EML2,-0.1463,1208,all
EML3,-0.0723,1208,all
EML4,-0.0939,1208,all
EML5,-0.0625,1208,all
EML6,-0.2168,1208,all
EMP1,0.0792,1208,all
EMP2,-0.0392,1208,all
EMP3,-0.0077,1208,all
EMSY,-0.028,1208,all
EMX1,-0.0853,1208,all
EMX2,0.0023,1208,all
EN1,-0.0102,1208,all
EN2,0.0284,1208,all
ENAH,-0.0514,1165,all
ENAM,0.0334,1208,all
ENC1,0.0165,1208,all
ENDOD1,-0.0062,1208,all
ENDOG,-0.2382,1208,all
ENDOU,0.0183,1208,all
ENDOV,-0.0708,1208,all
ENG,0.0198,1208,all
ENGASE,-0.0962,1208,all
ENHO,-0.0482,1165,all
ENKD1,-0.217,1208,all
ENKUR,0.1023,1208,all
ENO1,-0.5814,1208,all
ENO2,-0.0329,1208,all
ENO3,-0.0308,1208,all
ENO4,0.0104,77,all
ENOPH1,0.0198,1208,all
ENOSF1,0.0862,1208,all
ENOX1,-0.0405,1208,all
ENOX2,0.1216,1208,all
ENPEP,-0.0733,1208,all
ENPP1,0.0288,1208,all
ENPP2,-0.037,1208,all
ENPP3,-0.0418,1208,all
ENPP4,0.1137,1208,all
ENPP5,0.0347,1208,all
ENPP6,0.0737,1208,all
ENPP7,-0.2289,1208,all
ENSA,-0.3567,1208,all
ENTHD1,0.0162,1208,all
ENTPD1,0.0416,1208,all
ENTPD2,-0.0302,1208,all
ENTPD3,0.0673,1208,all
ENTPD4,0.0472,1208,all
ENTPD5,-0.0011,1208,all
ENTPD6,0.0406,1208,all
ENTPD7,-0.0496,1208,all
ENTPD8,-0.0556,1208,all
ENTR1,-0.125,1208,all
ENTREP1,-0.07,1208,all
ENTREP2,0.0248,1208,all
ENTREP3,-0.1129,1208,all
ENY2,-0.3134,1208,all
EOGT,-0.0232,1208,all
EOLA1,0.0426,1047,all
EOLA2,0.0755,1046,all
EOMES,0.0011,1208,all
EP300,-0.3585,1208,all
EP400,-0.9321,1208,all
EPAS1,0.0059,1208,all
EPB41,-0.0066,1208,all
EPB41L1,0.0087,1208,all
EPB41L2,-0.0016,1208,all
EPB41L3,0.0873,1208,all
EPB41L4A,-0.0107,1208,all
EPB41L4B,0.0315,1208,all
EPB41L5,-0.0672,1208,all
EPB42,-0.1682,1208,all
EPC1,-0.3325,1208,all
EPC2,-0.3463,1208,all
EPCAM,-0.1373,1208,all
EPCIP,0.0851,1208,all
EPDR1,0.0802,1208,all
EPG5,-0.0535,1208,all
EPGN,0.0796,1208,all
EPHA1,-0.0443,1208,all
EPHA10,-0.1026,1208,all
EPHA2,0.0577,1208,all
EPHA3,-0.0492,1208,all
EPHA4,0.0772,1208,all
EPHA5,-0.038,1208,all
EPHA6,0.065,1208,all
EPHA7,0.0337,1208,all
EPHA8,0.0417,1208,all
EPHB1,0.0414,1208,all
EPHB2,0.0128,1208,all
EPHB3,-0.0069,1208,all
EPHB4,0.0375,1208,all
EPHB6,0.0649,1208,all
EPHX1,0.0125,1208,all
EPHX2,0.0683,1208,all
EPHX3,-0.0636,1208,all
EPHX4,-0.0528,1208,all
EPM2A,-0.0566,1208,all
EPM2AIP1,-0.136,1208,all
EPN1,0.0073,1208,all
EPN2,-0.0419,1208,all
EPN3,-0.1314,1208,all
EPO,0.076,1208,all
EPOP,-0.5492,1208,all
EPOR,-0.0743,1208,all
EPPIN,-0.009,1208,all
EPRS1,-1.4708,1208,all
EPS15,-0.0676,1208,all
EPS15L1,-0.0937,1208,all
EPS8,0.0772,1208,all
EPS8L1,-0.136,1208,all
EPS8L2,-0.0953,1208,all
EPS8L3,-0.2537,1208,all
EPSTI1,-0.1696,1208,all
EPX,-0.0889,1208,all
EPYC,-0.0077,1208,all
EQTN,0.2188,1208,all
ERAL1,-0.4408,1208,all
ERAP1,-0.0112,1208,all
ERAP2,0.03,1208,all
ERAS,0.0987,1165,all
ERBB2,-0.3549,1208,all
ERBB3,-0.2064,1208,all
ERBB4,-0.0767,1208,all
ERBIN,-0.0453,1208,all
ERC1,-0.0158,1208,all
ERC2,-0.0408,1208,all
ERCC1,-0.223,1208,all
ERCC2,-1.0133,1208,all
ERCC3,-1.0181,1208,all
ERCC4,-0.3086,1208,all
ERCC5,-0.0013,1208,all
ERCC6,-0.0884,1208,all
ERCC6L,-0.2419,1208,all
ERCC6L2,-0.122,1208,all
ERCC8,-0.0218,1208,all
EREG,0.0411,1208,all
ERF,0.0374,1208,all
ERFE,0.1441,77,all
ERFL,0.4837,70,all
ERG,-0.0242,1208,all
ERG28,-0.0125,1208,all
ERGIC1,0.1038,1208,all
ERGIC2,0.0513,1208,all
ERGIC3,0.0333,1208,all
ERH,-2.0586,1208,all
ERI1,-0.0716,1208,all
ERI2,-0.0629,1208,all
ERI3,0.121,1208,all
ERICH1,0.1514,1208,all
ERICH2,-0.067,77,all
ERICH3,0.0871,1208,all
ERICH4,-0.0622,1090,all
ERICH5,-0.0911,1208,all
ERICH6,-0.1043,1208,all
ERICH6B,0.1586,1208,all
ERLEC1,-0.0792,1208,all
ERLIN1,-0.0685,1208,all
ERLIN2,-0.027,1208,all
ERLN,-0.0343,1208,all
ERMAP,-0.0469,1208,all
ERMARD,0.0389,1208,all
ERMN,-0.0496,1208,all
ERMP1,0.0205,1208,all
ERN1,0.053,1208,all
ERN2,-0.0491,1208,all
ERO1A,0.0177,1208,all
ERO1B,0.0372,1208,all
ERP27,0.0886,1208,all
ERP29,-0.0142,1208,all
ERP44,-0.0592,1208,all
ERRFI1,0.085,1208,all
ERV3-1,-0.0784,1208,all
ERVFRD-1,0.0184,1208,all
ERVH48-1,0.174,70,all
ERVW-1,-0.4472,1090,all
ESAM,0.1423,1208,all
ESCO1,0.0214,1208,all
ESCO2,-0.262,1208,all
ESD,0.059,1208,all
ESF1,-0.8235,1208,all
ESM1,0.124,1208,all
ESPL1,-2.3674,1208,all
ESPN,-0.0659,1208,all
ESPNL,-0.0458,1208,all
ESR1,-0.0529,1208,all
ESR2,0.0031,1208,all
ESRP1,0.0353,1208,all
ESRP2,-0.119,1208,all
ESRRA,-0.2931,1208,all
ESRRB,0.0242,1208,all
ESRRG,-0.039,1208,all
ESS2,-0.9283,1208,all
ESX1,0.0031,1208,all
ESYT1,-0.1644,1208,all
ESYT2,0.0599,1208,all
ESYT3,0.0241,1208,all
ETAA1,-0.1059,1208,all
ETDC,0.3417,70,all
ETF1,-2.1871,1208,all
ETFA,0.0688,1208,all
ETFB,-0.0515,1208,all
ETFBKMT,0.0025,1208,all
ETFDH,0.0888,1208,all
ETFRF1,0.0235,1090,all
ETHE1,0.012,1208,all
ETNK1,-0.0993,383,all
ETNK2,-0.045,1208,all
ETNPPL,-0.0634,1208,all
ETS1,0.0747,1208,all
ETS2,0.0963,1208,all
ETV1,0.1049,1208,all
ETV2,-0.0249,1208,all
ETV3,-0.0878,1208,all
ETV3L,-0.0471,1208,all
ETV4,-0.0389,1208,all
ETV5,-0.0028,1208,all
ETV6,-0.0029,1208,all
ETV7,-0.0129,1208,all
EVA1A,-0.0158,1208,all
EVA1B,-0.0316,1208,all
EVA1C,-0.08,1208,all
EVC,0.0885,1208,all
EVC2,0.1354,1208,all
EVI2A,0.0021,1208,all
EVI2B,0.0236,1208,all
EVI5,-0.117,1208,all
EVI5L,-0.1205,1208,all
EVL,0.0308,1208,all
EVPL,-0.0209,1208,all
EVPLL,-0.0009,1208,all
EVX1,0.0642,1208,all
EVX2,0.0007,1208,all
EWSR1,-1.1573,1208,all
EXD1,-0.0106,1208,all
EXD2,0.1017,1208,all
EXD3,0.0673,1208,all
EXO1,-0.1294,1208,all
EXO5,-0.0299,1208,all
EXOC1,-0.5196,1208,all
EXOC1L,-0.0713,70,all
EXOC2,-0.3912,1208,all
EXOC3,-0.6249,1208,all
EXOC3L1,-0.0564,1208,all
EXOC3L2,0.0053,1208,all
EXOC3L4,-0.0134,1208,all
EXOC4,-0.4141,1208,all
EXOC5,-0.5098,1208,all
EXOC6,-0.0369,1208,all
EXOC6B,-0.077,1208,all
EXOC7,-0.3887,1208,all
EXOC8,-0.4084,1208,all
EXOG,-0.0178,1208,all
EXOSC1,-0.6192,1208,all
EXOSC10,-0.7083,1208,all
EXOSC2,-1.223,1208,all
EXOSC3,-1.0649,1208,all
EXOSC4,-1.4502,1208,all
EXOSC5,-0.7857,1208,all
EXOSC6,-1.5482,1208,all
EXOSC7,-0.8747,1208,all
EXOSC8,-1.3105,1208,all
EXOSC9,-0.7532,1208,all
EXPH5,0.0864,1208,all
EXT1,-0.2625,1208,all
EXT2,-0.226,1208,all
EXTL1,-0.1814,1208,all
EXTL2,-0.213,1208,all
EXTL3,-0.1677,1208,all
EYA1,0.1087,1208,all
EYA2,0.056,1208,all
EYA3,-0.1095,1208,all
EYA4,0.1198,1208,all
EYS,0.0665,1208,all
EZH1,-0.1343,1208,all
EZH2,-0.049,1208,all
EZHIP,0.1791,74,all
EZR,0.0231,1208,all
F10,0.118,1208,all
F11,0.0108,1208,all
F11R,-0.168,1208,all
F12,-0.0068,1208,all
F13A1,0.0812,1208,all
F13B,0.004,1208,all
F2,-0.1526,1208,all
F2R,-0.1091,1208,all
F2RL1,0.0607,1208,all
F2RL2,0.1035,1208,all
F2RL3,0.1324,1208,all
F3,-0.2159,1208,all
F5,0.0061,1208,all
F7,-0.0182,1208,all
F8,0.069,1208,all
F9,0.0416,1208,all
FA2H,-0.0489,1208,all
FAAH,-0.1415,1208,all
FAAH2,0.129,1208,all
FAAP100,-0.3318,1208,all
FAAP20,-0.3117,1208,all
FAAP24,-0.2694,1208,all
FABP1,-0.0498,1208,all
FABP12,0.0655,1208,all
FABP2,0.0341,1208,all
FABP3,-0.0181,1208,all
FABP4,0.0685,1208,all
FABP6,0.1101,1208,all
FABP7,0.0479,1208,all
FADD,-0.2851,1208,all
FADS1,-0.0197,1208,all
FADS2,-0.0841,1208,all
FADS3,-0.0457,1208,all
FADS6,-0.0943,1208,all
FAF1,-0.0986,1208,all
FAF2,-0.6134,1208,all
FAH,0.002,1208,all
FAHD1,-0.007,1208,all
FAHD2A,-0.3755,1208,all
FAHD2B,-0.2172,1165,all
FAIM,-0.1653,1208,all
FAIM2,0.017,1208,all
FAM107A,-0.094,1208,all
FAM107B,0.1393,1208,all
FAM110A,0.1129,1208,all
FAM110B,-0.0364,1208,all
FAM110C,-0.0199,1208,all
FAM110D,-0.1541,1208,all
FAM111A,0.0484,1208,all
FAM111B,0.0042,1208,all
FAM114A1,0.007,1208,all
FAM114A2,0.015,1208,all
FAM117A,-0.17,1208,all
FAM117B,-0.0926,1208,all
FAM118A,0.0782,1208,all
FAM118B,0.0692,1208,all
FAM120A,-0.2182,1208,all
FAM120AOS,-0.0382,1165,all
FAM120B,0.0999,1208,all
FAM120C,-0.0012,1208,all
FAM124A,-0.0142,1208,all
FAM124B,-0.0176,1208,all
FAM131A,-0.0267,1208,all
FAM131B,0.0404,1208,all
FAM131C,-0.1421,1208,all
FAM133A,0.038,1208,all
FAM133B,-1.1551,1208,all
FAM135A,0.048,1208,all
FAM135B,-0.1045,1208,all
FAM136A,-0.5849,1208,all
FAM13A,0.0613,1208,all
FAM13B,0.0004,1208,all
FAM13C,0.0413,1208,all
FAM149A,0.0858,1208,all
FAM149B1,0.0291,1208,all
FAM151A,-0.0465,1208,all
FAM151B,0.0128,1208,all
FAM153A,0.0171,1208,all
FAM161A,-0.087,1208,all
FAM161B,-0.107,1208,all
FAM162A,-0.0793,1208,all
FAM162B,-0.0636,1208,all
FAM163A,0.0259,1208,all
FAM163B,0.0454,1208,all
FAM167A,-0.0104,1208,all
FAM167B,-0.0421,1208,all
FAM168A,-0.1446,1208,all
FAM168B,-0.0419,1208,all
FAM169A,-0.072,1208,all
FAM170A,-0.0014,1208,all
FAM170B,0.0658,1208,all
FAM171A1,0.0389,1208,all
FAM171A2,-0.1697,1208,all
FAM171B,-0.1085,1208,all
FAM174A,-0.003,1208,all
FAM174B,0.0547,1208,all
FAM174C,-0.119,1208,all
FAM177A1,-0.1038,1208,all
FAM177B,-0.0255,1208,all
FAM178B,-0.0715,1208,all
FAM180A,0.0498,1208,all
FAM180B,-0.1475,77,all
FAM181A,-0.1043,1208,all
FAM181B,0.1052,1208,all
FAM184A,0.051,1208,all
FAM184B,0.1971,1208,all
FAM185A,-0.2059,1208,all
FAM186A,-0.1803,1208,all
FAM186B,-0.0432,1208,all
FAM187A,-0.0057,70,all
FAM187B,-0.0301,1208,all
FAM193A,0.0417,1208,all
FAM193B,-0.0807,1208,all
FAM199X,0.0809,1208,all
FAM200A,-0.0719,1208,all
FAM200B,-0.1304,1208,all
FAM200C,0.0,1208,all
FAM204A,-0.1152,1208,all
FAM209A,0.0423,1208,all
FAM209B,-0.0257,1208,all
FAM20A,-0.081,1208,all
FAM20B,-0.0772,1208,all
FAM20C,-0.0125,1208,all
FAM210A,-0.3596,1208,all
FAM210B,0.0766,1208,all
FAM216A,0.003,1208,all
FAM216B,0.1072,1208,all
FAM217A,0.0919,1208,all
FAM217B,0.0369,1208,all
FAM219A,-0.2792,1208,all
FAM219B,-0.0092,1208,all
FAM220A,-0.1157,1208,all
FAM221A,0.0598,1208,all
FAM221B,0.0037,1208,all
FAM222A,-0.0462,1208,all
FAM222B,-0.1791,1208,all
FAM227A,-0.0619,77,all
FAM227B,0.0012,1208,all
FAM228A,-0.022,1208,all
FAM228B,0.1417,77,all
FAM229A,-0.3249,1208,all
FAM229B,0.0411,1208,all
FAM234A,0.0121,1208,all
FAM234B,-0.048,1208,all
FAM237A,0.3675,74,all
FAM240A,0.1739,74,all
FAM241A,0.0615,1208,all
FAM241B,0.1101,1208,all
FAM24A,0.0685,1208,all
FAM24B,0.0905,1208,all
FAM25A,-0.2457,1165,all
FAM32A,-0.6723,1208,all
FAM3A,0.0593,1208,all
FAM3B,0.1075,1208,all
FAM3C,0.176,1208,all
FAM3D,0.0337,1208,all
FAM43A,0.0493,1208,all
FAM43B,0.0399,1208,all
FAM47A,0.0848,1208,all
FAM47B,0.1087,1208,all
FAM47C,0.0034,1208,all
FAM47E,0.0198,1208,all
FAM50A,-0.6946,1208,all
FAM50B,0.1,1208,all
FAM53A,-0.0724,1208,all
FAM53B,-0.0036,1208,all
FAM53C,-0.0861,1208,all
FAM76A,-0.0661,1208,all
FAM76B,-0.0748,1208,all
FAM78A,-0.034,1208,all
FAM78B,-0.0037,1208,all
FAM81A,0.0363,1208,all
FAM81B,0.0148,1208,all
FAM83A,-0.0605,1208,all
FAM83B,0.1017,1208,all
FAM83C,-0.2465,1208,all
FAM83D,-0.1095,1208,all
FAM83E,-0.2341,1208,all
FAM83F,0.1098,1208,all
FAM83G,-0.0323,1208,all
FAM83H,-0.0925,1208,all
FAM86B2,-0.0198,1047,all
FAM89A,0.0457,1208,all
FAM89B,-0.2216,1208,all
FAM8A1,-0.0235,1208,all
FAM90A1,0.0845,383,all
FAM91A1,-0.1994,1208,all
FAM98A,-0.002,1208,all
FAM98B,-0.3789,1208,all
FAM98C,-0.1733,1208,all
FAM9A,-0.0326,1208,all
FAM9B,0.1112,1208,all
FAM9C,0.0923,1208,all
FAN1,-0.0067,1208,all
FANCA,-0.2588,1208,all
FANCB,0.1284,1208,all
FANCC,-0.1995,1208,all
FANCD2,-0.2813,1208,all
FANCD2OS,0.0759,1208,all
FANCE,-0.2019,1208,all
FANCF,-0.2975,1208,all
FANCG,-0.0905,1208,all
FANCI,-0.2994,1208,all
FANCL,-0.2603,1208,all
FANCM,-0.4203,1208,all
FANK1,0.0113,1208,all
FAP,-0.0028,1208,all
FAR1,-0.0179,1208,all
FAR2,-0.1966,1208,all
FARP1,0.0565,1208,all
FARP2,0.0783,1208,all
FARS2,-0.5559,1208,all
FARSA,-0.891,1208,all
FARSB,-2.429,1208,all
FAS,-0.1271,1208,all
FASLG,0.0219,1208,all
FASN,-0.3008,1208,all
FASTK,0.0434,1208,all
FASTKD1,-0.0305,1208,all
FASTKD2,0.083,1208,all
FASTKD3,0.0368,1208,all
FASTKD5,-0.3579,1208,all
FAT1,0.0704,1208,all
FAT2,0.0574,1208,all
FAT3,0.1029,77,all
FAT4,-0.0369,1208,all
FATE1,0.0507,1208,all
FAU,-3.0022,1208,all
FAXC,-0.0304,1208,all
FAXDC2,0.0963,1208,all
FBF1,-0.0656,1208,all
FBH1,0.0023,1208,all
FBL,-1.2876,1208,all
FBLIM1,-0.4739,1208,all
FBLL1,0.1225,73,all
FBLN1,-0.0193,1208,all
FBLN2,0.0342,1208,all
FBLN5,0.0205,1208,all
FBLN7,-0.0957,1208,all
FBN1,0.0271,1208,all
FBN2,0.0442,1208,all
FBN3,-0.1675,1208,all
FBP1,-0.1064,1208,all
FBP2,-0.0806,1208,all
FBRS,-0.1364,77,all
FBRSL1,-0.0299,1208,all
FBXL12,-0.1056,1208,all
FBXL13,0.0326,1208,all
FBXL14,-0.0145,1208,all
FBXL15,-0.0775,1208,all
FBXL16,-0.0486,1208,all
FBXL17,-0.0045,1208,all
FBXL18,-0.1486,1208,all
FBXL19,-0.0953,1208,all
FBXL2,-0.0294,1208,all
FBXL20,-0.0012,1208,all
FBXL22,-0.0243,1208,all
FBXL3,-0.0187,1208,all
FBXL4,-0.0233,1208,all
FBXL5,0.0121,1208,all
FBXL6,-0.2008,1208,all
FBXL7,0.0801,1208,all
FBXL8,-0.0726,1208,all
FBXO10,0.0264,1208,all
FBXO11,-0.1959,1208,all
FBXO15,0.0628,1208,all
FBXO16,0.1165,1208,all
FBXO17,0.0164,1208,all
FBXO2,-0.0051,1208,all
FBXO21,-0.1195,1208,all
FBXO22,-0.1116,1208,all
FBXO24,0.0094,1208,all
FBXO25,0.0129,1208,all
FBXO27,0.0946,1208,all
FBXO28,-0.2112,1208,all
FBXO3,-0.1298,1208,all
FBXO30,0.1248,1208,all
FBXO31,-0.0035,1208,all
FBXO32,0.1169,1208,all
FBXO33,-0.0525,1208,all
FBXO34,0.0225,1208,all
FBXO36,-0.1569,1208,all
FBXO38,0.0589,1208,all
FBXO39,0.046,1208,all
FBXO4,-0.004,1208,all
FBXO40,-0.0165,1208,all
FBXO41,-0.1467,1208,all
FBXO42,-0.1586,1208,all
FBXO43,-0.1115,1208,all
FBXO44,-0.0474,1208,all
FBXO45,0.0384,1208,all
FBXO46,-0.0189,1208,all
FBXO47,-0.1347,1208,all
FBXO48,-0.0165,1208,all
FBXO5,-1.2077,1208,all
FBXO6,-0.0147,1208,all
FBXO7,-0.1455,1208,all
FBXO8,0.1547,1208,all
FBXO9,-0.1165,1208,all
FBXW10,0.0478,1165,all
FBXW10B,-0.0795,1047,all
FBXW11,-0.4789,1208,all
FBXW12,-0.1813,1208,all
FBXW2,0.0411,1208,all
FBXW4,-0.0774,1208,all
FBXW5,-0.0353,1208,all
FBXW7,-0.0055,1208,all
FBXW8,-0.0232,1208,all
FBXW9,-0.1405,1208,all
FCAMR,0.0329,1208,all
FCAR,0.137,1208,all
FCER1A,-0.0019,1208,all
FCER1G,-0.0141,1208,all
FCER2,0.0156,1208,all
FCF1,-1.4815,1208,all
FCGR1A,-0.7679,380,all
FCGR2A,-0.0048,1208,all
FCGR2B,-0.1924,1208,all
FCGR3A,0.1087,1165,all
FCGR3B,0.1943,1047,all
FCGRT,0.0324,1208,all
FCHO1,-0.1499,1208,all
FCHO2,-0.1558,1208,all
FCHSD1,0.0505,1208,all
FCHSD2,-0.0445,1208,all
FCMR,-0.0447,1208,all
FCN1,0.0553,1208,all
FCN2,-0.1114,1208,all
FCN3,0.0532,1208,all
FCRL1,0.0253,1208,all
FCRL2,0.0567,1208,all
FCRL3,-0.0792,1208,all
FCRL4,-0.0936,1208,all
FCRL5,0.0219,1208,all
FCRL6,-0.0514,1208,all
FCRLA,0.1408,1208,all
FCRLB,0.0058,1208,all
FCSK,0.0259,1208,all
FDCSP,0.0434,1208,all
FDFT1,-0.1686,1208,all
FDPS,-0.8028,1208,all
FDX1,-0.3224,1208,all
FDX2,-0.6022,1208,all
FDXACB1,0.0076,1208,all
FDXR,-0.7078,1208,all
FECH,-0.4887,1208,all
FEM1A,-0.1942,1208,all
FEM1B,-0.1226,1208,all
FEM1C,-0.0858,1208,all
FEN1,-0.9841,1208,all
FER,0.0013,1208,all
FER1L5,-0.1977,74,all
FER1L6,0.0452,1208,all
FERD3L,0.0081,1208,all
FERMT1,-0.0897,1208,all
FERMT2,-0.6896,1208,all
FERMT3,-0.1732,1208,all
FERRY3,0.0582,1208,all
FES,-0.0625,1208,all
FETUB,-0.1093,1208,all
FEV,-0.0609,1208,all
FEZ1,0.102,1208,all
FEZ2,0.0522,1208,all
FEZF1,0.1123,1208,all
FEZF2,-0.0264,1208,all
FFAR1,-0.0425,1208,all
FFAR2,-0.2181,1208,all
FFAR4,-0.0927,1208,all
FGA,0.0054,1208,all
FGB,0.1408,1208,all
FGD1,0.0162,1208,all
FGD2,-0.0722,1208,all
FGD3,0.0077,1208,all
FGD4,-0.0238,1208,all
FGD5,-0.1539,1208,all
FGD6,-0.115,1208,all
FGF1,-0.0126,1208,all
FGF10,0.0553,1208,all
FGF11,-0.0782,1208,all
FGF12,0.0829,1208,all
FGF13,-0.0001,1208,all
FGF14,0.0211,1208,all
FGF16,0.1665,74,all
FGF17,0.0825,1208,all
FGF18,0.0764,1208,all
FGF19,-0.0738,1208,all
FGF2,0.0579,1208,all
FGF20,-0.0003,1208,all
FGF21,-0.0627,1208,all
FGF22,0.0611,1208,all
FGF23,0.082,1208,all
FGF3,0.0117,1208,all
FGF4,0.0312,1208,all
FGF5,-0.0123,1208,all
FGF6,-0.0486,1208,all
FGF7,0.0562,1165,all
FGF8,0.0131,1208,all
FGF9,0.0179,1208,all
FGFBP1,0.1091,1208,all
FGFBP2,0.083,1208,all
FGFBP3,-0.1062,1208,all
FGFR1,-0.1842,1208,all
FGFR1OP2,-0.3161,1208,all
FGFR2,-0.0681,1208,all
FGFR3,0.0459,1208,all
FGFR4,-0.0034,1208,all
FGFRL1,0.024,1208,all
FGG,-0.1222,1208,all
FGGY,0.121,1208,all
FGL1,0.0161,1208,all
FGL2,-0.0156,1208,all
FGR,-0.0285,1208,all
FH,-0.2885,1208,all
FHAD1,0.0957,77,all
FHDC1,0.0968,1208,all
FHIP1A,0.0654,1208,all
FHIP1B,0.1476,1208,all
FHIP2A,0.0604,1208,all
FHIP2B,0.0089,1208,all
FHIT,0.0269,1208,all
FHL1,0.1168,1208,all
FHL2,-0.0074,1208,all
FHL3,0.0201,1208,all
FHL5,0.1039,1208,all
FHOD1,0.0248,1208,all
FHOD3,0.0542,1208,all
FIBCD1,-0.0909,1208,all
FIBIN,-0.1019,1208,all
FIBP,-0.0765,1208,all
FICD,-0.0509,1208,all
FIG4,-0.1457,1208,all
FIGLA,-0.1023,1208,all
FIGN,0.0817,1208,all
FIGNL1,-0.0992,1208,all
FIGNL2,0.0743,74,all
FILIP1,0.0091,1208,all
FILIP1L,0.037,1208,all
FIP1L1,-0.8987,1208,all
FIRRM,-0.0682,1208,all
FIS1,-0.3835,1208,all
FITM1,-0.0427,1208,all
FITM2,-0.0317,1208,all
FIZ1,0.0173,1208,all
FJX1,-0.0486,1208,all
FKBP10,-0.1219,1208,all
FKBP11,-0.0381,1208,all
FKBP14,0.1013,1208,all
FKBP15,0.0426,1208,all
FKBP1A,-0.3323,1047,all
FKBP1B,0.2021,1208,all
FKBP2,-0.0547,1208,all
FKBP3,0.0319,1208,all
FKBP4,-0.0639,1208,all
FKBP5,0.0334,1208,all
FKBP6,0.2984,383,all
FKBP7,0.0111,1208,all
FKBP8,-0.2343,1208,all
FKBP9,-0.0942,1208,all
FKBPL,-0.1187,1208,all
FKRP,-0.0075,1208,all
FKTN,0.0243,1208,all
FLACC1,0.0119,1208,all
FLAD1,-0.0598,1208,all
FLCN,-0.1583,1208,all
FLG,0.0749,1208,all
FLG2,-0.0235,1208,all
FLI1,-0.0869,1208,all
FLII,-0.4022,1208,all
FLNA,0.0553,1208,all
FLNB,-0.0597,1208,all
FLNC,-0.0929,1208,all
FLOT1,-0.1655,1208,all
FLOT2,-0.1191,1208,all
FLRT1,-0.127,1208,all
FLRT2,0.1047,1208,all
FLRT3,0.1344,1208,all
FLT1,0.0274,1208,all
FLT3,-0.1466,1208,all
FLT3LG,-0.1119,1208,all
FLT4,0.0236,1208,all
FLVCR1,-0.025,1208,all
FLVCR2,-0.023,1208,all
FLYWCH1,-0.1298,1208,all
FLYWCH2,-0.1124,1208,all
FMC1,-0.038,1208,all
FMN1,0.0777,1208,all
FMN2,0.0396,1208,all
FMNL1,-0.2142,1208,all
FMNL2,0.0866,1208,all
FMNL3,-0.0346,1208,all
FMO1,-0.2222,1208,all
FMO2,0.0709,1208,all
FMO3,0.0324,1208,all
FMO4,0.0364,1208,all
FMO5,0.0081,1208,all
FMOD,0.122,1208,all
FMR1,0.0866,1208,all
FMR1NB,0.0325,1208,all
FN1,0.0481,1208,all
FN3K,-0.0322,1208,all
FN3KRP,-0.0083,1208,all
FNBP1,-0.0702,1208,all
FNBP1L,0.0197,1208,all
FNBP4,-0.5623,1208,all
FNDC1,-0.0226,1208,all
FNDC10,-0.1801,1208,all
FNDC11,-0.0582,1208,all
FNDC3A,0.0173,1208,all
FNDC3B,-0.0418,1208,all
FNDC4,0.0145,1208,all
FNDC5,-0.0312,1208,all
FNDC7,-0.1183,1208,all
FNDC8,-0.0708,1208,all
FNDC9,0.0182,1208,all
FNIP1,-0.0222,1208,all
FNIP2,-0.02,1208,all
FNTA,-0.8371,1208,all
FNTB,-0.962,1208,all
FOCAD,0.046,1208,all
FOLH1,-0.1715,1208,all
FOLR1,0.013,1208,all
FOLR2,0.036,383,all
FOLR3,0.0076,77,all
FOS,-0.0625,1208,all
FOSB,-0.1263,1208,all
FOSL1,-0.3612,1208,all
FOSL2,-0.1727,1208,all
FOXA1,-0.17,1208,all
FOXA2,-0.1228,1208,all
FOXA3,-0.049,1208,all
FOXB1,0.0582,1208,all
FOXB2,-0.037,1208,all
FOXC1,0.039,1208,all
FOXC2,-0.1889,1208,all
FOXD1,0.2085,77,all
FOXD2,-0.0428,1208,all
FOXD3,-0.0744,1208,all
FOXD4,-0.9184,1165,all
FOXD4L5,-0.0742,1047,all
FOXE1,-0.0295,1208,all
FOXE3,-0.0044,1208,all
FOXF1,0.0132,1208,all
FOXF2,0.0645,1208,all
FOXG1,-0.0443,1208,all
FOXH1,-0.0295,1208,all
FOXI1,0.1412,1208,all
FOXI2,0.0213,1208,all
FOXI3,0.0921,74,all
FOXJ1,-0.0126,1208,all
FOXJ2,-0.0693,1208,all
FOXJ3,-0.0653,1208,all
FOXK1,-0.2417,1208,all
FOXK2,-0.0002,1208,all
FOXL1,0.0079,1208,all
FOXL2,-0.2473,1208,all
FOXL2NB,-0.0279,1208,all
FOXL3,0.1725,74,all
FOXM1,-0.2841,1208,all
FOXN1,-0.1701,1208,all
FOXN2,-0.0272,1208,all
FOXN3,-0.0086,1208,all
FOXN4,-0.1832,1208,all
FOXO1,-0.1071,1208,all
FOXO3,-0.3407,1090,all
FOXO3B,-0.1846,1165,all
FOXO4,-0.0412,1208,all
FOXP1,0.0264,1208,all
FOXP2,-0.0018,1208,all
FOXP3,0.0868,1208,all
FOXP4,-0.0546,1208,all
FOXQ1,0.0961,1208,all
FOXR1,0.026,1208,all
FOXR2,0.0362,1208,all
FOXRED1,-0.2439,1208,all
FOXRED2,-0.1445,1208,all
FOXS1,-0.0836,1208,all
FPGS,-0.564,1208,all
FPGT,0.0027,1208,all
FPR1,0.0992,1208,all
FPR2,0.049,1208,all
FPR3,0.0431,1208,all
FRA10AC1,0.0273,1208,all
FRAS1,0.106,1208,all
FRAT1,-0.1081,1208,all
FRAT2,-0.1757,1208,all
FREM1,0.0372,1208,all
FREM2,-0.0267,1208,all
FREM3,-0.0756,1208,all
FREY1,-0.0631,1208,all
FRG1,-0.2407,1165,all
FRG2B,-0.1362,1047,all
FRG2C,-0.2597,1090,all
FRK,0.001,1208,all
FRMD1,0.073,1208,all
FRMD3,0.1408,1208,all
FRMD4A,0.048,1208,all
FRMD4B,0.0214,1208,all
FRMD5,-0.0611,1208,all
FRMD6,0.0169,1208,all
FRMD7,-0.011,1208,all
FRMD8,0.0713,1208,all
FRMPD1,-0.0553,1208,all
FRMPD2,-0.0213,1208,all
FRMPD3,-0.0221,74,all
FRMPD4,0.0529,1208,all
FRRS1,-0.0623,383,all
FRRS1L,0.0313,1208,all
FRS2,-0.0956,1208,all
FRS3,-0.172,1208,all
FRY,-0.0019,1208,all
FRYL,0.103,1208,all
FRZB,-0.0455,1208,all
FSAF1,-0.6504,1208,all
FSBP,0.019,1208,all
FSCB,-0.0302,1208,all
FSCN1,-0.1276,1208,all
FSCN2,-0.1988,1208,all
FSCN3,0.0108,1208,all
FSD1,-0.0126,1208,all
FSD1L,0.0515,1208,all
FSD2,0.0476,1208,all
FSHB,0.1863,1208,all
FSHR,0.0609,1208,all
FSIP1,0.029,1208,all
FSIP2,-0.0525,1208,all
FST,-0.0456,1208,all
FSTL1,0.0458,1208,all
FSTL3,0.0841,1208,all
FSTL4,0.017,1208,all
FSTL5,0.0438,1208,all
FTCD,-0.1749,1208,all
FTCDNL1,0.1141,73,all
FTH1,-0.5234,1047,all
FTHL17,-0.0359,1208,all
FTL,0.0121,1208,all
FTMT,-0.0847,1208,all
FTO,-0.0082,1208,all
FTSJ1,-0.0132,1208,all
FTSJ3,-0.775,1208,all
FUBP1,-0.192,1208,all
FUBP3,0.0858,1208,all
FUCA1,-0.1058,1208,all
FUCA2,-0.0186,1208,all
FUNDC1,0.0241,1208,all
FUNDC2,-0.0293,1208,all
FUOM,0.0423,1208,all
FURIN,-0.2127,1208,all
FUS,-0.0594,1208,all
FUT1,-0.0772,1208,all
FUT10,0.0432,1208,all
FUT11,-0.16,1208,all
FUT2,-0.1495,1208,all
FUT3,-0.0153,1208,all
FUT4,-0.1162,1208,all
FUT5,-0.072,1208,all
FUT6,-0.0321,1208,all
FUT7,-0.0202,1208,all
FUT8,0.1126,1208,all
FUT9,0.1106,1208,all
FUZ,-0.003,1208,all
FXN,-0.6224,1208,all
FXR1,0.0061,1208,all
FXR2,0.0124,1208,all
FXYD1,-0.0734,1208,all
FXYD2,0.034,1208,all
FXYD3,-0.0175,1208,all
FXYD4,0.0139,1208,all
FXYD5,-0.0125,1208,all
FXYD6,0.0838,1208,all
FXYD7,0.0557,1208,all
FYB1,0.0864,1208,all
FYB2,-0.0083,1208,all
FYCO1,-0.0071,1208,all
FYN,0.0207,1208,all
FYTTD1,-0.0455,1208,all
FZD1,0.0061,1208,all
FZD10,0.0567,1208,all
FZD2,-0.0602,1208,all
FZD3,-0.0114,1208,all
FZD4,0.0716,1208,all
FZD5,-0.128,1208,all
FZD6,0.1289,1208,all
FZD7,0.0805,1208,all
FZD8,-0.0252,1208,all
FZD9,-0.0934,1208,all
FZR1,-0.1866,1208,all
G0S2,0.055,1165,all
G2E3,-0.0192,1208,all
G3BP1,-0.06,1208,all
G3BP2,-0.066,1208,all
G6PC1,-0.1348,1208,all
G6PC2,0.0276,1208,all
G6PC3,-0.0437,1208,all
G6PD,-0.1448,1208,all
GAA,-0.0531,1208,all
GAB1,-0.1562,1208,all
GAB2,-0.1957,1208,all
GAB3,0.0756,1208,all
GAB4,-0.1818,1208,all
GABARAP,-0.1591,1208,all
GABARAPL1,0.028,1208,all
GABARAPL2,0.0304,1208,all
GABBR1,-0.0318,1208,all
GABBR2,-0.0126,1208,all
GABPA,-0.7034,1208,all
GABPB1,-0.4735,1208,all
GABPB2,-0.2603,1208,all
GABRA1,0.0893,1208,all
GABRA2,0.0392,1208,all
GABRA3,0.2756,1208,all
GABRA4,0.0127,1208,all
GABRA5,-0.0978,1208,all
GABRA6,0.0379,1208,all
GABRB1,0.0427,1208,all
GABRB2,0.0126,1208,all
GABRB3,-0.0089,1208,all
GABRD,-0.0642,1208,all
GABRE,0.1356,1208,all
GABRG1,0.1009,1208,all
GABRG2,0.1036,1208,all
GABRG3,0.1097,1208,all
GABRP,0.0293,1208,all
GABRQ,0.0495,1208,all
GABRR1,0.0158,1208,all
GABRR2,0.04,1208,all
GABRR3,0.3719,74,all
GAD1,-0.0735,1208,all
GAD2,0.1788,1208,all
GADD45A,0.086,1208,all
GADD45B,-0.0692,1208,all
GADD45G,-0.0302,1208,all
GADD45GIP1,-0.2541,1208,all
GADL1,0.1142,1208,all
GAGE12H,-0.0781,1046,all
GAK,-0.4482,1208,all
GAL,-0.1536,1208,all
GAL3ST1,-0.0647,1208,all
GAL3ST2,-0.0145,1208,all
GAL3ST3,-0.0013,1208,all
GAL3ST4,-0.1821,1208,all
GALC,-0.0628,1208,all
GALE,-0.1985,1208,all
GALK1,-0.1527,1208,all
GALK2,-0.0902,1208,all
GALM,-0.0391,1208,all
GALNS,0.011,1208,all
GALNT1,0.0348,1208,all
GALNT10,0.0019,1208,all
GALNT11,0.0797,1208,all
GALNT12,-0.0323,1208,all
GALNT13,0.103,1208,all
GALNT14,-0.0115,1208,all
GALNT15,0.018,1208,all
GALNT16,-0.0733,1208,all
GALNT17,0.0548,1208,all
GALNT18,-0.0017,1208,all
GALNT2,-0.0477,1208,all
GALNT3,0.0578,1208,all
GALNT4,-0.0769,1208,all
GALNT5,0.0253,1208,all
GALNT6,-0.0723,1208,all
GALNT7,0.0983,1208,all
GALNT8,0.0364,1208,all
GALNT9,-0.06,1208,all
GALNTL5,-0.0146,1208,all
GALNTL6,0.0008,1208,all
GALP,-0.291,1208,all
GALR1,0.0929,1208,all
GALR2,-0.0122,1208,all
GALR3,0.0213,1208,all
GALT,-0.0239,1208,all
GAMT,-0.0923,1208,all
GAN,-0.059,1208,all
GANAB,-0.2323,1208,all
GANC,-0.0021,1208,all
GAP43,0.1658,1208,all
GAPDH,-1.5426,1208,all
GAPDHS,0.0111,1208,all
GAPT,-0.0507,1208,all
GAPVD1,-0.0622,1208,all
GAR1,-0.5468,1208,all
GAREM1,-0.0205,1208,all
GAREM2,-0.0905,1208,all
GARIN1A,-0.105,1208,all
GARIN1B,0.1266,1208,all
GARIN2,0.1438,1208,all
GARIN3,-0.0306,1208,all
GARIN4,-0.0103,1208,all
GARIN5A,0.0846,1208,all
GARIN6,0.0402,1208,all
GARNL3,0.0337,1208,all
GARRE1,-0.0102,1208,all
GARS1,-1.181,1208,all
GART,-0.3848,1208,all
GAS1,-0.1768,1208,all
GAS2,0.0079,1208,all
GAS2L1,0.0869,1208,all
GAS2L2,-0.2599,1208,all
GAS2L3,0.1057,1208,all
GAS6,-0.0846,1208,all
GAS7,-0.0533,1208,all
GAS8,-0.0169,1208,all
GASK1A,-0.063,1208,all
GASK1B,-0.0557,1208,all
GAST,0.0445,1208,all
GATA1,0.0066,1208,all
GATA2,0.0307,1208,all
GATA3,-0.1475,1208,all
GATA4,0.0673,1208,all
GATA5,-0.0306,1208,all
GATA6,0.0285,1208,all
GATAD1,-0.2266,1208,all
GATAD2A,-0.3811,1208,all
GATAD2B,-0.1452,1208,all
GATB,-0.3109,1208,all
GATC,-0.3106,1208,all
GATD1,-0.0864,1208,all
GATD3,-0.0781,1208,all
GATM,-0.0481,1208,all
GBA1,-0.0618,1208,all
GBA2,-0.0338,1208,all
GBE1,-0.0113,1208,all
GBF1,-1.0173,1208,all
GBGT1,-0.0403,1208,all
GBP1,-0.0516,1208,all
GBP2,-0.0339,1208,all
GBP3,-0.0824,1208,all
GBP4,-0.1133,1208,all
GBP5,-0.151,1208,all
GBP6,-0.035,1208,all
GBP7,0.0684,1208,all
GBX1,0.0624,1208,all
GBX2,-0.094,1208,all
GC,0.0872,1208,all
GCA,0.0515,1208,all
GCAT,-0.0836,1208,all
GCC1,-0.0101,1208,all
GCC2,0.0234,1208,all
GCDH,0.0369,1208,all
GCFC2,-0.0752,1208,all
GCG,0.1064,1208,all
GCGR,0.0442,1208,all
GCH1,-0.0838,1208,all
GCHFR,-0.0211,1208,all
GCK,0.058,1208,all
GCKR,0.0521,1208,all
GCLC,-0.0835,1208,all
GCLM,-0.06,1208,all
GCM1,0.0038,1208,all
GCM2,0.0183,1208,all
GCN1,-0.5359,1208,all
GCNA,-0.0667,1165,all
GCNT1,0.0626,1208,all
GCNT2,0.0753,1208,all
GCNT3,-0.08,1208,all
GCNT4,0.014,1208,all
GCSAM,0.0171,1208,all
GCSAML,-0.0725,1208,all
GCSH,-0.4721,1208,all
GDA,0.0361,1208,all
GDAP1,-0.0546,1208,all
GDAP1L1,0.072,1208,all
GDAP2,-0.0594,1208,all
GDE1,-0.1358,1208,all
GDF1,-0.1916,1208,all
GDF10,0.0234,1208,all
GDF11,-0.0991,1208,all
GDF15,0.0843,1208,all
GDF2,-0.0547,1208,all
GDF3,-0.0075,1208,all
GDF5,-0.0706,1208,all
GDF6,0.0274,1208,all
GDF7,0.0404,1208,all
GDF9,-0.0533,1208,all
GDI1,0.1352,1208,all
GDI2,-0.0974,1208,all
GDNF,0.001,1208,all
GDPD1,-0.0868,1208,all
GDPD2,-0.0058,1208,all
GDPD3,-0.0237,1208,all
GDPD4,0.0014,1208,all
GDPD5,-0.0783,1208,all
GDPGP1,0.0795,1208,all
GEM,0.118,1208,all
GEMIN2,-0.7299,1208,all
GEMIN4,-0.7114,1208,all
GEMIN5,-1.7878,1208,all
GEMIN6,-0.9659,1208,all
GEMIN7,-0.7674,1208,all
GEMIN8,-0.6939,1208,all
GEN1,-0.087,1208,all
GET1,-0.4955,1208,all
GET3,-0.7495,1208,all
GET4,-0.3226,1208,all
GFAP,-0.0809,1208,all
GFER,-0.693,1208,all
GFI1,-0.0213,1208,all
GFI1B,-0.0788,1208,all
GFM1,-0.5586,1208,all
GFM2,-0.2101,1208,all
GFOD1,0.1164,1208,all
GFOD2,-0.0774,1208,all
GFPT1,-0.5357,1208,all
GFPT2,-0.0246,1208,all
GFRA1,0.0119,1208,all
GFRA2,0.067,1208,all
GFRA3,-0.0251,1208,all
GFRA4,0.027,1208,all
GFRAL,0.109,1208,all
GFUS,-0.1027,1208,all
GFY,0.0175,1208,all
GGA1,-0.0769,1208,all
GGA2,0.0372,1208,all
GGA3,-0.133,1208,all
GGACT,-0.0611,1208,all
GGCT,0.0328,1208,all
GGCX,-0.2139,1208,all
GGH,0.053,1208,all
GGN,-0.2115,1208,all
GGNBP2,-0.2558,1208,all
GGPS1,-1.5113,1208,all
GGT1,-0.2222,381,all
GGT5,-0.074,1208,all
GGT6,-0.0394,1208,all
GGT7,-0.049,1208,all
GGTLC1,-0.2089,1208,all
GGTLC2,-1.0105,1208,all
GH1,0.0171,1208,all
GH2,-0.1113,1208,all
GHDC,0.0503,1208,all
GHITM,0.0096,1208,all
GHR,0.1148,1208,all
GHRH,0.0515,1208,all
GHRHR,0.0198,1208,all
GHRL,0.0946,1208,all
GHSR,0.0795,1208,all
GID4,-0.1665,1208,all
GID8,-0.1332,1208,all
GIGYF1,-0.1358,1208,all
GIGYF2,-0.2154,1208,all
GIMAP1,-0.0002,1208,all
GIMAP2,0.1437,1208,all
GIMAP4,0.1899,1208,all
GIMAP5,0.1328,1208,all
GIMAP6,0.0336,1208,all
GIMAP7,0.1625,1208,all
GIMAP8,0.0044,1208,all
GIMD1,0.0999,74,all
GIN1,0.0815,1208,all
GINM1,0.0553,1208,all
GINS1,-2.3097,1208,all
GINS2,-2.5352,1208,all
GINS3,-1.1692,1208,all
GINS4,-1.19,1208,all
GIP,-0.1115,1208,all
GIPC1,-0.0166,1208,all
GIPC2,0.0068,1208,all
GIPC3,-0.0928,1208,all
GIPR,-0.0163,1208,all
GIT1,-0.1473,1208,all
GIT2,-0.0762,1208,all
GJA1,-0.1448,1208,all
GJA10,-0.0232,1208,all
GJA3,-0.3126,1208,all
GJA4,-0.0512,1208,all
GJA5,-0.1557,1208,all
GJA8,-0.0059,1208,all
GJA9,-0.0922,1208,all
GJB1,0.0766,1208,all
GJB2,-0.0529,1208,all
GJB3,-0.0993,1208,all
GJB4,-0.0761,1208,all
GJB5,0.0512,1208,all
GJB6,-0.0823,1208,all
GJB7,0.0263,1208,all
GJC1,-0.1633,1208,all
GJC2,0.0099,1208,all
GJC3,-0.1746,1208,all
GJD2,0.0622,1208,all
GJD3,-0.1569,1208,all
GJD4,-0.1032,1208,all
GJE1,0.1045,73,all
GK,0.2358,383,all
GK2,0.0447,1208,all
GK5,0.022,1208,all
GKAP1,0.0479,1208,all
GKN1,0.0129,1208,all
GKN2,-0.0468,1208,all
GLA,-0.0304,1208,all
GLB1,-0.0757,1208,all
GLB1L,-0.0607,1208,all
GLB1L2,0.1087,1208,all
GLB1L3,0.0343,1208,all
GLCCI1,0.1308,1208,all
GLCE,-0.0597,1208,all
GLDC,-0.0343,1208,all
GLDN,-0.0489,1208,all
GLE1,-0.6508,1208,all
GLG1,-0.0791,1208,all
GLI1,-0.2575,1208,all
GLI2,-0.0088,1208,all
GLI3,0.0676,1208,all
GLI4,-0.1921,1208,all
GLIPR1,-0.0606,1208,all
GLIPR1L1,-0.171,1208,all
GLIPR1L2,-0.0143,1208,all
GLIPR2,-0.0499,1208,all
GLIS1,0.0004,1208,all
GLIS2,-0.133,1208,all
GLIS3,0.1105,1208,all
GLMN,-0.3784,1208,all
GLMP,-0.0523,1208,all
GLO1,0.0059,1208,all
GLOD4,-0.031,1208,all
GLOD5,0.0786,1208,all
GLP1R,0.1151,1208,all
GLP2R,0.0305,1208,all
GLRA1,-0.0796,1208,all
GLRA2,0.0941,1208,all
GLRA3,0.0621,1208,all
GLRB,-0.0091,1208,all
GLRX,-0.0159,1208,all
GLRX2,-0.0476,1208,all
GLRX3,-0.3056,1208,all
GLRX5,-0.5623,1208,all
GLS,-0.1834,1208,all
GLS2,-0.1261,1208,all
GLT1D1,0.0076,1208,all
GLT6D1,-0.0251,1208,all
GLT8D1,-0.0977,1208,all
GLT8D2,-0.0024,1208,all
GLTP,-0.1452,1208,all
GLTPD2,-0.0184,1208,all
GLUD1,0.0003,1208,all
GLUD2,0.2219,1208,all
GLUL,-0.1472,1208,all
GLYAT,-0.0036,1208,all
GLYATL1,0.0079,1208,all
GLYATL1B,0.0915,70,all
GLYATL2,0.1177,1208,all
GLYATL3,-0.0795,1208,all
GLYCTK,-0.0234,1208,all
GLYR1,-0.0165,1208,all
GM2A,0.0207,1208,all
GMCL1,-0.0412,1208,all
GMCL2,0.3444,70,all
GMDS,0.0606,1208,all
GMEB1,-0.0558,1208,all
GMEB2,-0.1402,1208,all
GMFB,-0.05,1208,all
GMFG,-0.0864,1208,all
GMIP,0.003,1208,all
GML,-0.1161,1208,all
GMNC,0.0039,1208,all
GMNN,-0.4539,1208,all
GMPPA,0.1732,1208,all
GMPPB,-0.8381,1208,all
GMPR,0.0491,1208,all
GMPR2,0.0129,1208,all
GMPS,-0.9997,1208,all
GNA11,-0.1416,1208,all
GNA12,0.0985,1208,all
GNA13,-0.0475,1208,all
GNA14,0.0392,1208,all
GNA15,0.0338,1208,all
GNAI1,-0.0177,1208,all
GNAI2,-0.1191,1208,all
GNAI3,-0.108,1208,all
GNAL,0.1855,1208,all
GNAO1,-0.0996,1208,all
GNAQ,-0.3139,1208,all
GNAS,-0.0374,1208,all
GNAT1,-0.0823,1208,all
GNAT2,-0.1049,1208,all
GNAT3,-0.0186,1208,all
GNAZ,0.1615,1208,all
GNB1,-0.1538,1208,all
GNB1L,-0.8668,1208,all
GNB2,-0.1799,1208,all
GNB3,-0.1242,1208,all
GNB4,-0.0512,1208,all
GNB5,0.0176,1208,all
GNE,-0.0343,1208,all
GNG10,-0.0717,1208,all
GNG11,0.0409,1090,all
GNG12,0.0957,1208,all
GNG13,-0.1571,1208,all
GNG14,0.0957,70,all
GNG2,-0.1169,1208,all
GNG3,-0.1804,1208,all
GNG4,-0.0453,1208,all
GNG5,-0.2093,1047,all
GNG7,0.0466,1208,all
GNG8,-0.068,1208,all
GNGT1,0.129,1208,all
GNGT2,0.1175,1208,all
GNL1,-0.213,1208,all
GNL2,-1.221,1208,all
GNL3,-1.0259,1208,all
GNL3L,-0.8532,1208,all
GNLY,-0.115,1208,all
GNMT,-0.0755,1208,all
GNPAT,-0.0167,1208,all
GNPDA1,0.0227,1208,all
GNPDA2,0.0063,1208,all
GNPNAT1,-0.3388,1208,all
GNPTAB,-0.0773,1208,all
GNPTG,0.0113,1208,all
GNRH1,0.071,1208,all
GNRH2,0.0316,1208,all
GNRHR,0.0607,1208,all
GNS,-0.0285,1208,all
GOLGA1,-0.069,1208,all
GOLGA2,-0.1764,1208,all
GOLGA3,-0.0355,1208,all
GOLGA4,-0.0787,1208,all
GOLGA5,-0.0692,1208,all
GOLGA6B,-0.4394,1047,all
GOLGA6D,-0.3584,1046,all
GOLGA6L2,0.2028,77,all
GOLGA6L6,-0.196,1047,all
GOLGA6L7,0.2084,70,all
GOLGA7,0.0112,1208,all
GOLGA7B,-0.0737,1208,all
GOLGA8M,-0.3149,1047,all
GOLGA8N,-0.3913,1046,all
GOLGA8R,-0.3602,1046,all
GOLGB1,-0.1038,1208,all
GOLIM4,-0.0115,1208,all
GOLM1,-0.0143,1208,all
GOLM2,-0.0969,1208,all
GOLPH3,0.0752,1208,all
GOLPH3L,-0.1245,1208,all
GOLT1A,0.1458,1208,all
GOLT1B,-0.2149,1208,all
GON4L,-0.3237,1208,all
GON7,-0.1127,1208,all
GOPC,0.0905,1208,all
GORAB,0.086,1208,all
GORASP1,-0.0881,1208,all
GORASP2,0.0043,1208,all
GOSR1,-0.1421,1208,all
GOSR2,-1.0448,1208,all
GOT1,-0.029,1208,all
GOT1L1,0.1239,1208,all
GOT2,-0.268,1208,all
GP1BA,-0.024,1208,all
GP1BB,-0.1859,1208,all
GP2,0.0538,1208,all
GP5,0.0796,1208,all
GP6,0.0177,1208,all
GP9,-0.0481,1208,all
GPA33,-0.0888,1208,all
GPAA1,-0.0619,1208,all
GPALPP1,0.0026,1208,all
GPAM,-0.0025,1208,all
GPANK1,-0.0651,1208,all
GPAT2,-0.4143,1208,all
GPAT3,0.0503,1208,all
GPAT4,0.091,1208,all
GPATCH1,-0.3358,1208,all
GPATCH11,0.1185,1208,all
GPATCH2,-0.1401,1208,all
GPATCH2L,0.0663,1208,all
GPATCH3,-0.1578,1208,all
GPATCH8,-0.1268,1208,all
GPBAR1,-0.0994,1208,all
GPBP1,-0.1321,1208,all
GPBP1L1,-0.0909,1208,all
GPC1,-0.075,1208,all
GPC2,-0.2051,1208,all
GPC3,0.0895,1208,all
GPC4,0.128,1208,all
GPC5,0.1043,1208,all
GPC6,0.0072,1208,all
GPCPD1,0.0113,1208,all
GPD1,-0.0424,1208,all
GPD1L,0.0872,1208,all
GPD2,0.0227,1208,all
GPER1,0.0694,1208,all
GPHA2,-0.139,1208,all
GPHB5,0.0519,74,all
GPHN,0.0711,1208,all
GPI,-0.489,1208,all
GPIHBP1,-0.1501,1208,all
GPKOW,-1.0911,1208,all
GPLD1,-0.0241,1208,all
GPM6A,0.1349,1208,all
GPM6B,0.0464,1208,all
GPN1,-1.7597,1208,all
GPN2,-2.1141,1208,all
GPN3,-1.3256,1208,all
GPNMB,0.0211,1208,all
GPR101,-0.0369,1208,all
GPR107,0.0455,1208,all
GPR108,-0.0429,1208,all
GPR119,0.0756,1208,all
GPR12,0.0513,1208,all
GPR132,-0.0813,1208,all
GPR135,0.0111,1208,all
GPR137,-0.2346,1208,all
GPR137B,0.0008,1208,all
GPR137C,-0.1789,1208,all
GPR139,0.0257,1208,all
GPR141,0.1815,1208,all
GPR142,-0.0846,1208,all
GPR143,0.1091,1208,all
GPR146,0.0251,1208,all
GPR148,0.0088,1208,all
GPR149,-0.0463,1208,all
GPR15,0.0371,1208,all
GPR150,-0.011,1208,all
GPR151,-0.0406,1208,all
GPR152,-0.0713,1208,all
GPR153,-0.0609,1208,all
GPR155,-0.1477,1208,all
GPR156,0.0819,1208,all
GPR157,-0.0083,1208,all
GPR158,0.0736,1208,all
GPR15LG,0.0703,1208,all
GPR160,0.0303,1208,all
GPR161,-0.0235,1208,all
GPR162,-0.0246,1208,all
GPR17,-0.1138,1208,all
GPR171,-0.0405,1208,all
GPR173,0.063,1208,all
GPR174,0.0819,1208,all
GPR176,-0.0228,1208,all
GPR179,-0.1855,1208,all
GPR18,-0.0251,1208,all
GPR180,0.0292,1208,all
GPR182,-0.0717,1208,all
GPR183,0.1244,1208,all
GPR19,0.0075,1208,all
GPR20,-0.0921,1208,all
GPR21,0.118,1208,all
GPR22,0.0719,1208,all
GPR25,-0.0312,1208,all
GPR26,-0.0422,1208,all
GPR27,0.0941,1208,all
GPR3,-0.0074,1208,all
GPR31,-0.0244,1208,all
GPR32,-0.0265,1208,all
GPR33,0.1206,74,all
GPR34,0.0285,1208,all
GPR35,-0.0378,1208,all
GPR37,0.1597,1208,all
GPR37L1,-0.148,1208,all
GPR39,0.0448,1208,all
GPR4,0.0386,1208,all
GPR45,-0.1924,1208,all
GPR50,0.0983,1208,all
GPR52,0.0619,1208,all
GPR55,0.1185,1208,all
GPR6,-0.0503,1208,all
GPR61,-0.4121,1208,all
GPR62,-0.0465,1208,all
GPR63,-0.0398,1208,all
GPR65,0.1071,1208,all
GPR68,-0.0637,1208,all
GPR75,-0.1229,1208,all
GPR78,0.0683,1208,all
GPR82,0.0909,1208,all
GPR83,0.1017,1208,all
GPR84,-0.0927,1208,all
GPR85,0.0992,1208,all
GPR87,-0.0705,1208,all
GPR88,-0.0161,1208,all
GPRASP1,0.1754,1208,all
GPRC5A,0.0376,1208,all
GPRC5B,0.123,1208,all
GPRC5C,0.0584,1208,all
GPRC5D,0.0777,1208,all
GPRC6A,0.0392,1208,all
GPRIN1,-0.0529,1208,all
GPRIN2,-0.0393,1208,all
GPRIN3,-0.1186,1208,all
GPS1,-1.1247,1208,all
GPS2,-0.0533,1208,all
GPSM1,0.0244,1208,all
GPSM2,-0.0528,1208,all
GPSM3,-0.1374,1208,all
GPT,-0.0449,1208,all
GPT2,-0.0889,1208,all
GPX1,-0.0275,1208,all
GPX2,-0.1451,1208,all
GPX3,0.1106,1208,all
GPX4,-0.6885,1208,all
GPX5,0.1452,1208,all
GPX6,0.0874,1208,all
GPX7,-0.0939,1208,all
GPX8,-0.2784,1208,all
GRAMD1A,-0.024,1208,all
GRAMD1B,0.0206,1208,all
GRAMD1C,0.06,1208,all
GRAMD2A,-0.1017,1208,all
GRAMD2B,-0.0351,1208,all
GRAMD4,0.132,1208,all
GRAP,-0.5268,320,all
GRAP2,-0.0879,1208,all
GRB10,0.0674,1208,all
GRB14,-0.0441,1208,all
GRB2,-1.018,1208,all
GRB7,-0.0468,1208,all
GREB1,0.1016,1208,all
GREB1L,0.0308,1208,all
GREM1,-0.0496,1208,all
GREM2,0.0026,1208,all
GRHL1,0.1382,1208,all
GRHL2,-0.1668,1208,all
GRHL3,0.0602,1208,all
GRHPR,-0.1018,1208,all
GRIA1,-0.0775,1208,all
GRIA2,0.1278,1208,all
GRIA3,0.1099,1208,all
GRIA4,0.0331,1208,all
GRID1,0.0163,1208,all
GRID2,-0.0937,1208,all
GRID2IP,-0.0373,1208,all
GRIFIN,0.4418,74,all
GRIK1,0.006,1208,all
GRIK2,0.1529,1208,all
GRIK3,-0.0227,1208,all
GRIK4,0.0522,1208,all
GRIK5,-0.0869,1208,all
GRIN1,0.0156,1208,all
GRIN2A,-0.1076,1208,all
GRIN2B,0.0807,1208,all
GRIN2C,-0.0404,1208,all
GRIN2D,-0.0585,1208,all
GRIN3A,0.0036,1208,all
GRIN3B,-0.0984,1208,all
GRINA,-0.1047,1208,all
GRIP1,0.0058,1208,all
GRIP2,0.0485,74,all
GRIPAP1,0.0775,1208,all
GRK1,-0.1753,73,all
GRK2,-0.1918,1208,all
GRK3,-0.0491,1208,all
GRK4,0.0551,1208,all
GRK5,0.0398,1208,all
GRK6,-0.1128,1208,all
GRK7,-0.0673,1208,all
GRM1,0.0115,1208,all
GRM2,-0.0708,1208,all
GRM3,0.0154,1208,all
GRM4,0.0199,1208,all
GRM5,-0.0105,1208,all
GRM6,-0.0414,1208,all
GRM7,-0.0355,1208,all
GRM8,-0.0108,1208,all
GRN,-0.1657,1208,all
GRP,0.0059,1208,all
GRPEL1,-1.1627,1208,all
GRPEL2,-0.0786,1208,all
GRPR,0.032,1208,all
GRSF1,-0.3363,1208,all
GRTP1,-0.0061,1208,all
GRWD1,-0.9296,1208,all
GRXCR1,-0.0099,1208,all
GRXCR2,-0.0784,1208,all
GSAP,-0.0044,1208,all
GSC,0.0586,1208,all
GSC2,-0.1071,1208,all
GSDMA,-0.374,1208,all
GSDMB,-0.1813,1208,all
GSDMC,-0.0412,1208,all
GSDMD,-0.1729,1208,all
GSDME,-0.0143,1208,all
GSE1,-0.0153,1208,all
GSG1,0.0275,1208,all
GSG1L,-0.0202,1208,all
GSG1L2,-0.1655,70,all
GSK3A,0.032,1208,all
GSK3B,0.0089,1208,all
GSKIP,0.1682,1208,all
GSN,0.0237,1208,all
GSPT1,-1.7019,1208,all
GSPT2,-0.007,1208,all
GSR,0.0534,1208,all
GSS,0.0484,1208,all
GSTA1,-0.0627,1047,all
GSTA2,-0.0712,1090,all
GSTA3,-0.0745,1208,all
GSTA4,0.0625,1208,all
GSTA5,-0.0153,1208,all
GSTCD,0.0893,1208,all
GSTK1,0.0619,1208,all
GSTM1,0.0731,1090,all
GSTM2,-0.1635,1208,all
GSTM3,-0.2317,1208,all
GSTM4,-0.2273,1208,all
GSTM5,-0.1098,1208,all
GSTO1,-0.059,1208,all
GSTO2,0.014,1208,all
GSTP1,-0.1788,1208,all
GSTT2B,-0.0959,1090,all
GSTT4,0.0024,70,all
GSTZ1,0.1305,1208,all
GSX1,0.0435,1208,all
GSX2,-0.0293,1208,all
GTDC1,0.0741,1208,all
GTF2A1,-0.8052,1208,all
GTF2A1L,-0.1583,1208,all
GTF2A2,-1.4312,1208,all
GTF2B,-1.7964,1208,all
GTF2E1,-1.1835,1208,all
GTF2E2,-1.233,1208,all
GTF2F1,-0.5114,1208,all
GTF2F2,-0.6672,1208,all
GTF2H1,-0.729,1208,all
GTF2H3,-0.7333,1208,all
GTF2H4,-1.0195,1208,all
GTF2H5,-0.1465,1208,all
GTF2I,-0.1705,1208,all
GTF2IRD1,-0.0731,1208,all
GTF3A,-1.1237,1208,all
GTF3C1,-0.7645,1208,all
GTF3C2,-0.5572,1208,all
GTF3C3,-0.4894,1208,all
GTF3C4,-0.6142,1208,all
GTF3C5,-0.6251,1208,all
GTF3C6,-0.2694,1208,all
GTPBP1,-0.1144,1208,all
GTPBP10,-0.2577,1208,all
GTPBP2,-0.1044,1208,all
GTPBP3,-0.0756,1208,all
GTPBP4,-1.8218,1208,all
GTPBP6,-0.0445,74,all
GTPBP8,-0.2111,1208,all
GTSE1,-0.2911,1208,all
GTSF1,-0.1162,1208,all
GTSF1L,0.0656,1208,all
GUCA1ANB-GUCA1A,-0.003,383,all
GUCA1B,0.0491,1208,all
GUCA1C,-0.0229,1208,all
GUCA2A,-0.2417,1208,all
GUCA2B,0.0083,1208,all
GUCD1,-0.0754,1208,all
GUCY1A1,0.0945,1208,all
GUCY1A2,0.1528,1208,all
GUCY1B1,0.1191,1208,all
GUCY2C,0.0262,1208,all
GUCY2D,-0.0975,1208,all
GUCY2F,0.1533,1208,all
GUF1,-0.0246,1208,all
GUK1,-1.7424,1208,all
GULP1,0.1294,1208,all
GUSB,-0.0903,1208,all
GVQW3,0.0287,70,all
GXYLT1,0.0171,1208,all
GXYLT2,0.0382,1208,all
GYG1,-0.0756,1208,all
GYG2,0.0852,1208,all
GYPA,-0.0198,1208,all
GYPB,0.2773,317,all
GYPC,0.0332,1208,all
GYPE,-0.0873,1047,all
GYS1,0.019,1208,all
GYS2,0.1232,1208,all
GZF1,-0.0143,1208,all
GZMA,-0.0371,1208,all
GZMB,-0.1012,1208,all
GZMH,-0.2763,1208,all
GZMK,-0.0587,1208,all
GZMM,-0.0784,1208,all
H1-0,0.0054,1208,all
H1-1,-0.0859,1208,all
H1-10,0.0219,1208,all
H1-2,-0.3151,1208,all
H1-3,-0.1344,1208,all
H1-4,-0.251,1208,all
H1-5,-0.0006,1208,all
H1-6,0.0359,1208,all
H1-7,-0.1428,1208,all
H1-8,-0.058,1208,all
H2AC1,-0.0698,1208,all
H2AC11,-0.2971,1208,all
H2AC12,-0.5479,1208,all
H2AC15,-0.6318,1208,all
H2AC16,-0.3335,1208,all
H2AC17,-0.6769,1208,all
H2AC20,-0.879,1165,all
H2AC21,-0.2442,1208,all
H2AC25,-0.1788,1208,all
H2AC4,-0.4585,1208,all
H2AC6,-0.4588,1208,all
H2AC7,-0.3345,1208,all
H2AC8,-0.4199,1208,all
H2AJ,-0.326,1208,all
H2AP,0.1621,1208,all
H2AX,-0.6324,1208,all
H2AZ1,-0.7702,1208,all
H2AZ2,-0.057,1208,all
H2BC1,0.0201,1208,all
H2BC10,-0.1325,1208,all
H2BC11,-1.4326,1208,all
H2BC12,-0.1871,70,all
H2BC13,-0.7774,1090,all
H2BC14,-0.3966,1208,all
H2BC15,-1.0584,1165,all
H2BC17,-0.1466,1208,all
H2BC18,-0.3104,1090,all
H2BC21,-0.7019,1090,all
H2BC26,-0.1538,1208,all
H2BC3,-0.2907,1090,all
H2BC4,-1.1503,1208,all
H2BC5,-0.4437,1208,all
H2BC6,-0.8608,1208,all
H2BC7,0.0359,1090,all
H2BC8,-0.2841,1208,all
H2BC9,-0.4201,1208,all
H2BK1,0.1745,70,all
H2BW1,-0.0246,1208,all
H2BW2,0.0092,1208,all
H3-3A,-1.4544,1089,all
H3-3B,-0.3468,1208,all
H3-4,-0.0797,1208,all
H3-5,-0.1771,1208,all
H3C1,-0.2939,1208,all
H3C10,-0.1951,1208,all
H3C11,-0.2762,1208,all
H3C12,-0.1088,1208,all
H3C2,-0.1575,1208,all
H3C3,-0.1639,1208,all
H3C4,-0.2551,1208,all
H3C6,-0.1673,1208,all
H3C7,-0.2112,1208,all
H3C8,-0.4229,1208,all
H4C1,-0.1568,1208,all
H4C13,-0.0201,1208,all
H4C16,-0.07,1208,all
H4C2,-0.0675,1208,all
H4C3,-0.2103,1208,all
H4C4,-0.1759,1208,all
H4C5,-0.1749,1208,all
H4C6,0.046,1208,all
H4C7,-0.1794,1208,all
H4C8,-0.0098,1208,all
H4C9,0.1038,1208,all
H6PD,-0.0715,1208,all
HAAO,-0.1297,1208,all
HABP2,0.0399,1208,all
HABP4,-0.0237,1208,all
HACD1,0.0325,1208,all
HACD2,-0.0496,1208,all
HACD3,-0.0266,1208,all
HACD4,0.1249,1208,all
HACE1,-0.0561,1208,all
HACL1,0.0511,1208,all
HADH,-0.0971,1208,all
HADHA,-0.2253,1208,all
HADHB,0.0122,1208,all
HAGH,-0.1208,1208,all
HAGHL,-0.0209,1208,all
HAL,-0.0716,1208,all
HAMP,-0.3866,1208,all
HAND1,-0.0193,1208,all
HAND2,0.0481,1208,all
HAO1,0.0751,1208,all
HAO2,-0.236,1208,all
HAP1,-0.254,1208,all
HAPLN1,-0.0541,1208,all
HAPLN2,-0.421,1208,all
HAPLN3,-0.0152,1208,all
HAPLN4,-0.1644,1208,all
HAPSTR1,-0.4564,1208,all
HAPSTR2,0.2692,74,all
HARBI1,-0.1347,1208,all
HARS1,-1.4878,1208,all
HARS2,-0.5784,1208,all
HAS1,0.052,1208,all
HAS2,0.0332,1208,all
HAS3,0.0392,1208,all
HASPIN,-0.0792,1208,all
HAT1,-0.0664,1208,all
HAUS1,-1.6591,1208,all
HAUS2,-0.3977,1208,all
HAUS3,-0.9467,1208,all
HAUS4,-1.1679,1208,all
HAUS5,-1.6448,1208,all
HAUS6,-1.2973,1208,all
HAUS7,-1.3353,1208,all
HAUS8,-0.7078,1208,all
HAVCR1,0.0297,1208,all
HAVCR2,0.0192,1208,all
HAX1,-0.2849,1208,all
HBB,0.0356,1208,all
HBD,0.1068,1090,all
HBE1,0.134,1208,all
HBEGF,-0.1022,1208,all
HBM,-0.0186,1208,all
HBP1,-0.0435,1208,all
HBQ1,0.0135,1208,all
HBS1L,-0.1871,1208,all
HBZ,-0.0499,1208,all
HCAR1,-0.1018,1208,all
HCAR2,0.0923,1208,all
HCAR3,0.052,1208,all
HCCS,-0.1581,1208,all
HCFC1,-1.6655,1208,all
HCFC1R1,-0.3151,1208,all
HCFC2,0.126,1208,all
HCK,-0.0548,1208,all
HCLS1,-0.03,1208,all
HCN1,0.0468,1208,all
HCN2,-0.1826,1208,all
HCN3,-0.0046,1208,all
HCN4,0.0389,1208,all
HCRT,-0.0905,1208,all
HCRTR1,-0.2267,1208,all
HCRTR2,0.0008,1208,all
HCST,-0.0288,1208,all
HDAC1,-0.1323,1208,all
HDAC10,0.059,1208,all
HDAC11,0.0087,1208,all
HDAC2,-0.0267,1208,all
HDAC3,-1.223,1208,all
HDAC4,-0.1152,1208,all
HDAC5,-0.0786,1208,all
HDAC6,0.028,1208,all
HDAC7,-0.166,1208,all
HDAC8,-0.138,1208,all
HDAC9,0.1041,1208,all
HDC,-0.0439,1208,all
HDDC2,0.0275,1208,all
HDDC3,-0.0571,1208,all
HDGF,-0.054,1208,all
HDGFL1,-0.0092,1208,all
HDGFL2,-0.1192,1208,all
HDGFL3,-0.0593,1208,all
HDHD2,0.1694,1208,all
HDHD3,-0.0787,1208,all
HDHD5,-0.1458,1208,all
HDLBP,-0.0448,1208,all
HDX,0.1197,1208,all
HEATR1,-1.6053,1208,all
HEATR3,-0.308,1208,all
HEATR4,-0.0474,1208,all
HEATR5A,0.0012,77,all
HEATR5B,-0.2076,1208,all
HEATR6,-0.2166,1208,all
HEATR9,-0.1127,1208,all
HEBP1,0.0954,1208,all
HEBP2,0.0319,1208,all
HECA,0.1005,1208,all
HECTD1,-0.4064,1208,all
HECTD2,-0.0089,1208,all
HECTD3,-0.1236,1208,all
HECTD4,0.1312,74,all
HECW1,0.0443,1208,all
HECW2,0.0454,1208,all
HEG1,0.1218,1208,all
HELB,-0.0897,1208,all
HELLS,0.0451,1208,all
HELQ,-0.0333,1208,all
HELT,0.0723,1208,all
HELZ,-0.0991,1208,all
HELZ2,-0.0747,1208,all
HEMGN,0.0317,1208,all
HEMK1,0.0266,1208,all
HEMK2,-0.5486,1208,all
HENMT1,-0.1485,1208,all
HEPACAM,0.0868,1208,all
HEPACAM2,0.0005,1208,all
HEPH,0.0858,1208,all
HEPHL1,0.0524,1208,all
HERC1,-0.0183,1208,all
HERC2,-0.0873,1208,all
HERC3,-0.0207,1208,all
HERC4,0.0032,1208,all
HERC5,0.0157,1208,all
HERC6,0.0324,1208,all
HERPUD1,-0.0525,1208,all
HERPUD2,-0.1105,1208,all
HES1,-0.0888,1208,all
HES2,-0.0467,1208,all
HES3,-0.1084,1208,all
HES4,0.0085,1208,all
HES5,-0.1215,1208,all
HES6,-0.0927,1208,all
HES7,-0.2113,1208,all
HESX1,-0.1007,1208,all
HEXA,0.011,1208,all
HEXB,0.0334,1208,all
HEXD,-0.0384,1208,all
HEXIM1,-0.3394,1208,all
HEXIM2,-0.0911,1208,all
HEY1,-0.0247,1208,all
HEY2,0.0423,1208,all
HEYL,0.0516,1208,all
HFE,0.0744,1208,all
HFM1,-0.0316,1208,all
HGD,0.0153,1208,all
HGF,0.0981,1208,all
HGFAC,-0.0025,1208,all
HGH1,-0.0355,1208,all
HGS,-0.7073,1208,all
HGSNAT,0.0829,1208,all
HHAT,0.0597,1208,all
HHATL,-0.001,1208,all
HHEX,-0.0601,1208,all
HHIP,0.0752,1208,all
HHIPL1,0.0444,1208,all
HHIPL2,0.0059,1208,all
HHLA2,0.0285,1208,all
HIBADH,0.0144,1208,all
HIBCH,-0.1311,1208,all
HIC1,-0.0571,1208,all
HIC2,-0.0436,1208,all
HID1,-0.1835,1208,all
HIF1A,0.1538,1208,all
HIF1AN,-0.1727,1208,all
HIF3A,0.1009,1208,all
HIGD1A,-0.1007,1208,all
HIGD1B,-0.0678,1208,all
HIGD1C,-0.0232,1208,all
HIGD2A,-0.2717,1208,all
HIGD2B,-0.1242,73,all
HIKESHI,-0.2697,1208,all
HILPDA,0.1339,1208,all
HINFP,-1.4227,1208,all
HINT1,0.0769,1208,all
HINT2,-0.047,1208,all
HINT3,0.0111,1208,all
HIP1,-0.0611,1208,all
HIP1R,-0.0713,1208,all
HIPK1,-0.1975,1208,all
HIPK2,-0.0136,77,all
HIPK3,-0.0095,1208,all
HIPK4,-0.0383,1208,all
HIRA,-0.8139,1208,all
HIRIP3,-0.0194,1208,all
HIVEP1,0.0327,1208,all
HIVEP2,0.0849,1208,all
HIVEP3,-0.1229,1208,all
HJURP,-0.8377,1208,all
HJV,-0.344,1208,all
HK1,-0.0425,1208,all
HK2,-0.3398,1208,all
HK3,-0.0727,1208,all
HKDC1,-0.0517,1208,all
HLA-A,-0.1724,1208,all
HLA-B,-0.0601,1208,all
HLA-C,-0.4204,1208,all
HLA-DMA,-0.1115,1208,all
HLA-DMB,0.072,1208,all
HLA-DOA,0.0793,1208,all
HLA-DOB,-0.0411,1208,all
HLA-DPA1,0.0732,1208,all
HLA-DPB1,0.0432,1208,all
HLA-DQA1,0.0629,1208,all
HLA-DQA2,0.0109,1208,all
HLA-DQB1,0.2524,1208,all
HLA-DQB2,0.0018,1208,all
HLA-DRA,-0.0055,1208,all
HLA-DRB1,0.0554,1208,all
HLA-DRB5,0.1545,1208,all
HLA-E,-0.0789,1208,all
HLA-F,-0.1007,1208,all
HLA-G,-0.047,1208,all
HLCS,-0.0338,1208,all
HLF,-0.062,1208,all
HLTF,0.0884,1208,all
HLX,0.0055,1208,all
HM13,-0.1073,1208,all
HMBOX1,0.1868,1208,all
HMBS,-0.198,1208,all
HMCES,-0.184,1208,all
HMCN1,-0.0811,1208,all
HMCN2,0.2776,74,all
HMG20A,0.0041,1208,all
HMG20B,0.0806,1208,all
HMGA1,-0.8352,1208,all
HMGA2,-0.0957,1208,all
HMGB1,-0.8151,1208,all
HMGB2,0.0924,1208,all
HMGB3,0.0229,381,all
HMGB4,0.0401,1208,all
HMGCL,-0.0726,1208,all
HMGCLL1,-0.124,1208,all
HMGCR,-0.8188,1208,all
HMGCS1,-1.5695,1208,all
HMGCS2,0.0608,1208,all
HMGN1,-0.2722,1090,all
HMGN2,-0.456,1090,all
HMGN3,0.046,1208,all
HMGN4,0.0324,1208,all
HMGN5,0.0953,1208,all
HMGXB3,-0.1205,1208,all
HMGXB4,-0.0359,1208,all
HMHB1,0.0913,1090,all
HMMR,-0.0165,1208,all
HMOX1,0.0159,1208,all
HMOX2,-0.0824,1208,all
HMSD,0.1764,1208,all
HMX1,0.1,1208,all
HMX2,0.0777,1208,all
HMX3,0.0002,1208,all
HNF1A,-0.1151,1208,all
HNF1B,-0.2821,1208,all
HNF4A,0.0278,1208,all
HNF4G,0.0149,1208,all
HNMT,-0.0162,1208,all
HNRNPA0,-0.2791,1208,all
HNRNPA1,-0.2792,1208,all
HNRNPA1L2,-0.2976,1165,all
HNRNPA2B1,-0.3579,1208,all
HNRNPA3,-0.0798,1208,all
HNRNPAB,-0.0372,1208,all
HNRNPC,-1.1602,1208,all
HNRNPD,-0.2138,1208,all
HNRNPDL,-0.0654,1208,all
HNRNPF,-0.2121,1208,all
HNRNPH1,-1.3332,1208,all
HNRNPH2,-0.0701,1208,all
HNRNPH3,-0.1132,1208,all
HNRNPK,-2.4934,1208,all
HNRNPL,-1.0368,1208,all
HNRNPLL,-0.0525,1208,all
HNRNPM,-1.005,1208,all
HNRNPR,-0.3393,1208,all
HNRNPU,-1.1222,1208,all
HNRNPUL1,0.0171,1208,all
HNRNPUL2,-0.2907,1208,all
HOATZ,-0.0482,1208,all
HOGA1,-0.049,1208,all
HOMER1,0.1176,1208,all
HOMER2,-0.0438,1208,all
HOMER3,-0.212,1208,all
HOMEZ,-0.0834,1208,all
HOOK1,-0.049,1208,all
HOOK2,0.0202,1208,all
HOOK3,0.0479,1208,all
HOPX,-0.0155,1208,all
HORMAD1,-0.1507,1208,all
HORMAD2,-0.098,1208,all
HOXA1,-0.0219,1208,all
HOXA10,-0.0641,1208,all
HOXA11,-0.1253,1208,all
HOXA13,-0.053,1208,all
HOXA2,0.0184,1208,all
HOXA3,-0.0482,1208,all
HOXA4,0.097,1208,all
HOXA5,-0.0897,1208,all
HOXA6,-0.094,1208,all
HOXA7,-0.0613,1208,all
HOXA9,-0.1725,1208,all
HOXB1,-0.0091,1208,all
HOXB13,0.0264,1208,all
HOXB2,0.0294,1208,all
HOXB3,-0.0484,1208,all
HOXB4,-0.0294,1208,all
HOXB5,-0.1544,1208,all
HOXB6,-0.0959,1208,all
HOXB7,-0.1425,1208,all
HOXB8,-0.1692,1208,all
HOXB9,-0.199,1208,all
HOXC10,-0.3434,1208,all
HOXC11,-0.1968,1208,all
HOXC12,-0.0085,1208,all
HOXC13,-0.1673,1208,all
HOXC4,-0.1951,1208,all
HOXC5,-0.1732,1208,all
HOXC6,-0.2073,1208,all
HOXC8,-0.1059,1208,all
HOXC9,-0.103,1208,all
HOXD1,0.0902,1208,all
HOXD10,-0.1504,1208,all
HOXD11,-0.1817,1208,all
HOXD12,-0.0986,1208,all
HOXD13,-0.2752,1208,all
HOXD3,0.0392,1208,all
HOXD4,-0.0701,1208,all
HOXD8,-0.0453,1208,all
HOXD9,-0.1471,1208,all
HP,0.3975,383,all
HP1BP3,0.0168,1208,all
HPCA,-0.0497,1208,all
HPCAL1,-0.0401,1208,all
HPCAL4,-0.1401,1208,all
HPD,-0.1548,1208,all
HPDL,-0.0353,1208,all
HPF1,-0.0165,1208,all
HPGD,0.2028,1208,all
HPGDS,-0.0392,1208,all
HPN,0.0282,1208,all
HPR,0.1044,1165,all
HPRT1,0.0508,1208,all
HPS1,-0.1704,1208,all
HPS3,-0.0082,1208,all
HPS4,0.0812,1208,all
HPS5,-0.0008,1208,all
HPS6,-0.0858,1208,all
HPSE,-0.0385,1208,all
HPSE2,-0.0295,1208,all
HPX,0.0332,1208,all
HR,0.0682,1208,all
HRAS,-0.1855,1208,all
HRC,0.093,1208,all
HRCT1,0.0633,1165,all
HRG,0.0182,1208,all
HRH1,0.0829,1208,all
HRH2,0.1103,1208,all
HRH3,-0.0526,1208,all
HRH4,0.0234,1208,all
HRK,-0.28,1208,all
HRNR,0.0251,1208,all
HROB,-0.2038,1208,all
HS1BP3,-0.1117,1208,all
HS2ST1,-0.0984,1208,all
HS3ST1,0.088,1208,all
HS3ST2,0.0553,1208,all
HS3ST3A1,-0.0117,1208,all
HS3ST3B1,-0.008,1208,all
HS3ST4,0.0743,1208,all
HS3ST5,0.0777,1208,all
HS3ST6,0.0432,1208,all
HS6ST1,-0.4898,1208,all
HS6ST2,0.0603,1208,all
HS6ST3,0.0465,1208,all
HSBP1,-0.2516,1208,all
HSBP1L1,0.1871,1208,all
HSCB,-0.6033,1208,all
HSD11B1,-0.1654,1208,all
HSD11B1L,-0.2183,1208,all
HSD11B2,-0.1741,1208,all
HSD17B1,-0.0857,1208,all
HSD17B10,-0.5036,1208,all
HSD17B11,-0.0622,1208,all
HSD17B12,-0.5435,1208,all
HSD17B13,0.0792,1208,all
HSD17B14,0.0448,1208,all
HSD17B2,0.1638,1208,all
HSD17B3,-0.0661,1208,all
HSD17B4,-0.1728,1208,all
HSD17B6,-0.0029,1208,all
HSD17B7,-0.1164,1208,all
HSD17B8,0.0877,1208,all
HSD3B1,-0.1989,1208,all
HSD3B2,-0.0267,1208,all
HSD3B7,-0.1765,1208,all
HSDL1,-0.0463,1208,all
HSDL2,-0.0375,1208,all
HSF1,-0.498,1208,all
HSF2,-0.0985,1208,all
HSF2BP,0.0409,1208,all
HSF4,-0.1451,1208,all
HSF5,-0.1346,1208,all
HSH2D,-0.0047,77,all
HSP90AA1,-0.1977,1208,all
HSP90AB1,-0.2387,1208,all
HSP90B1,-0.5657,1208,all
HSPA12A,0.0601,1208,all
HSPA12B,-0.0014,1208,all
HSPA13,-0.2122,1208,all
HSPA14,-0.4017,1208,all
HSPA1L,-0.0282,1208,all
HSPA2,0.0878,1208,all
HSPA4,-0.0666,1208,all
HSPA4L,0.0123,1208,all
HSPA5,-1.2687,1208,all
HSPA6,-0.1974,1208,all
HSPA8,-0.6332,1208,all
HSPA9,-2.3797,1208,all
HSPB1,0.0209,1208,all
HSPB2,0.0294,1208,all
HSPB3,0.0193,1208,all
HSPB6,-0.0289,1208,all
HSPB7,-0.1645,1208,all
HSPB8,0.0614,1208,all
HSPB9,-0.1934,1208,all
HSPBAP1,0.0154,1208,all
HSPBP1,0.0619,1208,all
HSPD1,-1.8751,1208,all
HSPE1,-3.6786,1165,all
HSPG2,-0.032,1208,all
HSPH1,-0.0291,1208,all
HTATIP2,0.0085,1208,all
HTATSF1,-0.8059,1208,all
HTD2,0.0979,70,all
HTN1,0.0874,1090,all
HTN3,0.043,1090,all
HTR1A,-0.0144,1208,all
HTR1B,-0.0219,1208,all
HTR1D,0.0841,1208,all
HTR1E,0.0501,1208,all
HTR1F,-0.0139,1208,all
HTR2A,0.0426,1208,all
HTR2B,0.0004,1208,all
HTR2C,0.0012,1208,all
HTR3A,0.1495,1208,all
HTR3B,0.0869,1208,all
HTR3C,0.013,1208,all
HTR3D,-0.0171,1208,all
HTR3E,0.0238,1208,all
HTR4,0.0984,1208,all
HTR5A,0.1024,1208,all
HTR6,0.0612,1208,all
HTR7,-0.1432,1208,all
HTRA1,-0.0189,1208,all
HTRA2,-0.146,1208,all
HTRA3,0.0181,1208,all
HTRA4,-0.0541,1208,all
HTT,-0.1314,1208,all
HUNK,0.0494,1208,all
HUS1,-0.5064,1208,all
HUS1B,0.1218,1208,all
HUWE1,-0.8923,1208,all
HVCN1,-0.085,1208,all
HYAL1,0.0077,1208,all
HYAL2,-0.0818,1208,all
HYAL3,0.037,1208,all
HYAL4,-0.0318,1208,all
HYCC1,0.041,1208,all
HYCC2,0.0292,1208,all
HYDIN,-0.2557,1208,all
HYI,-0.202,1208,all
HYKK,-0.0483,1208,all
HYLS1,-0.0913,1208,all
HYOU1,-1.1712,1208,all
HYPK,-0.8893,1208,all
IAH1,0.0747,1208,all
IAPP,0.0533,1208,all
IARS1,-1.8916,1208,all
IARS2,-0.7734,1208,all
IBA57,-0.2776,1208,all
IBSP,0.0896,1208,all
IBTK,0.0236,1208,all
ICA1,-0.0068,1208,all
ICA1L,0.0351,1208,all
ICAM1,0.0518,1208,all
ICAM2,0.0726,1208,all
ICAM3,-0.0538,1208,all
ICAM4,-0.021,1208,all
ICAM5,-0.1404,1208,all
ICE1,-0.773,1208,all
ICE2,-0.6065,1208,all
ICMT,-0.1886,1208,all
ICOS,0.0435,1208,all
ICOSLG,0.0316,1208,all
ID1,-0.0321,1208,all
ID2,-0.1226,1208,all
ID3,-0.0284,1208,all
ID4,-0.0688,1208,all
IDE,-0.129,1208,all
IDH1,-0.0954,1208,all
IDH2,-0.0196,1208,all
IDH3A,-0.4736,1208,all
IDH3B,0.0347,1208,all
IDH3G,-0.0188,1208,all
IDI1,-0.0586,1208,all
IDI2,0.0679,1208,all
IDNK,0.0082,1208,all
IDO1,0.0842,1208,all
IDS,-0.0382,1208,all
IDUA,0.0012,1208,all
IER2,-0.0466,1208,all
IER3,-0.1681,1208,all
IER3IP1,-0.2611,1208,all
IER5,0.0471,1208,all
IER5L,-0.0161,1208,all
IFFO1,-0.0707,1208,all
IFFO2,-0.022,1208,all
IFI16,0.0598,1208,all
IFI27,0.1213,1208,all
IFI27L1,-0.0138,1208,all
IFI27L2,0.1302,1208,all
IFI30,-0.0745,1208,all
IFI35,-0.0943,1208,all
IFI44,-0.0509,1208,all
IFI44L,-0.1019,1208,all
IFI6,0.0297,1208,all
IFIH1,0.0057,1208,all
IFIT1,0.0161,1208,all
IFIT1B,0.0033,1208,all
IFIT2,-0.0074,1208,all
IFIT3,0.0484,1208,all
IFIT5,-0.0024,1208,all
IFITM1,0.0736,1090,all
IFITM10,0.0698,1208,all
IFITM2,-0.4857,1208,all
IFITM3,-1.09,1090,all
IFITM5,-0.0851,1208,all
IFNA1,-0.0203,1045,all
IFNA10,0.1622,1208,all
IFNA14,-0.0101,1208,all
IFNA16,0.0901,1208,all
IFNA17,-0.0449,1047,all
IFNA2,0.0821,1090,all
IFNA21,-0.0842,1047,all
IFNA4,-0.055,1046,all
IFNA5,-0.0277,1208,all
IFNA6,0.1108,1208,all
IFNA7,-0.0989,1047,all
IFNA8,0.0323,1208,all
IFNAR1,0.1077,1208,all
IFNAR2,0.0694,1208,all
IFNB1,0.2535,1208,all
IFNE,0.1611,1208,all
IFNG,0.1152,1208,all
IFNGR1,0.0946,1208,all
IFNGR2,0.1012,1208,all
IFNK,0.1153,1208,all
IFNL1,-0.0686,1208,all
IFNL2,0.1141,1047,all
IFNL3,-0.0595,1047,all
IFNLR1,-0.2073,1208,all
IFNW1,-0.0196,1208,all
IFRD1,0.0355,1208,all
IFRD2,-0.1113,1208,all
IFT122,-0.05,1208,all
IFT140,-0.1304,1208,all
IFT172,-0.0246,1208,all
IFT20,0.088,1208,all
IFT22,0.0148,1208,all
IFT25,0.0894,1208,all
IFT27,0.0675,1208,all
IFT43,-0.0057,1208,all
IFT46,0.0593,1208,all
IFT52,0.0557,1208,all
IFT56,-0.0042,1208,all
IFT57,-0.0996,1208,all
IFT70A,-0.0932,1165,all
IFT70B,0.012,1208,all
IFT74,0.0758,1208,all
IFT80,-0.1021,1208,all
IFT81,-0.0026,1208,all
IFT88,0.0019,1208,all
IFTAP,0.0443,1208,all
IGBP1,-1.138,1208,all
IGDCC3,-0.1274,1208,all
IGDCC4,-0.1359,1208,all
IGF1,-0.0368,1208,all
IGF1R,-0.2616,1208,all
IGF2,-0.0654,1208,all
IGF2BP1,-0.0573,1208,all
IGF2BP2,-0.2686,1208,all
IGF2BP3,-0.1371,1208,all
IGF2R,0.1007,1208,all
IGFALS,-0.0701,1208,all
IGFBP1,-0.0716,1208,all
IGFBP2,0.1152,1208,all
IGFBP3,-0.1079,1208,all
IGFBP4,-0.0645,1208,all
IGFBP5,-0.0011,1208,all
IGFBP6,-0.1312,1208,all
IGFBP7,-0.1089,1208,all
IGFBPL1,-0.0058,1208,all
IGFL1,0.3081,1208,all
IGFL2,-0.0542,1208,all
IGFL3,0.0194,1208,all
IGFL4,0.1076,1208,all
IGFLR1,-0.1698,1208,all
IGFN1,-0.1205,1208,all
IGHMBP2,-0.1443,1208,all
IGIP,0.0714,1208,all
IGLL1,-0.0866,1208,all
IGLL5,-0.0749,1208,all
IGLON5,-0.2777,1208,all
IGSF1,0.0987,1208,all
IGSF10,-0.0436,1208,all
IGSF11,0.0483,1208,all
IGSF21,-0.0029,1208,all
IGSF22,-0.0369,1208,all
IGSF23,-0.0669,1208,all
IGSF3,-0.1992,1208,all
IGSF5,0.1128,1208,all
IGSF6,0.0075,1208,all
IGSF8,-0.0281,1208,all
IGSF9,-0.0056,1208,all
IGSF9B,0.0346,1208,all
IHH,-0.0086,1208,all
IHO1,-0.2035,1208,all
IK,-1.5597,1208,all
IKBIP,-0.0224,1208,all
IKBKB,-0.076,1208,all
IKBKE,0.017,1208,all
IKBKG,-0.1766,1208,all
IKZF1,0.0284,1208,all
IKZF2,0.1092,1208,all
IKZF3,-0.1036,1208,all
IKZF4,-0.0511,1208,all
IKZF5,0.0125,1208,all
IL10,-0.0145,1208,all
IL10RA,0.0097,1208,all
IL10RB,0.0322,1208,all
IL11,-0.1224,1208,all
IL11RA,-0.008,1208,all
IL12A,-0.0221,1208,all
IL12B,0.1252,1208,all
IL12RB1,-0.1106,1208,all
IL12RB2,-0.1998,1208,all
IL13,0.0003,1208,all
IL13RA1,0.043,1208,all
IL13RA2,0.0494,1208,all
IL15,0.0842,1208,all
IL15RA,-0.0344,1208,all
IL16,0.134,1208,all
IL17A,0.0161,1208,all
IL17B,0.079,1208,all
IL17C,-0.0498,1208,all
IL17D,-0.1547,1208,all
IL17F,-0.0533,1208,all
IL17RA,-0.055,1208,all
IL17RB,-0.0449,1208,all
IL17RC,0.049,1208,all
IL17RD,-0.0188,1208,all
IL17RE,-0.0223,1208,all
IL17REL,0.0255,1208,all
IL18,-0.1145,1208,all
IL18BP,-0.078,1208,all
IL18R1,0.0241,1208,all
IL18RAP,-0.0001,1208,all
IL19,0.0631,1208,all
IL1A,-0.0605,1208,all
IL1B,0.0061,1208,all
IL1F10,-0.0478,1208,all
IL1R1,0.0239,1208,all
IL1R2,0.0199,1208,all
IL1RAP,0.05,1208,all
IL1RAPL1,0.076,1208,all
IL1RAPL2,-0.0212,1208,all
IL1RL1,0.0861,1208,all
IL1RL2,-0.108,1208,all
IL1RN,-0.017,1208,all
IL2,0.0473,1208,all
IL20,-0.019,1208,all
IL20RA,0.0375,1208,all
IL20RB,0.0761,1208,all
IL21,0.0918,1208,all
IL21R,-0.0092,1208,all
IL22,0.0219,1208,all
IL22RA1,-0.1106,1208,all
IL22RA2,0.0418,1208,all
IL23A,-0.0268,1208,all
IL23R,0.0446,1208,all
IL24,-0.0483,1208,all
IL25,0.0653,1208,all
IL26,0.0586,1208,all
IL27,-0.0298,1208,all
IL27RA,-0.0396,1208,all
IL2RA,0.0381,1208,all
IL2RB,0.0244,1208,all
IL2RG,0.0672,1208,all
IL3,-0.0953,1208,all
IL31,-0.1243,1208,all
IL31RA,-0.0726,1208,all
IL32,0.065,1208,all
IL33,0.1688,1208,all
IL34,-0.1083,1208,all
IL36A,-0.2046,1208,all
IL36B,-0.1188,1208,all
IL36G,-0.0985,1208,all
IL36RN,-0.0087,1208,all
IL37,-0.0333,1208,all
IL3RA,0.1207,74,all
IL4,-0.0461,1208,all
IL4I1,-0.0767,1208,all
IL4R,-0.0487,1208,all
IL5,-0.0632,1208,all
IL5RA,0.1365,1208,all
IL6,0.0965,1208,all
IL6R,-0.0899,1208,all
IL6ST,-0.1291,1208,all
IL7,0.1157,1208,all
IL7R,0.0554,1208,all
IL9,0.0245,1208,all
IL9R,-0.1915,1208,all
ILDR1,0.0043,1208,all
ILDR2,-0.0644,1208,all
ILF2,-1.0249,1208,all
ILF3,-1.089,1208,all
ILK,-0.3447,1208,all
ILKAP,0.0028,1208,all
ILRUN,-0.1083,1208,all
ILVBL,-0.0627,1208,all
IMMP1L,0.0009,1208,all
IMMP2L,-0.0409,1208,all
IMMT,-0.2222,1208,all
IMP3,-1.3408,1208,all
IMP4,-1.2203,1208,all
IMPA1,-0.0335,1208,all
IMPA2,-0.0464,1208,all
IMPACT,-0.0736,1208,all
IMPDH1,-0.222,1208,all
IMPDH2,-0.5532,1208,all
IMPG1,0.1119,1208,all
IMPG2,0.0245,1208,all
INA,-0.0144,1208,all
INAFM1,-0.0936,1208,all
INAFM2,0.152,74,all
INAVA,-0.0694,1208,all
INCA1,-0.0265,1208,all
INCENP,-1.2721,1208,all
INF2,0.1049,1208,all
ING1,0.1014,1208,all
ING2,0.0028,1208,all
ING3,-0.4994,1208,all
ING4,0.1456,1208,all
ING5,0.0277,1208,all
INHA,0.0774,1208,all
INHBA,0.026,1208,all
INHBB,-0.0266,1208,all
INHBC,-0.0742,1208,all
INHBE,-0.3008,1208,all
INIP,-0.0162,1208,all
INKA1,-0.1057,1208,all
INKA2,-0.0555,1208,all
INMT,-0.0097,1208,all
INO80,-0.6532,1208,all
INO80B,-0.4408,1208,all
INO80C,-0.1286,1208,all
INO80D,0.031,1208,all
INO80E,-0.1368,1208,all
INPP1,0.0332,1208,all
INPP4A,-0.109,1208,all
INPP4B,0.0464,1208,all
INPP5A,-0.0783,1208,all
INPP5B,-0.1141,1208,all
INPP5D,0.2149,74,all
INPP5E,0.0054,1208,all
INPP5F,-0.0072,1208,all
INPP5J,0.0675,1208,all
INPP5K,-0.1187,1208,all
INPPL1,-0.0274,1208,all
INS,-0.3068,1208,all
INSC,-0.04,1208,all
INSIG1,0.0257,1208,all
INSIG2,0.0366,1208,all
INSL3,-0.012,1208,all
INSL4,0.1814,1208,all
INSL5,-0.0493,1208,all
INSL6,0.1682,1208,all
INSM1,0.0481,1208,all
INSM2,-0.0627,1208,all
INSR,-0.0653,1208,all
INSRR,-0.0968,1208,all
INSYN1,-0.0117,1208,all
INSYN2A,0.0597,1208,all
INSYN2B,0.1138,1208,all
INTS1,-1.119,1208,all
INTS10,-0.4172,1208,all
INTS11,-2.2861,1208,all
INTS12,-0.4463,1208,all
INTS13,-0.3836,1208,all
INTS14,-0.5433,1208,all
INTS15,-0.5314,1208,all
INTS2,-0.8196,1208,all
INTS3,-1.7896,1208,all
INTS4,-1.7262,383,all
INTS5,-1.0725,1208,all
INTS6,-1.0489,1208,all
INTS6L,0.0672,1208,all
INTS7,-1.1052,1208,all
INTS8,-0.9481,1208,all
INTS9,-1.7683,1208,all
INTU,0.0256,1208,all
INVS,0.0634,1208,all
IP6K1,0.0161,1208,all
IP6K2,-0.0902,1208,all
IP6K3,-0.098,1208,all
IPCEF1,-0.0222,1208,all
IPMK,-0.1182,1208,all
IPO11,-1.1787,1208,all
IPO13,-1.234,1208,all
IPO4,-0.1566,1208,all
IPO5,-0.2438,1208,all
IPO7,-1.0361,1208,all
IPO8,0.0416,1208,all
IPO9,-0.8036,1208,all
IPP,-0.0969,1208,all
IPPK,-0.4912,1208,all
IQANK1,0.3449,70,all
IQCA1,-0.056,1208,all
IQCA1L,0.0648,74,all
IQCB1,-0.1316,1208,all
IQCC,-0.1759,1208,all
IQCD,-0.0154,1208,all
IQCE,-0.0655,1208,all
IQCF1,-0.1957,1208,all
IQCF2,-0.0992,1208,all
IQCF3,-0.0963,1208,all
IQCF5,-0.0393,1208,all
IQCF6,0.0483,1208,all
IQCG,0.0181,1208,all
IQCH,-0.0043,1208,all
IQCJ,0.114,1208,all
IQCK,0.0202,1208,all
IQCM,0.2767,70,all
IQCN,-0.1173,1208,all
IQGAP1,-0.0218,1208,all
IQGAP2,0.1058,1208,all
IQGAP3,-0.143,1208,all
IQSEC1,-0.0316,1208,all
IQSEC2,0.0468,1208,all
IQSEC3,-0.0389,1208,all
IQUB,0.1511,1208,all
IRAG1,0.0998,1208,all
IRAG2,-0.0261,1208,all
IRAK1,0.084,1208,all
IRAK1BP1,-0.011,1208,all
IRAK2,0.0265,1208,all
IRAK3,0.0374,1208,all
IRAK4,0.0186,1208,all
IREB2,-0.2154,1208,all
IRF1,-0.0503,1208,all
IRF2,-0.0078,1208,all
IRF2BP1,-0.132,1208,all
IRF2BP2,-0.1741,1208,all
IRF2BPL,-0.0438,1208,all
IRF3,0.0225,1208,all
IRF4,-0.1845,1208,all
IRF5,-0.0233,1208,all
IRF6,-0.0682,1208,all
IRF7,-0.0274,1208,all
IRF8,0.0373,1208,all
IRF9,-0.0644,1208,all
IRGC,0.0362,1208,all
IRGM,0.0781,1208,all
IRGQ,0.0145,1208,all
IRS1,-0.0965,1208,all
IRS2,-0.4021,1208,all
IRS4,-0.1164,1208,all
IRX1,0.0376,1208,all
IRX2,0.037,1208,all
IRX3,-0.1621,1208,all
IRX4,0.0199,1208,all
IRX5,-0.026,1208,all
IRX6,-0.0384,1208,all
ISCA1,-0.3028,1208,all
ISCA2,-0.6982,1208,all
ISCU,-2.0297,1208,all
ISG15,-0.0538,1208,all
ISG20,-0.0214,1208,all
ISG20L2,-0.9521,1208,all
ISL1,-0.0594,1208,all
ISL2,0.0273,1208,all
ISLR,0.1095,1208,all
ISLR2,-0.0061,1208,all
ISM1,0.0412,1208,all
ISM2,-0.0295,1208,all
ISOC1,0.0017,1208,all
ISOC2,-0.1199,1208,all
IST1,-0.2454,1208,all
ISX,0.035,1208,all
ISY1,-1.1414,1208,all
ISYNA1,-0.2955,1208,all
ITCH,0.0193,1208,all
ITFG1,0.103,1208,all
ITFG2,0.0316,1208,all
ITGA1,-0.0829,1208,all
ITGA10,-0.0972,1208,all
ITGA11,-0.1167,1208,all
ITGA2,0.0179,1208,all
ITGA2B,-0.2179,1208,all
ITGA3,-0.1332,1208,all
ITGA4,-0.1383,1208,all
ITGA5,-0.1399,1208,all
ITGA6,-0.0956,1208,all
ITGA7,-0.1825,1208,all
ITGA8,-0.0611,1208,all
ITGA9,-0.1366,1208,all
ITGAD,-0.0129,1208,all
ITGAE,0.0953,1208,all
ITGAL,0.0129,1208,all
ITGAM,-0.0314,1208,all
ITGAV,-0.4959,1208,all
ITGAX,-0.0386,1208,all
ITGB1,-0.2072,1208,all
ITGB1BP1,0.0252,1208,all
ITGB1BP2,0.1501,1208,all
ITGB2,0.0184,1208,all
ITGB3,-0.1143,1208,all
ITGB3BP,0.1004,1208,all
ITGB4,-0.0612,1208,all
ITGB5,-0.4774,1208,all
ITGB6,-0.0285,1208,all
ITGB7,-0.1085,1208,all
ITGB8,0.0067,1208,all
ITGBL1,0.0766,1208,all
ITIH1,-0.0595,1208,all
ITIH2,0.0659,1208,all
ITIH3,-0.0971,1208,all
ITIH4,-0.097,1208,all
ITIH5,0.1628,77,all
ITIH6,0.0442,1208,all
ITK,0.0283,1208,all
ITLN1,0.0331,1208,all
ITLN2,-0.0547,1208,all
ITM2A,0.0096,1208,all
ITM2B,-0.1205,1208,all
ITM2C,-0.0469,1208,all
ITPA,-0.0914,1208,all
ITPK1,-0.2527,1208,all
ITPKA,-0.1034,1208,all
ITPKB,0.0286,1208,all
ITPKC,0.0171,1208,all
ITPR1,-0.0102,1208,all
ITPR2,-0.0275,1208,all
ITPR3,-0.0851,1208,all
ITPRID1,0.2058,1208,all
ITPRID2,-0.045,1208,all
ITPRIP,-0.0538,1208,all
ITPRIPL1,-0.0796,1208,all
ITPRIPL2,0.1481,1208,all
ITSN1,0.037,1208,all
ITSN2,-0.0161,1208,all
IVD,-0.045,1208,all
IVL,0.1379,1208,all
IVNS1ABP,0.012,1208,all
IWS1,-0.1665,1208,all
IYD,-0.0221,1208,all
IZUMO1,-0.1005,1208,all
IZUMO1R,-0.0864,77,all
IZUMO2,0.0318,1208,all
IZUMO3,0.1956,1208,all
IZUMO4,-0.0626,1208,all
JADE1,0.0641,1208,all
JADE2,-0.0055,1208,all
JADE3,-0.0719,1208,all
JAG1,-0.0133,1208,all
JAG2,0.0456,1208,all
JAGN1,0.1124,1208,all
JAK1,-0.0685,1208,all
JAK2,0.1258,1208,all
JAK3,-0.0962,1208,all
JAKMIP1,0.1021,1208,all
JAKMIP2,0.0083,1208,all
JAKMIP3,-0.0225,1208,all
JAM2,0.0432,1208,all
JAM3,0.1455,1208,all
JAML,0.0027,1208,all
JARID2,-0.0078,1208,all
JAZF1,-0.3961,1208,all
JCAD,-0.0647,1208,all
JCHAIN,0.0885,1208,all
JDP2,0.0673,1208,all
JHY,-0.1202,1208,all
JKAMP,-0.1643,1208,all
JMJD1C,-0.0121,1208,all
JMJD4,-0.0088,1208,all
JMJD6,-0.4488,1208,all
JMJD7,-0.0339,1208,all
JMJD8,-0.0657,1208,all
JMY,-0.1406,1208,all
JOSD1,-0.1591,1208,all
JOSD2,0.1169,1208,all
JPH1,-0.0492,1208,all
JPH2,0.0039,1208,all
JPH3,0.0996,1208,all
JPH4,-0.1809,1208,all
JPT1,-0.1667,1208,all
JPT2,-0.0718,1208,all
JRK,0.1746,74,all
JRKL,-0.0037,1208,all
JSRP1,-0.1068,1208,all
JTB,-0.1642,1208,all
JUN,-0.284,1208,all
JUNB,-0.2885,1208,all
JUND,-0.1571,1208,all
JUP,-0.1069,1208,all
KALRN,-0.072,1208,all
KANK1,0.0613,1208,all
KANK2,0.0287,1208,all
KANK3,0.087,1208,all
KANK4,-0.0612,1208,all
KANSL1,-0.7402,1208,all
KANSL1L,0.0919,1208,all
KANSL2,-0.9807,1208,all
KANSL3,-1.1827,1208,all
KARS1,-1.691,1208,all
KASH5,-0.0027,1208,all
KAT14,-0.1306,1208,all
KAT2A,-0.2344,1208,all
KAT2B,0.02,1208,all
KAT5,-0.6048,1208,all
KAT6A,-0.0949,1208,all
KAT6B,-0.0223,1208,all
KAT7,-0.2999,1208,all
KAT8,-1.4515,1208,all
KATNA1,-0.0369,1208,all
KATNAL1,0.0364,1208,all
KATNAL2,0.0644,1208,all
KATNB1,-0.4892,1208,all
KATNBL1,-0.0221,1208,all
KATNIP,0.0322,1208,all
KAZALD1,0.0342,1208,all
KAZN,0.0146,1208,all
KBTBD11,0.0873,1208,all
KBTBD12,-0.0319,1208,all
KBTBD13,0.0366,1208,all
KBTBD2,-0.2002,1208,all
KBTBD3,-0.0907,1208,all
KBTBD4,-0.0245,1208,all
KBTBD6,0.0253,1208,all
KBTBD7,0.0392,1165,all
KBTBD8,0.101,1208,all
KCMF1,-0.7999,1208,all
KCNA1,0.0653,1208,all
KCNA10,-0.3366,1208,all
KCNA2,-0.0315,1208,all
KCNA3,-0.1591,1208,all
KCNA4,-0.0445,1208,all
KCNA5,0.0436,1208,all
KCNA6,0.1016,1208,all
KCNA7,-0.091,1208,all
KCNAB1,0.0806,1208,all
KCNAB2,-0.0098,1208,all
KCNAB3,0.0953,1208,all
KCNB1,0.031,1208,all
KCNB2,0.0636,1208,all
KCNC1,-0.1574,1208,all
KCNC2,-0.0544,1208,all
KCNC3,-0.0176,1208,all
KCNC4,-0.1995,1208,all
KCND1,-0.0189,1208,all
KCND2,0.0317,1208,all
KCND3,-0.1881,1208,all
KCNE1,0.0697,1208,all
KCNE2,0.0773,1208,all
KCNE3,-0.0726,1208,all
KCNE4,0.1914,381,all
KCNE5,0.101,1208,all
KCNF1,0.0694,1208,all
KCNG1,-0.1064,1208,all
KCNG2,0.0585,1208,all
KCNG3,-0.1107,1208,all
KCNG4,-0.0652,1208,all
KCNH1,0.0148,1208,all
KCNH2,-0.0079,1208,all
KCNH3,-0.1399,1208,all
KCNH4,-0.1047,1208,all
KCNH5,-0.0442,1208,all
KCNH6,-0.033,1208,all
KCNH7,0.0454,1208,all
KCNH8,0.0528,1208,all
KCNIP1,0.0906,1208,all
KCNIP2,-0.0265,1208,all
KCNIP3,-0.1526,1208,all
KCNIP4,0.0614,1208,all
KCNJ1,0.0999,1208,all
KCNJ10,-0.0066,1208,all
KCNJ11,-0.0152,1208,all
KCNJ12,0.2726,74,all
KCNJ13,0.0327,1208,all
KCNJ14,-0.1128,1208,all
KCNJ15,0.1401,1208,all
KCNJ16,0.0238,1208,all
KCNJ2,0.0481,1208,all
KCNJ3,-0.0438,1208,all
KCNJ4,-0.2048,1208,all
KCNJ5,0.1837,1208,all
KCNJ6,0.0103,1208,all
KCNJ8,0.0983,1208,all
KCNJ9,-0.2789,1208,all
KCNK1,0.0826,1208,all
KCNK10,0.0423,1208,all
KCNK12,-0.1534,1208,all
KCNK13,-0.0015,1208,all
KCNK15,0.0244,1208,all
KCNK16,0.0623,1208,all
KCNK17,-0.0057,1208,all
KCNK18,-0.0396,1208,all
KCNK2,0.0549,1208,all
KCNK3,0.1031,1208,all
KCNK4,-0.1646,1208,all
KCNK5,0.0255,1208,all
KCNK6,0.0686,1208,all
KCNK7,-0.1873,1208,all
KCNK9,-0.0063,1208,all
KCNMA1,0.0181,1208,all
KCNMB1,0.2171,1208,all
KCNMB2,0.0647,1208,all
KCNMB3,0.104,1208,all
KCNMB4,-0.0723,1208,all
KCNN1,-0.1329,1208,all
KCNN2,0.0622,1208,all
KCNN3,0.0439,1208,all
KCNN4,-0.0047,1208,all
KCNQ1,0.0235,1208,all
KCNQ2,0.0409,1208,all
KCNQ3,0.0245,1208,all
KCNQ4,-0.0698,1208,all
KCNQ5,-0.0273,1208,all
KCNRG,0.0152,1208,all
KCNS1,-0.0331,1208,all
KCNS2,-0.0172,1208,all
KCNS3,0.0342,1208,all
KCNT1,-0.0828,1208,all
KCNT2,0.0083,1208,all
KCNU1,0.0047,1208,all
KCNV1,0.0434,1208,all
KCNV2,0.0749,1208,all
KCP,0.1068,74,all
KCTD1,-0.0003,1165,all
KCTD10,-0.3811,1208,all
KCTD11,-0.0852,1208,all
KCTD12,0.0544,1208,all
KCTD13,0.0542,1208,all
KCTD14,-0.0423,1208,all
KCTD15,-0.0167,1208,all
KCTD16,-0.0915,1208,all
KCTD17,0.0426,1208,all
KCTD18,-0.0385,1208,all
KCTD19,-0.0033,1208,all
KCTD2,-0.1908,1208,all
KCTD20,0.0366,1208,all
KCTD21,-0.1025,1208,all
KCTD3,0.1531,1208,all
KCTD4,0.0742,1208,all
KCTD5,-0.0562,1208,all
KCTD6,0.0107,1208,all
KCTD7,-0.0368,1208,all
KCTD8,0.0049,1208,all
KCTD9,-0.2238,1208,all
KDELR1,-0.094,1208,all
KDELR2,-0.0683,1208,all
KDELR3,-0.041,1208,all
KDF1,-0.1619,1208,all
KDM1A,-0.2233,1208,all
KDM1B,-0.0282,1208,all
KDM2A,-0.6203,1208,all
KDM2B,-0.0404,1208,all
KDM3A,0.0146,1208,all
KDM3B,0.0226,1208,all
KDM4A,-0.1384,1208,all
KDM4B,-0.0165,1208,all
KDM4C,-0.0176,1208,all
KDM4D,0.0643,1208,all
KDM4E,-0.0512,1208,all
KDM5A,-0.1217,1208,all
KDM5B,-0.0804,1208,all
KDM5C,-0.1531,1208,all
KDM5D,0.4823,383,all
KDM6A,0.0962,1208,all
KDM6B,-0.0386,1208,all
KDM7A,0.0175,1208,all
KDM8,-0.5917,1208,all
KDR,-0.1103,1208,all
KDSR,-0.2986,1208,all
KEAP1,-0.1616,1208,all
KEL,0.1252,1208,all
KERA,0.1016,1208,all
KGD4,-0.314,1208,all
KHDC1,-0.0959,1208,all
KHDC1L,-0.1374,1208,all
KHDC3L,-0.0806,1208,all
KHDC4,-0.206,1208,all
KHDRBS1,-0.1273,1208,all
KHDRBS2,0.0694,1208,all
KHDRBS3,-0.0332,1208,all
KHK,-0.0548,1208,all
KHNYN,0.0411,1208,all
KHSRP,-0.2234,1208,all
KIAA0040,0.1597,77,all
KIAA0232,0.0601,1208,all
KIAA0319,-0.0266,1208,all
KIAA0319L,-0.0186,1208,all
KIAA0408,0.1419,1208,all
KIAA0513,-0.0543,1208,all
KIAA0586,-0.0492,1208,all
KIAA0753,0.0315,1208,all
KIAA0825,0.0326,1208,all
KIAA0930,0.0386,1208,all
KIAA1143,-0.3722,1208,all
KIAA1191,-0.0314,1208,all
KIAA1210,0.065,1208,all
KIAA1217,0.0177,1208,all
KIAA1328,-0.1811,1208,all
KIAA1549,0.0034,1208,all
KIAA1549L,0.0772,1208,all
KIAA1586,0.0688,1208,all
KIAA1614,-0.0425,1208,all
KIAA1671,0.0664,1208,all
KIAA1755,0.1362,1208,all
KIAA1958,0.0976,1208,all
KIAA2012,0.0533,74,all
KIAA2013,-0.2939,1208,all
KICS2,0.0177,1208,all
KIDINS220,-0.0774,1208,all
KIF11,-2.8207,1208,all
KIF12,0.0208,1208,all
KIF13A,-0.038,1208,all
KIF13B,-0.0066,1208,all
KIF14,-0.537,1208,all
KIF15,-0.2044,1208,all
KIF16B,0.0195,1208,all
KIF17,-0.0072,1208,all
KIF18A,-1.3317,1208,all
KIF18B,-0.5076,1208,all
KIF19,-0.0075,1208,all
KIF1A,-0.0965,1208,all
KIF1B,-0.0998,1208,all
KIF1C,0.0158,1208,all
KIF20A,-0.5144,1208,all
KIF20B,-0.2312,1208,all
KIF21A,-0.031,1208,all
KIF21B,-0.1414,1208,all
KIF22,-0.3321,1208,all
KIF23,-1.9633,1208,all
KIF24,-0.0358,1208,all
KIF25,0.0905,1208,all
KIF26A,-0.0544,1208,all
KIF26B,-0.034,1208,all
KIF27,-0.2602,1208,all
KIF2A,0.0011,1208,all
KIF2B,-0.0186,1208,all
KIF2C,-0.3432,1208,all
KIF3A,-0.0187,1208,all
KIF3B,-0.0083,1208,all
KIF3C,0.0279,1208,all
KIF4A,-0.6458,1208,all
KIF4B,0.0453,1208,all
KIF5A,-0.0811,1208,all
KIF5B,0.0599,1208,all
KIF5C,-0.0019,77,all
KIF6,-0.0413,1208,all
KIF7,-0.0386,1208,all
KIF9,-0.0175,1208,all
KIFAP3,-0.0168,1208,all
KIFBP,-0.2675,1208,all
KIFC1,-0.1651,1208,all
KIFC2,-0.0264,1208,all
KIFC3,0.0423,1208,all
KIN,-1.2242,1208,all
KIR2DL1,-0.041,1208,all
KIR2DL3,0.0211,1208,all
KIR2DL4,0.031,1208,all
KIR3DL1,0.0849,1208,all
KIR3DL2,-0.0371,1208,all
KIR3DL3,0.1159,1208,all
KIRREL1,0.1915,1208,all
KIRREL2,0.0245,1208,all
KIRREL3,0.1104,1208,all
KISS1,-0.0468,1208,all
KISS1R,-0.0209,1208,all
KIT,-0.0544,1208,all
KITLG,0.1017,1208,all
KIZ,0.0999,74,all
KL,0.0561,1208,all
KLB,-0.0386,1208,all
KLC1,0.0824,1208,all
KLC2,-0.5223,1208,all
KLC3,-0.0789,1208,all
KLC4,-0.0691,1208,all
KLF1,-0.1647,1208,all
KLF10,-0.128,1208,all
KLF11,0.0011,1208,all
KLF12,0.0787,1208,all
KLF13,0.0249,1208,all
KLF14,-0.0476,1208,all
KLF15,0.0222,1208,all
KLF16,-0.3309,1208,all
KLF17,-0.1169,1208,all
KLF18,-0.0414,70,all
KLF2,-0.0618,1208,all
KLF3,0.055,1208,all
KLF4,-0.0473,1208,all
KLF5,-0.4012,1208,all
KLF6,0.0291,1208,all
KLF7,-0.2558,1208,all
KLF8,-0.0584,1208,all
KLF9,-0.0552,1208,all
KLHDC1,-0.0651,1208,all
KLHDC10,-0.0392,1208,all
KLHDC2,0.1303,1208,all
KLHDC3,-0.0411,1208,all
KLHDC4,-0.1585,1208,all
KLHDC7A,0.0141,1208,all
KLHDC7B,0.0797,383,all
KLHDC8A,-0.2614,1208,all
KLHDC8B,-0.0656,1208,all
KLHDC9,-0.0265,1208,all
KLHL1,0.0523,1208,all
KLHL10,-0.0953,1208,all
KLHL11,-0.312,1208,all
KLHL12,-0.1572,1208,all
KLHL13,0.0208,1208,all
KLHL14,0.0205,1208,all
KLHL15,0.031,1208,all
KLHL17,0.0335,1208,all
KLHL18,0.0421,1208,all
KLHL2,-0.0656,1208,all
KLHL20,-0.1004,1208,all
KLHL21,0.001,1208,all
KLHL22,-0.1008,1208,all
KLHL24,0.0318,1208,all
KLHL25,-0.0241,1208,all
KLHL26,-0.0312,1208,all
KLHL28,0.0615,1208,all
KLHL29,0.0711,1208,all
KLHL3,-0.1035,1208,all
KLHL30,-0.0266,1208,all
KLHL31,0.0548,1208,all
KLHL32,0.0377,1208,all
KLHL33,-0.0056,1208,all
KLHL34,-0.1133,1208,all
KLHL35,0.0416,1208,all
KLHL36,0.123,1208,all
KLHL38,-0.0944,1208,all
KLHL4,0.143,1208,all
KLHL40,-0.1444,1208,all
KLHL41,0.0013,1208,all
KLHL42,-0.0835,1208,all
KLHL5,0.0992,1208,all
KLHL6,0.0362,1208,all
KLHL7,-0.0412,1208,all
KLHL8,0.1555,1208,all
KLHL9,0.1026,1208,all
KLK1,0.0527,1208,all
KLK10,0.0757,1208,all
KLK11,0.0436,1208,all
KLK12,0.0778,1208,all
KLK13,-0.0075,1208,all
KLK14,0.0542,1208,all
KLK15,0.1626,1208,all
KLK2,0.0566,1208,all
KLK3,0.0357,1208,all
KLK4,-0.0095,1208,all
KLK5,-0.0552,1208,all
KLK6,0.0483,1208,all
KLK7,0.0715,1208,all
KLK8,0.0298,1208,all
KLK9,-0.0164,1208,all
KLKB1,0.1033,1208,all
KLLN,-0.0571,1208,all
KLRB1,0.0533,1208,all
KLRC1,0.0844,1208,all
KLRC2,0.0061,1165,all
KLRC3,0.2077,1208,all
KLRC4,0.0636,1208,all
KLRD1,0.0516,1208,all
KLRF1,0.1508,1208,all
KLRF2,0.1181,1208,all
KLRG1,0.1251,1208,all
KLRG2,-0.0201,1208,all
KMO,0.0111,1208,all
KMT2A,-0.2062,1208,all
KMT2B,-0.2891,1208,all
KMT2C,0.0123,1208,all
KMT2D,-0.3917,1208,all
KMT2E,-0.1086,1208,all
KMT5A,-0.4907,1208,all
KMT5B,-0.261,1208,all
KMT5C,0.0155,1208,all
KNCN,-0.0533,1208,all
KNDC1,0.0173,1208,all
KNG1,-0.106,1208,all
KNL1,-0.6634,1208,all
KNOP1,0.1426,1208,all
KNSTRN,-0.0073,1208,all
KNTC1,-0.3479,1208,all
KPLCE,0.0456,1208,all
KPNA1,0.0828,1208,all
KPNA2,-0.3186,1208,all
KPNA3,0.0602,1208,all
KPNA4,-0.1634,1208,all
KPNA5,0.1234,1208,all
KPNA6,-0.3429,1208,all
KPNA7,-0.1152,1208,all
KPNB1,-2.4569,1208,all
KPRP,0.1032,1208,all
KPTN,-0.0361,1208,all
KRAS,-0.7249,1208,all
KRBA1,0.0323,77,all
KRBA2,-0.0098,1208,all
KRBOX1,-0.0555,1208,all
KRBOX4,0.2631,74,all
KRBOX5,-0.3727,1208,all
KRCC1,-0.0258,1208,all
KREMEN1,0.0122,1208,all
KREMEN2,-0.1475,1208,all
KRI1,-1.0351,1090,all
KRIT1,0.0439,1208,all
KRR1,-1.1291,1208,all
KRT1,-0.0432,1208,all
KRT10,-0.2776,1208,all
KRT12,-0.101,1208,all
KRT13,-0.0322,1208,all
KRT14,-0.0339,1208,all
KRT15,-0.0911,1208,all
KRT16,0.2565,383,all
KRT17,0.0533,77,all
KRT18,-0.137,1208,all
KRT19,-0.0939,1208,all
KRT2,0.0711,1208,all
KRT20,-0.0209,1208,all
KRT222,0.0015,1208,all
KRT23,-0.0858,1208,all
KRT24,0.0105,1208,all
KRT25,-0.1017,1208,all
KRT26,0.0236,1208,all
KRT27,0.0106,1208,all
KRT28,-0.1464,1208,all
KRT3,0.0554,1208,all
KRT31,-0.2697,1208,all
KRT32,-0.1259,1208,all
KRT33A,-0.2714,1090,all
KRT33B,-0.0282,1090,all
KRT34,-0.0111,1208,all
KRT35,-0.0739,1208,all
KRT36,0.0875,1208,all
KRT37,0.0957,1208,all
KRT38,0.0649,1208,all
KRT39,0.0291,1208,all
KRT4,-0.0993,1208,all
KRT40,0.0427,1208,all
KRT5,-0.0514,1208,all
KRT6A,-0.1875,1165,all
KRT6B,0.0142,1208,all
KRT6C,0.0341,1047,all
KRT7,-0.0928,1208,all
KRT71,-0.0465,1208,all
KRT72,-0.0998,1208,all
KRT73,0.0104,1208,all
KRT74,-0.0285,1208,all
KRT75,-0.05,1208,all
KRT76,-0.0584,1208,all
KRT77,0.0065,1208,all
KRT78,-0.0324,1208,all
KRT79,-0.164,1208,all
KRT8,-0.552,381,all
KRT80,-0.0241,1208,all
KRT81,-0.1171,1047,all
KRT82,-0.0482,1208,all
KRT83,-0.1322,1208,all
KRT84,0.0116,1208,all
KRT85,-0.0865,1208,all
KRT86,-0.212,1047,all
KRT9,-0.0941,1208,all
KRTAP1-1,0.0106,1208,all
KRTAP1-3,0.0502,74,all
KRTAP1-4,0.0879,1165,all
KRTAP1-5,0.1823,1208,all
KRTAP10-1,-0.2828,1089,all
KRTAP10-10,0.0926,1208,all
KRTAP10-11,-0.1722,1208,all
KRTAP10-2,0.1372,1089,all
KRTAP10-3,-0.1805,1046,all
KRTAP10-5,0.1176,1208,all
KRTAP10-8,-0.1258,1208,all
KRTAP10-9,-0.4246,1208,all
KRTAP11-1,0.1408,1208,all
KRTAP12-1,0.0369,1208,all
KRTAP12-2,0.1652,1208,all
KRTAP12-3,0.0828,1208,all
KRTAP12-4,-0.067,1208,all
KRTAP13-1,-0.1126,1208,all
KRTAP13-2,-0.05,1208,all
KRTAP13-3,-0.073,1207,all
KRTAP13-4,-0.0503,1208,all
KRTAP15-1,-0.0963,1208,all
KRTAP16-1,0.0098,1208,all
KRTAP17-1,-0.2165,1208,all
KRTAP19-1,0.0629,1208,all
KRTAP19-2,0.0491,1208,all
KRTAP19-3,-0.2619,1047,all
KRTAP19-4,0.0913,1208,all
KRTAP19-5,0.0448,1208,all
KRTAP19-6,-0.1118,1208,all
KRTAP19-7,-0.1599,1208,all
KRTAP19-8,-0.1178,1208,all
KRTAP20-1,0.0095,1208,all
KRTAP20-2,0.0001,1208,all
KRTAP20-3,0.0419,1090,all
KRTAP20-4,0.1145,73,all
KRTAP21-1,-0.4264,381,all
KRTAP21-2,-0.029,1208,all
KRTAP21-3,0.0971,1208,all
KRTAP22-1,0.0737,1208,all
KRTAP22-2,0.0567,1090,all
KRTAP23-1,-0.1252,1208,all
KRTAP24-1,0.0367,1208,all
KRTAP25-1,0.1881,1208,all
KRTAP26-1,0.1382,1208,all
KRTAP27-1,0.0786,1208,all
KRTAP29-1,-0.0812,1208,all
KRTAP3-1,0.0414,1208,all
KRTAP3-2,-0.0262,1208,all
KRTAP3-3,0.0229,1047,all
KRTAP4-1,0.4791,73,all
KRTAP4-11,-0.5619,1165,all
KRTAP4-2,-0.9316,1208,all
KRTAP4-3,-0.3735,1090,all
KRTAP4-4,-0.0692,1047,all
KRTAP4-5,0.0189,1208,all
KRTAP4-6,0.0357,1090,all
KRTAP4-8,-0.2508,1047,all
KRTAP4-9,-0.098,1208,all
KRTAP5-1,-0.2192,1165,all
KRTAP5-10,-0.0804,1047,all
KRTAP5-11,-0.1526,1208,all
KRTAP5-2,0.1046,1208,all
KRTAP5-3,-0.1558,1208,all
KRTAP5-5,-0.0736,1165,all
KRTAP5-6,0.1174,1047,all
KRTAP5-7,-0.6142,1047,all
KRTAP5-8,0.1134,74,all
KRTAP5-9,-0.1589,1208,all
KRTAP6-1,0.1018,1207,all
KRTAP6-2,0.0104,1208,all
KRTAP6-3,0.1643,77,all
KRTAP7-1,0.196,74,all
KRTAP8-1,-0.0532,1208,all
KRTAP9-1,0.0774,1208,all
KRTAP9-3,-0.1039,317,all
KRTAP9-6,-0.062,1208,all
KRTAP9-8,-0.0589,1047,all
KRTAP9-9,-0.2285,1165,all
KRTCAP2,-0.2027,1208,all
KRTCAP3,-0.012,1208,all
KRTDAP,-0.1255,1208,all
KSR1,-0.0138,1208,all
KSR2,-0.0004,1208,all
KTI12,-0.9953,1208,all
KTN1,0.1928,1208,all
KXD1,-0.2505,1208,all
KY,-0.0378,1208,all
KYAT1,-0.0193,1208,all
KYAT3,0.0823,1208,all
KYNU,-0.0593,1208,all
L1CAM,0.007,1208,all
L1TD1,0.0498,1208,all
L2HGDH,0.0483,1208,all
L3HYPDH,-0.1004,1208,all
L3MBTL1,-0.1484,1208,all
L3MBTL2,-0.0643,1208,all
L3MBTL3,0.0932,1208,all
L3MBTL4,0.093,1208,all
LACC1,0.0407,1208,all
LACRT,-0.008,1208,all
LACTB,-0.1942,1208,all
LACTB2,-0.0214,1208,all
LACTBL1,-0.0282,77,all
LAD1,0.0383,1208,all
LAG3,-0.0081,1208,all
LAGE3,-0.2472,1208,all
LAIR1,-0.1525,1208,all
LAIR2,-0.1129,1208,all
LALBA,0.0236,1208,all
LAMA1,0.0827,1208,all
LAMA2,-0.0026,1208,all
LAMA3,-0.0305,1208,all
LAMA4,0.0039,1208,all
LAMA5,0.0334,1208,all
LAMB1,-0.0255,1208,all
LAMB2,-0.0795,1208,all
LAMB3,-0.0365,1208,all
LAMB4,-0.1061,1208,all
LAMC1,0.1205,1208,all
LAMC2,-0.1337,1208,all
LAMC3,-0.1367,1208,all
LAMP1,0.1132,1208,all
LAMP2,0.2216,1208,all
LAMP3,0.0164,1208,all
LAMP5,0.1439,1208,all
LAMTOR1,-0.2731,1208,all
LAMTOR2,-0.6079,1208,all
LAMTOR3,-0.5747,1208,all
LAMTOR4,-0.534,1208,all
LAMTOR5,-0.1201,1208,all
LANCL1,0.0146,1208,all
LANCL2,0.0794,1208,all
LANCL3,-0.1006,1208,all
LAP3,-0.1134,1208,all
LAPTM4A,0.0464,1208,all
LAPTM4B,-0.1003,1208,all
LAPTM5,0.032,1208,all
LARGE1,0.117,1208,all
LARGE2,-0.0685,1208,all
LARP1,-0.2654,1208,all
LARP1B,-0.007,1208,all
LARP4,-0.3176,1208,all
LARP4B,-0.027,1208,all
LARP6,-0.1862,1208,all
LARP7,-0.1286,1208,all
LARS1,-1.3102,1208,all
LARS2,-0.5409,1208,all
LAS1L,-0.9309,1208,all
LASP1,-0.1276,1208,all
LAT,-0.0801,1208,all
LAT2,-0.0489,1208,all
LATS1,0.0229,1208,all
LATS2,-0.023,1208,all
LAX1,-0.0976,1208,all
LAYN,-0.0447,1208,all
LBH,-0.024,1208,all
LBHD1,-0.0334,1208,all
LBHD2,0.1753,70,all
LBP,0.0165,1208,all
LBR,0.0685,1208,all
LBX1,-0.0071,1208,all
LBX2,-0.0089,1208,all
LCA5,0.1113,1208,all
LCA5L,-0.0128,1208,all
LCAT,-0.0895,1208,all
LCE1B,-0.2751,1208,all
LCE1D,0.0885,1090,all
LCE1F,-0.8798,381,all
LCE2A,-0.4562,1208,all
LCE2B,-0.1336,1165,all
LCE2C,-1.6959,316,all
LCE2D,-0.0692,1047,all
LCE3A,-0.2606,1208,all
LCE3B,0.0997,1208,all
LCE3C,-0.1287,1208,all
LCE3D,-0.0455,1047,all
LCE3E,-0.009,1046,all
LCE4A,-0.0921,1208,all
LCE5A,-0.2554,1208,all
LCE6A,-0.1306,1208,all
LCK,0.0003,1208,all
LCLAT1,0.1104,1208,all
LCMT1,-0.3685,1208,all
LCMT2,-0.1356,1208,all
LCN1,-0.1379,383,all
LCN10,-0.2234,1208,all
LCN12,0.1034,1208,all
LCN15,-0.179,1208,all
LCN2,-0.0461,1208,all
LCN6,-0.2328,1208,all
LCN8,-0.2122,1208,all
LCN9,0.0127,1208,all
LCNL1,-0.0277,1208,all
LCOR,0.0014,1208,all
LCORL,0.1251,1208,all
LCP1,0.0134,1208,all
LCP2,0.0178,1208,all
LCT,-0.0739,1208,all
LCTL,-0.0226,1208,all
LDAF1,0.0509,1208,all
LDAH,0.1541,1208,all
LDB1,-0.2797,1208,all
LDB2,0.0395,1208,all
LDB3,-0.0933,1208,all
LDHA,-0.194,1208,all
LDHAL6A,0.0971,1208,all
LDHAL6B,0.0725,1208,all
LDHB,0.0187,1208,all
LDHC,0.0577,1208,all
LDHD,-0.0416,1208,all
LDLR,-0.2247,1208,all
LDLRAD1,-0.1182,1208,all
LDLRAD2,-0.0196,1208,all
LDLRAD3,0.034,1208,all
LDLRAD4,0.0906,1208,all
LDLRAP1,-0.037,1208,all
LDOC1,-0.0222,1208,all
LEAP2,0.0247,1208,all
LECT2,0.1007,1208,all
LEF1,-0.0003,1208,all
LEFTY1,-0.0844,1165,all
LEFTY2,0.107,1208,all
LEKR1,0.1529,1208,all
LELP1,-0.0733,1208,all
LEMD1,0.0625,1208,all
LEMD2,-0.3036,1208,all
LEMD3,-0.2163,1208,all
LENEP,0.0277,1208,all
LENG1,-0.3874,1208,all
LENG8,-0.5039,1208,all
LENG9,-0.0082,1208,all
LEO1,-0.2126,1208,all
LEP,-0.0372,1208,all
LEPR,-0.0793,1208,all
LEPROT,-0.0221,1208,all
LEPROTL1,0.1305,1208,all
LETM1,-1.1598,1208,all
LETM2,-0.0277,1208,all
LETMD1,-0.0715,1208,all
LEUTX,0.1444,77,all
LFNG,0.0284,1208,all
LGALS1,0.1208,1208,all
LGALS12,0.0081,1208,all
LGALS13,-0.0276,1208,all
LGALS14,-0.1262,1208,all
LGALS16,0.0324,1208,all
LGALS2,0.0507,1208,all
LGALS3,0.0439,1208,all
LGALS3BP,-0.2312,1208,all
LGALS4,-0.0758,1208,all
LGALS7,0.0235,1046,all
LGALS7B,-0.1851,1046,all
LGALS8,0.0797,1208,all
LGALS9,-0.1985,1208,all
LGALS9B,-0.3175,1047,all
LGALS9C,-0.0297,1047,all
LGALSL,-0.0151,1208,all
LGI1,-0.1162,1208,all
LGI2,0.0347,1208,all
LGI3,0.0281,1208,all
LGI4,0.0088,1208,all
LGMN,0.1732,1208,all
LGR4,0.0895,1208,all
LGR5,-0.0294,1208,all
LGR6,0.0128,1208,all
LGSN,-0.0589,1208,all
LHB,0.0209,1208,all
LHCGR,0.0754,1208,all
LHFPL1,-0.0278,1208,all
LHFPL2,0.067,1208,all
LHFPL3,0.2055,77,all
LHFPL4,0.0103,1208,all
LHFPL5,-0.0589,1208,all
LHFPL6,0.0346,1208,all
LHFPL7,0.0263,1208,all
LHPP,0.0569,1208,all
LHX1,-0.0808,1208,all
LHX2,0.1507,1208,all
LHX3,-0.0855,1208,all
LHX4,-0.1641,1208,all
LHX5,-0.058,1208,all
LHX6,-0.0283,1208,all
LHX8,-0.0067,1208,all
LHX9,-0.0399,1208,all
LIAS,-0.4231,1208,all
LIAT1,0.0578,1208,all
LIF,-0.0797,1208,all
LIFR,-0.0214,1208,all
LIG1,-0.3319,1208,all
LIG3,-0.2805,1208,all
LIG4,-0.0729,1208,all
LILRA1,0.1195,1208,all
LILRA2,0.1729,1208,all
LILRA4,-0.0407,1208,all
LILRA5,-0.0553,1208,all
LILRA6,0.1577,74,all
LILRB1,0.0738,1208,all
LILRB2,-0.0906,1208,all
LILRB3,0.155,1088,all
LILRB4,-0.0098,1208,all
LILRB5,-0.0254,1208,all
LIM2,0.0714,1208,all
LIMA1,-0.0185,1208,all
LIMCH1,0.0242,1208,all
LIMD1,-0.0733,1208,all
LIMD2,-0.2424,1208,all
LIME1,0.0483,1208,all
LIMK1,-0.0353,1208,all
LIMK2,0.0607,1208,all
LIMS1,0.0715,320,all
LIMS2,-0.0162,1208,all
LIN28A,-0.103,1208,all
LIN28B,-0.088,1208,all
LIN37,-0.1935,1208,all
LIN52,-0.5151,1208,all
LIN54,-0.3279,1208,all
LIN7A,0.0038,1208,all
LIN7B,-0.0479,1208,all
LIN7C,-0.2426,1208,all
LIN9,-0.2572,1208,all
LINGO1,-0.0539,1208,all
LINGO2,0.0848,1208,all
LINGO3,-0.0097,1208,all
LINGO4,0.0088,1208,all
LINS1,-0.0113,1208,all
LIPA,-0.005,1208,all
LIPC,0.0848,1208,all
LIPE,-0.0621,1208,all
LIPF,0.0122,1208,all
LIPG,0.0763,1208,all
LIPH,0.0434,1208,all
LIPI,-0.0261,1208,all
LIPJ,0.0193,1208,all
LIPK,0.0025,1208,all
LIPM,-0.1257,1208,all
LIPN,0.062,1208,all
LIPT1,-0.2108,1208,all
LIPT2,-0.0203,1208,all
LITAF,0.0244,1208,all
LIX1,-0.0239,1208,all
LIX1L,-0.1463,1208,all
LKAAEAR1,-0.0091,1208,all
LLCFC1,-0.0192,1208,all
LLGL1,-0.0834,1208,all
LLGL2,-0.0679,1208,all
LLPH,-0.5106,1208,all
LMAN1,0.1003,1208,all
LMAN1L,0.0439,1208,all
LMAN2,-0.1154,1208,all
LMAN2L,-0.0439,1208,all
LMBR1,0.0585,1208,all
LMBR1L,-0.1475,1208,all
LMBRD1,0.0456,1208,all
LMBRD2,0.0981,1208,all
LMCD1,0.1374,1208,all
LMF1,0.0198,1208,all
LMF2,-0.0421,1208,all
LMNA,-0.2429,1208,all
LMNB1,-0.1959,1208,all
LMNB2,0.0405,1208,all
LMNTD1,0.0068,1208,all
LMNTD2,0.006,1208,all
LMO1,0.0858,1208,all
LMO2,-0.0068,1208,all
LMO3,0.0756,1208,all
LMO4,0.0512,1208,all
LMO7,0.156,1208,all
LMOD1,-0.0907,1208,all
LMOD2,0.0572,1208,all
LMOD3,-0.1242,1208,all
LMTK2,-0.1033,1208,all
LMTK3,-0.011,1208,all
LMX1A,0.0651,1208,all
LMX1B,0.0751,1208,all
LNP1,-0.0546,1208,all
LNPEP,-0.0598,1208,all
LNPK,0.0817,1208,all
LNX1,-0.0099,1208,all
LNX2,0.0888,1208,all
LONP1,-1.7024,1208,all
LONP2,0.1328,1208,all
LONRF1,0.1184,1208,all
LONRF2,-0.0135,1208,all
LONRF3,-0.001,1208,all
LORICRIN,-0.0104,1208,all
LOX,0.0915,1208,all
LOXHD1,0.1333,1208,all
LOXL1,-0.0417,1208,all
LOXL2,-0.0123,1208,all
LOXL3,-0.1435,1208,all
LOXL4,-0.0663,1208,all
LPA,-0.1766,1165,all
LPAR1,-0.004,1208,all
LPAR3,0.0347,1208,all
LPAR4,0.0919,1208,all
LPAR5,-0.0583,1208,all
LPAR6,0.0676,1208,all
LPCAT1,0.035,1208,all
LPCAT2,0.102,1208,all
LPCAT3,-0.1944,1208,all
LPCAT4,-0.0381,1208,all
LPGAT1,-0.0725,1208,all
LPIN1,0.1123,1208,all
LPIN2,0.0773,1208,all
LPIN3,0.066,1208,all
LPL,0.1702,1208,all
LPO,-0.1301,1208,all
LPP,0.0601,1208,all
LPXN,0.0822,1208,all
LRAT,0.0477,1208,all
LRATD1,-0.0257,1208,all
LRATD2,-0.0772,1208,all
LRBA,0.0419,1208,all
LRCH1,0.0606,1208,all
LRCH2,-0.0237,1208,all
LRCH3,-0.0821,1208,all
LRCH4,-0.1583,1208,all
LRCOL1,0.0945,74,all
LRFN1,-0.1018,1208,all
LRFN2,0.16,1208,all
LRFN3,-0.086,1208,all
LRFN4,-0.1336,1208,all
LRFN5,0.0764,1208,all
LRG1,0.0255,1208,all
LRGUK,0.0328,1208,all
LRIF1,-0.0801,1208,all
LRIG1,-0.0029,1208,all
LRIG2,-0.0667,1208,all
LRIG3,0.0186,1208,all
LRIT1,-0.0752,1208,all
LRIT2,0.0967,1208,all
LRIT3,0.1332,1208,all
LRMDA,0.0286,1208,all
LRP1,-0.1215,1208,all
LRP10,0.0435,1208,all
LRP11,0.1304,1208,all
LRP12,0.0698,1208,all
LRP1B,-0.153,1208,all
LRP2,-0.0896,1208,all
LRP2BP,0.0551,1208,all
LRP3,0.056,1208,all
LRP4,-0.1755,1208,all
LRP5,-0.1776,1208,all
LRP6,-0.0028,1208,all
LRP8,-0.179,1208,all
LRPAP1,0.0143,1208,all
LRPPRC,-0.6743,1208,all
LRR1,-2.4625,1208,all
LRRC1,-0.1832,1208,all
LRRC10,-0.0198,1208,all
LRRC10B,-0.1235,1208,all
LRRC14,0.0139,1208,all
LRRC14B,0.0293,1208,all
LRRC15,-0.1507,1208,all
LRRC17,-0.0115,1208,all
LRRC18,0.0434,1208,all
LRRC19,0.1265,1208,all
LRRC2,0.0278,1208,all
LRRC20,0.0262,1208,all
LRRC23,0.0164,1208,all
LRRC24,0.0554,1208,all
LRRC25,0.0233,1208,all
LRRC26,0.1098,1208,all
LRRC27,0.1534,1208,all
LRRC28,-0.0304,1208,all
LRRC3,0.0344,1208,all
LRRC30,0.0326,1208,all
LRRC31,0.0665,1208,all
LRRC32,-0.0936,1208,all
LRRC34,-0.0272,1208,all
LRRC36,0.0812,1208,all
LRRC37A2,-0.4187,1047,all
LRRC37A3,-0.4365,1047,all
LRRC37B,-0.4438,1208,all
LRRC38,0.023,1208,all
LRRC39,-0.0861,1208,all
LRRC3B,-0.0148,1208,all
LRRC3C,-0.184,1208,all
LRRC4,0.0625,1208,all
LRRC40,0.0418,1208,all
LRRC41,-0.063,1208,all
LRRC42,-0.0247,1208,all
LRRC43,-0.1046,1208,all
LRRC45,-0.1556,1208,all
LRRC46,-0.1379,1208,all
LRRC47,0.0251,1208,all
LRRC49,-0.0205,1208,all
LRRC4B,-0.0196,1208,all
LRRC4C,0.081,1208,all
LRRC51,0.0855,1208,all
LRRC52,0.1572,1208,all
LRRC53,0.0484,70,all
LRRC55,-0.0755,1208,all
LRRC56,-0.0529,1208,all
LRRC57,-0.1053,1208,all
LRRC58,-0.0201,1208,all
LRRC59,-0.0712,1208,all
LRRC61,0.0995,1208,all
LRRC63,0.0645,1208,all
LRRC66,0.0137,1208,all
LRRC7,0.0588,1208,all
LRRC70,0.1771,1208,all
LRRC71,-0.1808,1208,all
LRRC72,0.1243,1208,all
LRRC73,-0.1766,1208,all
LRRC74A,-0.017,1208,all
LRRC74B,0.3269,74,all
LRRC75A,-0.1059,1208,all
LRRC75B,-0.1652,1208,all
LRRC8A,0.0209,1208,all
LRRC8B,-0.0615,1208,all
LRRC8C,0.012,1208,all
LRRC8D,0.0356,1208,all
LRRC8E,-0.1069,1208,all
LRRC9,-0.1545,73,all
LRRCC1,0.1276,1208,all
LRRD1,0.0545,1208,all
LRRFIP1,0.0023,1208,all
LRRFIP2,0.1118,1208,all
LRRIQ1,-0.0229,1208,all
LRRIQ3,0.0465,1208,all
LRRIQ4,-0.0042,1208,all
LRRK1,0.0353,1208,all
LRRK2,-0.0783,1208,all
LRRN1,0.1148,1208,all
LRRN2,-0.085,1208,all
LRRN3,0.0096,1208,all
LRRN4,0.0821,1208,all
LRRN4CL,-0.0719,1208,all
LRRTM1,0.0113,1208,all
LRRTM2,0.0244,1208,all
LRRTM3,0.0305,1208,all
LRRTM4,0.0225,1208,all
LRSAM1,0.0049,1208,all
LRTM1,-0.067,1208,all
LRTM2,0.0977,1208,all
LRWD1,-0.1745,1208,all
LSAMP,0.0962,1208,all
LSG1,-0.978,1208,all
LSM1,-0.0293,1208,all
LSM10,-0.4183,1208,all
LSM11,-0.7694,1208,all
LSM12,-0.5345,1208,all
LSM14A,-0.2738,1208,all
LSM14B,0.1023,1208,all
LSM2,-2.6383,1208,all
LSM3,-1.5054,1208,all
LSM4,-1.5383,1208,all
LSM5,-1.1759,1208,all
LSM6,-0.8566,1208,all
LSM7,-1.7592,1208,all
LSM8,-1.8414,1208,all
LSMEM1,0.0489,1208,all
LSMEM2,-0.0236,1208,all
LSP1,0.0054,1208,all
LSR,0.1445,1208,all
LSS,-0.0197,1208,all
LST1,-0.3978,1208,all
LTA,-0.0694,1208,all
LTA4H,-0.0043,1208,all
LTB,0.0369,1208,all
LTB4R,-0.2729,1208,all
LTB4R2,-0.1934,1208,all
LTBP1,0.0704,1208,all
LTBP2,-0.0907,1208,all
LTBP3,-0.2715,1208,all
LTBP4,0.0127,74,all
LTBR,0.0268,1208,all
LTC4S,0.0108,1208,all
LTF,-0.2774,1208,all
LTK,-0.0054,1208,all
LTN1,-0.176,1208,all
LTO1,-1.9595,1208,all
LTV1,-0.7503,1208,all
LUC7L,0.0279,1208,all
LUC7L2,-0.2954,1208,all
LUC7L3,-2.0752,1208,all
LUM,0.039,1208,all
LURAP1,-0.2085,1208,all
LURAP1L,0.1406,1208,all
LUZP1,-0.0936,1208,all
LUZP2,-0.0031,1208,all
LUZP4,0.1534,1208,all
LVRN,-0.0139,1208,all
LXN,0.1601,1208,all
LY6D,0.0928,1208,all
LY6E,0.0339,1208,all
LY6G5B,-0.0474,1208,all
LY6G5C,-0.0226,1208,all
LY6G6C,0.0569,1208,all
LY6H,0.1089,1208,all
LY6K,-0.0876,1208,all
LY6L,0.0554,70,all
LY75,0.0186,1208,all
LY86,0.0448,1208,all
LY9,-0.0435,1208,all
LY96,-0.0184,1208,all
LYAR,0.1865,1208,all
LYG1,0.0329,1208,all
LYG2,-0.0123,1208,all
LYL1,-0.1264,1208,all
LYN,0.0498,1208,all
LYNX1,0.2569,383,all
LYPD1,-0.0189,1208,all
LYPD2,-0.1633,1208,all
LYPD3,-0.0529,1208,all
LYPD4,-0.1373,1208,all
LYPD5,0.0627,1208,all
LYPD6,-0.0609,1208,all
LYPD6B,-0.0798,1208,all
LYPD8,-0.0291,74,all
LYPLA1,-0.1427,1208,all
LYPLA2,-0.2794,1208,all
LYPLAL1,0.038,1208,all
LYRM1,0.1333,1208,all
LYRM2,-0.2198,1208,all
LYRM4,-1.5065,1208,all
LYRM7,-0.103,1208,all
LYRM9,-0.0831,1208,all
LYSET,-0.1448,1208,all
LYSMD1,-0.2576,1208,all
LYSMD2,0.0584,1208,all
LYSMD3,0.1234,1208,all
LYSMD4,0.163,1208,all
LYST,-0.0387,1208,all
LYVE1,0.0038,1208,all
LYZ,-0.0488,1208,all
LYZL4,-0.0327,1208,all
LYZL6,-0.0052,1208,all
LZIC,-0.0522,1208,all
LZTFL1,0.0054,1208,all
LZTR1,0.0019,1208,all
LZTS1,0.0197,1208,all
LZTS2,0.001,1208,all
LZTS3,-0.0066,1208,all
M1AP,-0.1014,1208,all
M6PR,-0.0199,1208,all
MAB21L1,0.0348,1208,all
MAB21L2,0.0818,1208,all
MAB21L3,-0.012,1208,all
MAB21L4,0.0259,1208,all
MACC1,0.0376,1208,all
MACF1,-0.0801,1208,all
MACIR,-0.1632,1208,all
MACO1,-0.0528,1208,all
MACROD1,-0.0966,1208,all
MACROD2,0.1172,1208,all
MACROH2A1,-0.1548,1208,all
MACROH2A2,-0.1821,1208,all
MAD1L1,-0.0866,1208,all
MAD2L1,-1.3656,1208,all
MAD2L1BP,-0.5017,1208,all
MAD2L2,-1.0553,1208,all
MADCAM1,-0.0722,1208,all
MADD,-0.0247,1208,all
MAEA,-0.3824,1208,all
MAEL,0.0301,1208,all
MAF,-0.1539,1208,all
MAF1,-0.1718,1208,all
MAFA,0.017,1208,all
MAFB,0.0915,1208,all
MAFF,-0.1994,1208,all
MAFG,-0.1648,1208,all
MAFK,-0.0978,1208,all
MAG,-0.1743,1208,all
MAGEA1,0.012,1208,all
MAGEA10,0.0679,1208,all
MAGEA11,-0.0291,1208,all
MAGEA12,0.0587,1208,all
MAGEA4,0.0763,1208,all
MAGEA6,-0.046,1047,all
MAGEA8,0.0311,1208,all
MAGEB1,0.1674,1208,all
MAGEB10,0.1128,1208,all
MAGEB16,-0.002,1208,all
MAGEB17,0.0563,1208,all
MAGEB18,0.0381,1208,all
MAGEB2,0.1485,1208,all
MAGEB3,0.054,1208,all
MAGEB4,0.1059,1208,all
MAGEB5,0.0875,1208,all
MAGEB6,0.06,1208,all
MAGEC1,0.0815,1165,all
MAGEC2,0.045,1208,all
MAGEC3,0.0736,1208,all
MAGED1,0.0569,1208,all
MAGED2,0.1844,1208,all
MAGEE1,0.119,1208,all
MAGEE2,0.0552,1208,all
MAGEF1,0.0033,1208,all
MAGEH1,-0.0975,1208,all
MAGEL2,0.0344,77,all
MAGI1,-0.0322,1208,all
MAGI2,0.0417,1208,all
MAGI3,-0.0334,1208,all
MAGIX,0.039,1208,all
MAGOH,-0.8829,1208,all
MAGOHB,0.0035,1208,all
MAGT1,-0.0024,1208,all
MAIP1,-0.1219,1208,all
MAJIN,-0.1351,1208,all
MAK,0.0315,1208,all
MAK16,-2.0301,1208,all
MAL,-0.1481,1208,all
MAL2,0.1675,74,all
MALL,-0.1952,1208,all
MALRD1,0.0658,74,all
MALSU1,-0.1128,1208,all
MALT1,0.1234,1208,all
MAMDC2,-0.0182,1208,all
MAMDC4,0.0506,1208,all
MAML1,-0.0607,1208,all
MAML2,-0.0135,1208,all
MAML3,0.0924,1208,all
MAMLD1,0.0691,1208,all
MAMSTR,0.0129,1208,all
MAN1A1,0.0321,1208,all
MAN1A2,-0.0091,1208,all
MAN1B1,0.0014,1208,all
MAN1C1,-0.0655,1208,all
MAN2A1,0.0614,1208,all
MAN2A2,0.0935,1208,all
MAN2B1,-0.1218,1208,all
MAN2B2,0.0506,1208,all
MAN2C1,-0.1203,1208,all
MANBA,0.0633,1208,all
MANBAL,-0.1375,1208,all
MANEA,0.0866,1208,all
MANEAL,-0.0884,1208,all
MANF,-0.4272,1208,all
MANSC1,-0.0325,1208,all
MANSC4,-0.105,1208,all
MAOA,0.1421,1208,all
MAOB,0.0518,1208,all
MAP10,-0.1615,1208,all
MAP1A,-0.0317,1208,all
MAP1B,0.0173,1208,all
MAP1LC3A,-0.1309,1208,all
MAP1LC3B,-0.2738,1090,all
MAP1LC3B2,-0.0273,1164,all
MAP1LC3C,-0.0055,1208,all
MAP1S,0.0064,1208,all
MAP2,0.0722,1208,all
MAP2K1,-0.1639,1208,all
MAP2K2,-0.1872,1208,all
MAP2K3,0.0614,1208,all
MAP2K4,0.0805,1208,all
MAP2K5,-0.0609,1208,all
MAP2K6,-0.0244,1208,all
MAP2K7,-0.1125,1208,all
MAP3K1,-0.1028,1208,all
MAP3K10,-0.0364,1208,all
MAP3K11,-0.2667,1208,all
MAP3K12,-0.0743,1208,all
MAP3K13,-0.0603,1208,all
MAP3K14,-0.1378,74,all
MAP3K15,-0.0179,77,all
MAP3K19,-0.0325,1208,all
MAP3K2,-0.0815,1208,all
MAP3K20,-0.0749,1208,all
MAP3K21,-0.0129,1208,all
MAP3K3,-0.1141,1208,all
MAP3K4,-0.0427,1208,all
MAP3K5,0.0262,1208,all
MAP3K6,-0.144,1208,all
MAP3K7,-0.1202,1208,all
MAP3K7CL,0.0355,1208,all
MAP3K8,0.0379,1208,all
MAP3K9,0.0754,1208,all
MAP4,0.0056,1208,all
MAP4K1,-0.002,1208,all
MAP4K2,-0.1491,1208,all
MAP4K3,0.063,1208,all
MAP4K4,0.0309,1208,all
MAP4K5,0.0164,77,all
MAP6,-0.0622,1208,all
MAP6D1,-0.0614,1208,all
MAP7,-0.1281,1208,all
MAP7D1,-0.0417,1208,all
MAP7D2,0.1144,1208,all
MAP7D3,0.0403,1208,all
MAP9,0.1023,1208,all
MAPDA,-0.0477,1208,all
MAPK1,-0.2022,1208,all
MAPK10,-0.0412,1208,all
MAPK11,0.0707,1208,all
MAPK12,-0.0017,1208,all
MAPK13,-0.0667,1208,all
MAPK14,-0.1823,1208,all
MAPK15,-0.2081,1208,all
MAPK1IP1L,-0.1562,1208,all
MAPK3,-0.0844,1208,all
MAPK4,0.0791,1208,all
MAPK6,-0.1978,1208,all
MAPK7,0.0484,1208,all
MAPK8,0.1477,1208,all
MAPK8IP1,-0.0809,1208,all
MAPK8IP2,0.4202,77,all
MAPK8IP3,-0.0561,1208,all
MAPK9,0.1691,1208,all
MAPKAP1,-0.2725,1208,all
MAPKAPK2,-0.026,1208,all
MAPKAPK3,0.071,1208,all
MAPKAPK5,-0.1614,1208,all
MAPKBP1,-0.0387,1208,all
MAPRE1,-0.3754,1208,all
MAPRE2,0.0026,1208,all
MAPRE3,0.0148,1208,all
MAPT,-0.0724,1208,all
MARCHF1,0.0468,1090,all
MARCHF10,-0.0622,1090,all
MARCHF11,0.0489,1090,all
MARCHF2,0.0046,1090,all
MARCHF3,-0.0769,1090,all
MARCHF4,-0.1249,1090,all
MARCHF5,-0.4369,1090,all
MARCHF6,-0.2138,1090,all
MARCHF7,-0.0152,1090,all
MARCHF8,-0.0064,1090,all
MARCHF9,-0.3853,1090,all
MARCKS,-0.1114,1208,all
MARCKSL1,-0.1641,1208,all
MARCO,-0.0497,1208,all
MARCOL,-0.0691,70,all
MARF1,-0.0639,1208,all
MARK1,0.0091,1208,all
MARK2,-0.2969,1208,all
MARK3,0.0232,1208,all
MARK4,-0.0711,1208,all
MARS1,-1.8229,1208,all
MARS2,-1.076,1208,all
MARVELD2,-0.038,1208,all
MARVELD3,-0.1006,1208,all
MAS1,0.0777,1208,all
MAS1L,0.0916,1208,all
MASP1,0.0021,1208,all
MASP2,-0.0733,1208,all
MAST1,-0.1848,1208,all
MAST2,-0.2271,1208,all
MAST3,-0.1739,1208,all
MAST4,0.0004,1208,all
MASTL,-1.4734,1208,all
MAT1A,-0.0378,1208,all
MAT2A,-1.3485,1208,all
MAT2B,0.0794,1208,all
MATCAP1,-0.124,1208,all
MATCAP2,0.0391,1208,all
MATK,-0.0763,1208,all
MATN1,-0.1677,1208,all
MATN2,0.0349,1208,all
MATN3,0.0106,1208,all
MATN4,-0.0435,1208,all
MATR3,-0.2609,1208,all
MAU2,-0.5229,1208,all
MAVS,0.1088,1208,all
MAX,-0.8088,1208,all
MAZ,-0.0742,1208,all
MB,-0.0249,1208,all
MB21D2,-0.0577,1208,all
MBD1,0.0753,1208,all
MBD2,-0.0917,1208,all
MBD3,-0.1112,1208,all
MBD3L1,0.119,1208,all
MBD4,-0.1047,1208,all
MBD5,0.0688,1208,all
MBD6,-0.1537,1208,all
MBIP,-0.079,1208,all
MBL2,0.1489,1208,all
MBLAC1,-0.1627,1208,all
MBLAC2,0.0644,1208,all
MBNL1,-0.2225,1208,all
MBNL2,0.1019,1208,all
MBNL3,0.0839,1208,all
MBOAT1,-0.0323,1208,all
MBOAT2,0.1138,1208,all
MBOAT4,0.0679,1208,all
MBOAT7,0.0416,1208,all
MBP,0.1845,1208,all
MBTD1,-0.354,1208,all
MBTPS1,-0.6288,1208,all
MBTPS2,-0.6399,1208,all
MC1R,-0.0188,1208,all
MC2R,0.0912,1208,all
MC3R,0.1233,1208,all
MC4R,0.1135,1208,all
MC5R,0.0844,1208,all
MCAM,0.0534,1208,all
MCAT,-0.1607,1208,all
MCC,0.1841,1208,all
MCCC1,0.0293,1208,all
MCCC2,-0.0075,1208,all
MCCD1,-0.193,1208,all
MCEE,-0.1317,1208,all
MCEMP1,0.0084,1208,all
MCF2,0.1076,1208,all
MCF2L,0.0032,1208,all
MCF2L2,-0.049,1208,all
MCFD2,-0.0437,1208,all
MCHR1,-0.0541,1208,all
MCHR2,0.1332,1208,all
MCIDAS,-0.1287,1208,all
MCL1,-0.7743,1208,all
MCM10,-0.4902,1208,all
MCM2,-1.7978,1208,all
MCM3,-0.7845,1208,all
MCM3AP,-1.1115,1208,all
MCM4,-1.207,1208,all
MCM5,-1.6156,1208,all
MCM6,-0.8808,1208,all
MCM7,-2.0339,1208,all
MCM8,-0.0528,1208,all
MCM9,-0.1119,1208,all
MCMBP,-0.593,1208,all
MCMDC2,-0.0029,1208,all
MCOLN1,0.0703,1208,all
MCOLN2,0.0135,1208,all
MCOLN3,0.0627,1208,all
MCPH1,-0.1497,1208,all
MCRIP1,-0.1218,1208,all
MCRIP2,-0.0951,1208,all
MCRS1,-0.6226,1208,all
MCTP1,-0.1349,1208,all
MCTP2,0.0904,1208,all
MCTS1,-0.0881,1208,all
MCU,-0.057,1208,all
MCUB,0.1811,1208,all
MCUR1,0.0137,1208,all
MDC1,-0.2153,1208,all
MDFI,0.0846,1208,all
MDFIC,0.1055,1208,all
MDFIC2,0.1426,70,all
MDGA1,0.0081,1208,all
MDGA2,-0.0206,1208,all
MDH1,0.0277,1208,all
MDH1B,0.0223,1208,all
MDH2,-0.2004,1208,all
MDK,-0.1028,1208,all
MDM1,-0.0385,1208,all
MDM2,-0.6468,1208,all
MDM4,-0.1573,1208,all
MDN1,-1.4862,1208,all
MDP1,-0.0795,1208,all
ME1,-0.1436,1208,all
ME2,-0.0683,1208,all
ME3,0.0432,1208,all
MEA1,-0.1463,1208,all
MEAF6,-0.356,1208,all
MEAK7,-0.1143,1208,all
MECOM,0.0192,1208,all
MECP2,0.1146,1208,all
MECR,-0.1945,1208,all
MED1,-0.7573,1208,all
MED10,-0.494,1208,all
MED11,-2.0248,1208,all
MED12,-0.5562,1208,all
MED12L,0.0505,1208,all
MED13,-0.0594,1208,all
MED13L,-0.1557,1208,all
MED14,-1.1276,1208,all
MED15,-0.2797,1208,all
MED16,-0.1663,1208,all
MED17,-1.0124,1208,all
MED18,-0.8183,1208,all
MED19,-0.5075,1208,all
MED20,-0.9963,1208,all
MED21,-0.6879,1208,all
MED22,-1.1162,1208,all
MED23,-0.2096,1208,all
MED24,-0.4468,1208,all
MED25,-0.3037,1208,all
MED26,-0.9437,1208,all
MED27,-0.8731,1208,all
MED28,-1.0009,1208,all
MED29,-0.9595,1208,all
MED30,-1.9994,1208,all
MED31,-0.9581,1208,all
MED4,-1.2241,1208,all
MED6,-1.4607,1208,all
MED7,-0.7072,1208,all
MED8,-1.2744,1208,all
MED9,-0.77,1208,all
MEDAG,-0.0512,1208,all
MEF2A,-0.0251,1208,all
MEF2B,-0.1643,1208,all
MEF2C,-0.0385,1208,all
MEF2D,-0.0864,1208,all
MEFV,0.016,1208,all
MEGF10,0.071,1208,all
MEGF11,-0.0383,1208,all
MEGF6,-0.0111,1208,all
MEGF8,-0.0463,1208,all
MEGF9,0.0956,1208,all
MEI1,0.0515,1208,all
MEI4,0.0403,1208,all
MEIG1,0.1512,1208,all
MEIKIN,-0.0861,74,all
MEIOB,-0.0303,1208,all
MEIOC,-0.2837,1208,all
MEIOSIN,-0.0175,70,all
MEIS1,-0.053,1208,all
MEIS2,0.0864,1208,all
MEIS3,-0.1362,1208,all
MELK,-0.058,1208,all
MELTF,-0.0458,1208,all
MEMO1,-0.3864,1208,all
MEN1,-0.3631,1208,all
MEOX1,-0.0722,1208,all
MEOX2,0.049,1208,all
MEP1A,0.0511,1208,all
MEP1B,0.0697,1208,all
MEPCE,-1.1866,1208,all
MEPE,-0.1468,1208,all
MERTK,-0.0784,1208,all
MESD,-0.1391,1208,all
MESP1,-0.0125,1208,all
MESP2,-0.0359,1208,all
MEST,-0.0173,1208,all
MET,-0.0373,1208,all
METAP1,-0.61,1208,all
METAP1D,0.0197,1208,all
METAP2,-0.6234,1208,all
METRN,-0.0312,1208,all
METRNL,-0.0408,1208,all
METTL1,-0.5969,1208,all
METTL13,-0.0307,1208,all
METTL14,-0.7164,1208,all
METTL15,-0.4009,1208,all
METTL16,-1.2558,1208,all
METTL17,-0.5421,1208,all
METTL18,0.1233,1208,all
METTL21A,0.0522,1208,all
METTL21C,0.0295,1208,all
METTL22,0.0656,1208,all
METTL23,-0.2688,1208,all
METTL24,0.0014,1208,all
METTL25,-0.1075,1208,all
METTL25B,-0.0253,1208,all
METTL26,-0.0986,1208,all
METTL27,-0.1005,1208,all
METTL2A,-0.0915,1047,all
METTL2B,-0.0974,1046,all
METTL3,-0.708,1208,all
METTL4,0.1001,1208,all
METTL5,-0.1401,1208,all
METTL6,0.0332,1208,all
METTL8,-0.0727,1090,all
METTL9,0.0173,1208,all
MEX3A,-0.3183,1208,all
MEX3B,-0.1151,1208,all
MEX3C,0.0306,1208,all
MEX3D,0.0873,1208,all
MFAP1,-1.5141,1208,all
MFAP2,-0.0485,1208,all
MFAP3,0.1045,1208,all
MFAP3L,0.1376,1208,all
MFAP4,-0.0574,1208,all
MFAP5,0.0309,1208,all
MFF,-0.0639,1208,all
MFGE8,0.0672,1208,all
MFHAS1,0.1344,1208,all
MFN1,-0.0611,1208,all
MFN2,-0.7161,1208,all
MFNG,-0.1258,1208,all
MFRP,-0.0431,1208,all
MFSD1,-0.1568,1208,all
MFSD10,0.0113,1208,all
MFSD11,-0.1531,1208,all
MFSD12,0.0293,1208,all
MFSD13A,-0.0603,1208,all
MFSD14A,-0.1206,1208,all
MFSD14B,-0.1518,1208,all
MFSD2A,-0.0649,1208,all
MFSD2B,0.0651,1208,all
MFSD3,-0.0347,1208,all
MFSD4A,0.0068,1208,all
MFSD4B,-0.0039,1208,all
MFSD5,0.0499,1208,all
MFSD6,0.0257,1208,all
MFSD6L,-0.0031,1208,all
MFSD8,0.0333,1208,all
MFSD9,0.0013,1208,all
MGA,-0.1679,1208,all
MGAM,0.0607,1208,all
MGAM2,0.0347,77,all
MGARP,-0.0605,1208,all
MGAT1,-0.3429,1208,all
MGAT2,-0.1655,1208,all
MGAT3,-0.0304,1208,all
MGAT4A,-0.1524,1208,all
MGAT4B,0.0021,1208,all
MGAT4C,0.055,1208,all
MGAT4D,0.0993,1208,all
MGAT5,-0.051,1208,all
MGAT5B,0.0299,1208,all
MGLL,-0.0576,1208,all
MGME1,0.0045,1208,all
MGMT,0.1197,1208,all
MGP,0.105,1208,all
MGRN1,-0.0198,1208,all
MGST1,0.3354,1208,all
MGST2,-0.018,1208,all
MGST3,-0.0026,1208,all
MIA,0.047,1208,all
MIA2,-0.0076,1208,all
MIA3,-0.0126,1208,all
MIB1,-0.2224,1208,all
MIB2,-0.119,1208,all
MICA,0.0548,1208,all
MICAL1,0.0088,1208,all
MICAL2,0.0413,1208,all
MICAL3,0.0406,1208,all
MICALL1,-0.1456,1208,all
MICALL2,-0.0221,1208,all
MICB,-0.1981,1208,all
MICOS10,-0.5842,1208,all
MICOS13,-0.306,1208,all
MICU1,0.02,1208,all
MICU2,0.0124,1208,all
MICU3,0.0189,1208,all
MID1,0.1598,1208,all
MID1IP1,0.1217,1208,all
MID2,-0.0737,1208,all
MIDEAS,-0.0461,1208,all
MIDN,-0.1732,1208,all
MIEF1,-0.1334,1208,all
MIEF2,-0.0781,1208,all
MIEN1,-0.2029,1208,all
MIER1,0.0535,1208,all
MIER2,0.0312,1208,all
MIER3,-0.0399,1208,all
MIF,-0.0729,1208,all
MIF4GD,-0.1398,1208,all
MIGA1,0.0072,1208,all
MIGA2,-0.1421,1208,all
MIIP,-0.2047,1208,all
MILR1,-0.3152,74,all
MINAR1,0.0464,1208,all
MINAR2,0.0205,1208,all
MINDY1,-0.2146,1208,all
MINDY2,-0.2594,1208,all
MINDY3,0.0522,1208,all
MINDY4,0.0209,1208,all
MINDY4B,-0.0967,70,all
MINK1,0.005,1208,all
MINPP1,-0.0704,1208,all
MIOS,-0.5052,1208,all
MIOX,0.0428,1208,all
MIP,-0.1418,1208,all
MIPEP,-0.3922,1208,all
MIPOL1,-0.0763,1208,all
MIS12,-0.8824,1208,all
MIS18A,-1.0331,1208,all
MIS18BP1,-1.0602,1208,all
MISFA,0.2478,70,all
MISP,0.0122,1208,all
MISP3,0.0375,74,all
MITD1,-0.0526,1208,all
MITF,-0.0714,1208,all
MIX23,-0.3414,1208,all
MIXL1,-0.0313,1208,all
MKI67,-0.1316,1208,all
MKKS,0.055,1208,all
MKLN1,-0.1213,1208,all
MKNK1,0.0041,1208,all
MKNK2,0.0348,1208,all
MKRN1,-0.3076,1208,all
MKRN2,-0.0181,1208,all
MKRN2OS,0.007,1208,all
MKRN3,-0.0293,1208,all
MKS1,-0.0632,1208,all
MKX,0.0782,1208,all
MLANA,0.0858,1208,all
MLC1,0.0175,1208,all
MLEC,0.0189,1208,all
MLF1,0.0671,1208,all
MLF2,-0.0182,1208,all
MLH1,-0.0668,1208,all
MLH3,-0.0586,1208,all
MLIP,-0.0246,1208,all
MLKL,-0.0099,1208,all
MLLT1,-0.0065,1208,all
MLLT10,0.0608,1208,all
MLLT11,-0.0306,1208,all
MLLT3,-0.0025,1208,all
MLLT6,-0.1054,1208,all
MLN,0.0198,1208,all
MLNR,0.0982,1208,all
MLPH,0.1165,1208,all
MLST8,-0.7119,1208,all
MLX,-0.3153,1208,all
MLXIP,-0.182,77,all
MLXIPL,-0.1047,1208,all
MLYCD,0.1047,1208,all
MMAA,-0.0029,1208,all
MMAB,-0.0374,1208,all
MMACHC,-0.1409,1208,all
MMADHC,-0.0302,1208,all
MMD,-0.0069,1208,all
MMD2,0.0236,1208,all
MME,-0.0069,1208,all
MMEL1,-0.0877,1208,all
MMGT1,-0.4186,1208,all
MMP1,0.124,1208,all
MMP10,-0.0281,1208,all
MMP11,-0.0142,1208,all
MMP12,0.1661,74,all
MMP13,0.0616,1208,all
MMP14,0.0743,1208,all
MMP15,-0.0479,1208,all
MMP16,0.0705,1208,all
MMP17,-0.1715,1208,all
MMP19,-0.1232,1208,all
MMP2,0.045,1208,all
MMP20,0.05,1208,all
MMP21,0.01,1208,all
MMP23B,-0.1673,1208,all
MMP24,-0.1316,1208,all
MMP24OS,0.2306,70,all
MMP25,-0.1594,1208,all
MMP26,0.1151,1208,all
MMP27,0.0895,1208,all
MMP28,-0.1012,1208,all
MMP3,0.0437,1208,all
MMP7,-0.0627,1208,all
MMP8,0.0231,1208,all
MMP9,-0.0115,1208,all
MMRN1,0.0966,1208,all
MMRN2,-0.053,1208,all
MMS19,-0.8928,1208,all
MMS22L,-1.8141,1208,all
MMUT,0.0145,1208,all
MN1,0.105,1208,all
MNAT1,-0.8442,1208,all
MND1,0.0826,1208,all
MNDA,0.0185,1208,all
MNS1,-0.017,1208,all
MNT,-0.0622,1208,all
MNX1,-0.0065,1208,all
MOAP1,0.0624,1208,all
MOB1A,-0.0153,1208,all
MOB1B,0.0931,1208,all
MOB2,-0.0412,1208,all
MOB3A,-0.0557,1208,all
MOB3B,0.0446,1208,all
MOB3C,-0.0254,1208,all
MOB4,-0.5301,1208,all
MOBP,0.03,1208,all
MOCOS,0.0841,1208,all
MOCS1,-0.0026,383,all
MOCS2,-0.0594,1208,all
MOCS3,-0.8648,1208,all
MOG,-0.1651,1208,all
MOGAT1,0.092,1208,all
MOGAT2,0.0158,1208,all
MOGAT3,-0.1007,1208,all
MOGS,-0.2587,1208,all
MOK,-0.239,1208,all
MON1A,-0.1218,383,all
MON1B,0.0665,1208,all
MON2,-0.1522,1208,all
MORC1,0.0332,1208,all
MORC2,-0.1408,1208,all
MORC3,0.008,1208,all
MORC4,0.0678,1208,all
MORF4L1,-0.1638,1208,all
MORF4L2,-0.0214,1208,all
MORN1,-0.1186,1208,all
MORN2,0.0454,1208,all
MORN3,0.0342,1208,all
MORN4,-0.0547,1208,all
MORN5,0.0121,1208,all
MOS,-0.0874,1208,all
MOSMO,0.0036,1208,all
MOSPD1,0.0555,1208,all
MOSPD2,0.1343,1208,all
MOSPD3,0.0302,1208,all
MOV10,-0.0968,1208,all
MOV10L1,0.0588,1208,all
MOXD1,0.0539,1208,all
MPC1,0.1609,1208,all
MPC1L,0.2566,74,all
MPC2,-0.0623,1208,all
MPDU1,-0.1645,1208,all
MPDZ,0.106,1208,all
MPEG1,-0.1501,1208,all
MPG,-0.0452,1208,all
MPHOSPH10,-1.0604,1208,all
MPHOSPH6,-0.2308,1208,all
MPHOSPH8,-0.1694,1208,all
MPHOSPH9,-0.0551,1208,all
MPI,-0.0656,1208,all
MPIG6B,-0.0566,1208,all
MPL,-0.0714,1208,all
MPLKIP,-0.0975,1208,all
MPND,-0.1221,1208,all
MPO,-0.1338,1208,all
MPP1,0.0921,1208,all
MPP2,-0.1473,1208,all
MPP3,-0.2155,1208,all
MPP4,0.01,1208,all
MPP7,0.0351,1208,all
MPPE1,-0.2435,1208,all
MPPED1,-0.0778,1208,all
MPPED2,0.061,1208,all
MPRIP,-0.2264,1208,all
MPST,0.0038,1208,all
MPV17,-0.0801,1208,all
MPV17L,-0.1934,1208,all
MPV17L2,-0.2566,1208,all
MPZ,0.008,1208,all
MPZL1,-0.2161,1208,all
MPZL2,0.0098,1208,all
MPZL3,0.0388,1208,all
MR1,0.0263,1208,all
MRAP,0.0677,1208,all
MRAP2,0.0807,1208,all
MRAS,0.0157,1208,all
MRC1,0.0316,1208,all
MRC2,-0.0099,1208,all
MRE11,-0.5433,1208,all
MREG,-0.0532,1208,all
MRFAP1,-0.0556,1208,all
MRFAP1L1,-0.0089,1208,all
MRGBP,-0.9011,1208,all
MRGPRD,-0.1066,1208,all
MRGPRE,-0.0425,1208,all
MRGPRF,-0.0394,1208,all
MRGPRG,0.1268,1208,all
MRGPRX1,-0.1139,1208,all
MRGPRX2,0.1035,1208,all
MRGPRX3,-0.2332,1208,all
MRGPRX4,0.0745,1208,all
MRI1,-0.0679,1208,all
MRLN,-0.0342,74,all
MRM1,-0.1542,1208,all
MRM2,-0.398,1208,all
MRM3,-0.2131,1208,all
MRNIP,0.0243,1208,all
MRO,-0.0347,1208,all
MROH1,-0.0739,1208,all
MROH2A,0.0535,77,all
MROH2B,0.1262,1208,all
MROH6,-0.0956,1208,all
MROH7,-0.1251,1208,all
MROH9,0.0496,1208,all
MRPL1,-0.266,1208,all
MRPL10,-0.9571,1208,all
MRPL11,-0.1626,1208,all
MRPL12,-0.4868,1208,all
MRPL13,-0.3544,1208,all
MRPL14,-0.4754,1208,all
MRPL15,-0.5034,1208,all
MRPL16,-0.5619,1208,all
MRPL17,-0.5126,1208,all
MRPL18,-0.5336,1208,all
MRPL19,-0.4223,1208,all
MRPL2,-0.458,1208,all
MRPL20,-0.4224,1208,all
MRPL21,-0.9057,1208,all
MRPL22,-0.356,1208,all
MRPL23,-0.3724,1208,all
MRPL24,-0.4535,1208,all
MRPL27,-0.7022,1208,all
MRPL28,-0.5062,1208,all
MRPL3,-0.4803,1208,all
MRPL30,-0.2077,1208,all
MRPL32,-0.5687,1208,all
MRPL33,-0.9427,1208,all
MRPL34,-0.8349,1208,all
MRPL35,-0.6513,1208,all
MRPL36,-0.5733,1208,all
MRPL37,-0.3822,1208,all
MRPL38,-0.8486,1208,all
MRPL39,-0.6548,1208,all
MRPL4,-0.8444,1208,all
MRPL40,-0.3049,1208,all
MRPL41,-0.7851,1208,all
MRPL42,-0.2101,1208,all
MRPL43,-0.7767,1208,all
MRPL44,-0.3969,1208,all
MRPL45,-0.8202,1208,all
MRPL46,-0.3636,1208,all
MRPL47,-0.3148,1208,all
MRPL48,-0.2365,1208,all
MRPL49,-0.7927,1208,all
MRPL50,-0.516,1208,all
MRPL51,-0.375,1208,all
MRPL52,-0.1325,1208,all
MRPL53,-0.717,1208,all
MRPL54,-0.4315,1208,all
MRPL55,-0.6125,1208,all
MRPL57,-0.933,1208,all
MRPL58,-0.4048,1208,all
MRPL9,-0.4716,1208,all
MRPS10,-0.5777,1208,all
MRPS11,-0.7794,1208,all
MRPS12,-0.6795,1208,all
MRPS14,-0.6681,1208,all
MRPS15,-0.3063,1208,all
MRPS16,-0.6941,1208,all
MRPS17,-0.2526,1208,all
MRPS18A,-0.5717,1208,all
MRPS18B,-0.5661,1208,all
MRPS18C,-0.2504,1208,all
MRPS2,-0.461,1208,all
MRPS21,-1.0903,1208,all
MRPS22,-0.5768,1208,all
MRPS23,-0.9118,1208,all
MRPS24,-0.4741,1208,all
MRPS25,-0.5403,1208,all
MRPS26,-0.4577,1208,all
MRPS27,-0.5191,1208,all
MRPS28,-0.4135,1208,all
MRPS30,-0.3973,1208,all
MRPS31,-0.5032,1208,all
MRPS33,-0.1654,1208,all
MRPS34,-0.72,1208,all
MRPS35,-0.4814,1208,all
MRPS5,-0.7372,1208,all
MRPS6,-0.5908,1208,all
MRPS7,-0.4904,1208,all
MRPS9,-0.4557,1208,all
MRRF,0.0027,1208,all
MRS2,0.0149,1208,all
MRTFA,-0.1456,1208,all
MRTFB,0.0583,1208,all
MRTO4,-1.0241,1208,all
MS4A1,0.1311,1208,all
MS4A10,-0.0899,1208,all
MS4A12,0.056,1208,all
MS4A13,-0.0049,1208,all
MS4A14,0.059,1208,all
MS4A15,-0.1579,1208,all
MS4A2,0.0084,1208,all
MS4A3,-0.0021,1208,all
MS4A4A,0.0205,1208,all
MS4A4E,0.2971,73,all
MS4A5,-0.1162,1208,all
MS4A6A,-0.0456,1208,all
MS4A6E,0.0656,1208,all
MS4A7,0.0102,1208,all
MS4A8,-0.1159,1208,all
MSANTD1,0.0767,1208,all
MSANTD2,-0.0277,1208,all
MSANTD3,-0.059,1208,all
MSANTD4,0.0895,1208,all
MSANTD5,-0.0653,70,all
MSC,-0.0646,1208,all
MSGN1,0.0667,1208,all
MSH2,-0.2125,1208,all
MSH3,-0.0252,1208,all
MSH4,-0.043,1208,all
MSH5,0.0052,1208,all
MSH6,0.0047,1208,all
MSI1,-0.1283,1208,all
MSI2,-0.1589,1208,all
MSL1,-0.3654,1208,all
MSL2,-0.0834,1208,all
MSL3,0.0179,1208,all
MSLN,0.0681,1208,all
MSMB,0.0065,1208,all
MSMO1,0.1184,1208,all
MSMP,0.042,1208,all
MSN,-0.0979,1208,all
MSR1,0.1031,1208,all
MSRA,0.125,1208,all
MSRB1,-0.1985,1208,all
MSRB2,0.0279,1208,all
MSRB3,-0.0096,1208,all
MSS51,-0.0138,1208,all
MST1,-0.11,383,all
MST1R,-0.057,1208,all
MSTN,-0.0027,1208,all
MSTO1,-0.9635,1208,all
MSX1,0.0447,1208,all
MSX2,0.0364,1208,all
MT1A,-0.162,1047,all
MT1B,-0.1762,1208,all
MT1E,-0.4887,1165,all
MT1F,-0.1445,1208,all
MT1G,-0.314,1090,all
MT1H,-0.0181,1090,all
MT1HL1,-0.2111,1089,all
MT1M,-0.0137,1047,all
MT1X,-0.2599,1090,all
MT2A,-0.4847,1090,all
MT3,-0.0749,1208,all
MT4,0.0992,1208,all
MTA1,0.0136,1208,all
MTA2,-0.2103,1208,all
MTA3,0.0202,1208,all
MTAP,0.0306,1208,all
MTARC1,-0.0222,1090,all
MTARC2,-0.0432,1090,all
MTBP,-1.7523,1208,all
MTCH1,-0.0123,1208,all
MTCH2,-0.2166,1208,all
MTCL1,0.1407,1208,all
MTCL2,-0.0574,1208,all
MTCP1,0.1394,1208,all
MTDH,-0.0212,1208,all
MTERF1,0.0564,1208,all
MTERF2,-0.078,1208,all
MTERF3,-0.2657,1208,all
MTERF4,-0.2324,1208,all
MTF1,-0.2069,1208,all
MTF2,-0.0856,1208,all
MTFMT,-0.2082,1208,all
MTFP1,-0.1684,1208,all
MTFR1,-0.0275,1208,all
MTFR1L,-0.0759,1208,all
MTFR2,0.0031,1208,all
MTG1,-0.3084,1208,all
MTG2,-0.5164,1208,all
MTHFD1,-0.3512,1208,all
MTHFD1L,-0.0842,1208,all
MTHFD2,-0.0291,1208,all
MTHFD2L,-0.0714,1208,all
MTHFR,0.0904,1208,all
MTHFS,-0.0033,1208,all
MTHFSD,-0.0406,1208,all
MTIF2,-0.2116,1208,all
MTIF3,-0.1308,1208,all
MTM1,0.0767,1208,all
MTMR1,0.0411,1208,all
MTMR10,0.0277,1208,all
MTMR11,-0.0742,1208,all
MTMR12,0.0036,1208,all
MTMR14,-0.0216,1208,all
MTMR2,0.0358,1208,all
MTMR3,-0.0983,1208,all
MTMR4,-0.2264,1208,all
MTMR6,-0.122,1208,all
MTMR7,0.0506,1208,all
MTMR8,0.0265,1208,all
MTMR9,-0.0433,1208,all
MTNAP1,-0.0177,1208,all
MTNR1A,-0.0021,1208,all
MTNR1B,0.0032,1208,all
MTO1,-0.1683,1208,all
MTOR,-1.2587,1208,all
MTPAP,-0.7655,1208,all
MTPN,0.0825,1208,all
MTR,-0.1222,1208,all
MTRES1,-0.1541,1208,all
MTREX,-1.5535,1208,all
MTRF1,-0.1523,1208,all
MTRF1L,-0.4127,1208,all
MTRFR,-0.2475,1208,all
MTRR,-0.0766,1208,all
MTSS1,-0.1118,1208,all
MTSS2,-0.0334,1208,all
MTTP,0.0414,1208,all
MTURN,-0.0919,1208,all
MTUS1,0.067,1208,all
MTUS2,0.1155,1208,all
MTX1,-0.0665,1208,all
MTX2,-0.0889,1208,all
MTX3,-0.1129,1208,all
MUC1,-0.1379,1208,all
MUC12,0.1578,1208,all
MUC13,0.1055,77,all
MUC15,0.066,1208,all
MUC16,-0.0215,1208,all
MUC17,-0.09,1208,all
MUC20,-0.3073,1208,all
MUC21,0.0098,1208,all
MUC22,0.1327,1208,all
MUC3A,0.1066,74,all
MUC4,0.0803,1208,all
MUC5AC,0.0175,74,all
MUC5B,-0.0261,1208,all
MUC6,-0.0106,1208,all
MUC7,0.0156,1208,all
MUCL1,-0.1031,1208,all
MUCL3,0.0065,1208,all
MUL1,-0.0199,1208,all
MUS81,-0.3359,1208,all
MUSK,0.0416,1208,all
MUSTN1,-0.0529,1208,all
MUTYH,-0.0622,1208,all
MVB12A,-0.1226,1208,all
MVB12B,0.0015,1208,all
MVD,-0.688,1208,all
MVK,-0.93,1208,all
MVP,0.0257,1208,all
MX1,0.0495,1208,all
MX2,0.0656,1208,all
MXD1,0.0894,1208,all
MXD3,-0.0268,1208,all
MXD4,0.03,1208,all
MXI1,0.1347,1208,all
MXRA5,0.0377,1208,all
MXRA7,-0.4011,1208,all
MXRA8,0.0255,1208,all
MYADM,-0.0901,1208,all
MYADML2,0.0868,1208,all
MYB,-0.384,1208,all
MYBBP1A,-0.6157,1208,all
MYBL1,0.1069,1208,all
MYBL2,-0.547,1208,all
MYBPC1,0.0295,1208,all
MYBPC2,-0.0211,1208,all
MYBPC3,-0.1004,1208,all
MYBPH,-0.0115,1208,all
MYBPHL,-0.2488,1208,all
MYC,-1.9871,1208,all
MYCBP,-0.2487,1208,all
MYCBPAP,-0.2155,1208,all
MYCL,-0.0223,1208,all
MYCN,-0.1288,1208,all
MYCT1,0.1099,1208,all
MYD88,0.0255,1208,all
MYDGF,-0.0577,1208,all
MYEF2,0.0412,1208,all
MYEOV,-0.0871,1208,all
MYF5,-0.132,1208,all
MYF6,-0.0894,1208,all
MYG1,-0.2951,1208,all
MYH1,0.0654,1208,all
MYH10,0.044,1208,all
MYH11,-0.0996,1208,all
MYH13,0.0284,1208,all
MYH14,-0.0616,1208,all
MYH15,0.0677,1208,all
MYH2,-0.0214,1208,all
MYH3,-0.1206,1208,all
MYH4,0.0201,1208,all
MYH6,-0.0831,1208,all
MYH7,-0.0098,1208,all
MYH8,0.0038,1208,all
MYH9,-0.5525,1208,all
MYL1,0.0964,1208,all
MYL10,0.1357,1208,all
MYL11,-0.063,1208,all
MYL12A,-0.0689,1208,all
MYL12B,0.0289,1208,all
MYL2,-0.0772,1208,all
MYL3,-0.089,1208,all
MYL4,-0.1427,1208,all
MYL5,0.0824,1208,all
MYL6,-0.1176,1208,all
MYL6B,-0.1418,1208,all
MYL7,-0.1275,1208,all
MYL9,-0.1267,1208,all
MYLIP,0.0736,1208,all
MYLK,0.0953,1208,all
MYLK2,-0.1957,1208,all
MYLK3,0.0621,1208,all
MYLK4,0.0913,1208,all
MYMK,0.037,1208,all
MYMX,0.1575,70,all
MYNN,-0.0209,1208,all
MYO10,-0.0529,1208,all
MYO15A,-0.196,1208,all
MYO15B,0.0998,70,all
MYO16,0.0733,1208,all
MYO18A,-0.2791,1208,all
MYO18B,0.0174,1208,all
MYO19,-0.0787,1208,all
MYO1A,-0.1502,1208,all
MYO1B,0.0019,1208,all
MYO1C,-0.032,1208,all
MYO1D,-0.0279,1208,all
MYO1E,-0.0136,1208,all
MYO1F,-0.1301,1208,all
MYO1G,-0.0838,1208,all
MYO1H,-0.3141,1208,all
MYO3A,0.1119,1208,all
MYO3B,-0.1351,1208,all
MYO5A,0.0289,1208,all
MYO5B,0.0566,1208,all
MYO5C,0.0101,1208,all
MYO6,-0.0491,1208,all
MYO7A,-0.1159,1208,all
MYO7B,-0.0758,1208,all
MYO9A,-0.0321,1208,all
MYO9B,-0.176,1208,all
MYOC,0.0245,1208,all
MYOCD,0.0991,1208,all
MYOCOS,0.2092,70,all
MYOD1,-0.0322,1208,all
MYOF,0.0441,1208,all
MYOG,0.0259,1208,all
MYOM1,0.0901,1208,all
MYOM2,0.0318,1208,all
MYOM3,-0.089,1208,all
MYORG,0.2468,77,all
MYOT,-0.0017,1208,all
MYOZ1,-0.0127,1208,all
MYOZ2,0.0211,1208,all
MYOZ3,0.1226,1208,all
MYPN,0.0363,1208,all
MYPOP,-0.0912,1208,all
MYRF,-0.1279,1208,all
MYRFL,-0.0876,73,all
MYRIP,0.0185,1208,all
MYSM1,-0.1149,1208,all
MYT1,-0.0577,1208,all
MYT1L,-0.126,1208,all
MYZAP,-0.0257,1208,all
MZB1,-0.0511,1208,all
MZF1,-0.3352,1208,all
MZT1,-0.8125,1208,all
MZT2A,-0.3889,1047,all
MZT2B,-0.2254,1047,all
N4BP1,0.0542,1208,all
N4BP2,-0.0017,1208,all
N4BP2L1,-0.0426,1208,all
N4BP2L2,0.0311,1208,all
N4BP3,0.1297,1208,all
NAA10,-1.4563,1208,all
NAA11,-0.0009,1208,all
NAA15,-1.1669,1208,all
NAA16,-0.0898,1208,all
NAA20,-0.7716,1208,all
NAA25,-0.683,1208,all
NAA30,-0.2991,1208,all
NAA35,-0.5195,1208,all
NAA38,-0.185,1208,all
NAA40,-0.233,1208,all
NAA50,-1.6443,1208,all
NAA60,-0.008,1208,all
NAA80,-0.0405,1208,all
NAAA,-0.0407,1208,all
NAALAD2,0.0801,1208,all
NAALADL1,-0.1752,1208,all
NAALADL2,0.1818,1208,all
NAB1,0.0537,1208,all
NAB2,-0.0775,1208,all
NABP1,0.064,1208,all
NABP2,-0.1571,1208,all
NACA,-1.3423,1208,all
NACA2,-0.2763,1208,all
NACAD,-0.0118,1208,all
NACC1,-0.1548,1208,all
NACC2,-0.024,1208,all
NADK,-0.0397,1208,all
NADK2,0.0979,1208,all
NADSYN1,-0.0336,1208,all
NAE1,-0.8636,1208,all
NAF1,-0.445,1208,all
NAGA,0.0144,1208,all
NAGK,-0.0221,1208,all
NAGLU,-0.3057,1208,all
NAGPA,-0.1458,1208,all
NAGS,0.017,1208,all
NAIF1,-0.0361,1208,all
NAIP,-0.4654,77,all
NALCN,0.0962,1208,all
NALF1,0.0807,1208,all
NALF2,0.0745,1208,all
NAMPT,-0.4965,1208,all
NANOG,0.1987,380,all
NANOGNB,0.037,1208,all
NANOS1,-0.0315,1208,all
NANOS2,-0.0004,1208,all
NANOS3,-0.1165,1208,all
NANP,-0.0629,1208,all
NANS,0.0136,1208,all
NAP1L1,-0.067,1208,all
NAP1L2,0.1585,1208,all
NAP1L3,0.0596,1208,all
NAP1L4,-0.0805,1208,all
NAP1L5,-0.0071,1208,all
NAPA,-1.2092,1208,all
NAPB,0.1791,1208,all
NAPEPLD,0.109,1208,all
NAPG,-0.7778,1208,all
NAPRT,-0.145,1208,all
NAPSA,-0.0375,1208,all
NARF,-0.0396,1208,all
NARS1,-1.875,1208,all
NARS2,-0.3138,1208,all
NASP,-0.4634,1208,all
NAT1,0.0653,1208,all
NAT10,-1.1774,1208,all
NAT14,-0.0236,1208,all
NAT16,-0.0589,1208,all
NAT2,0.0642,1208,all
NAT8,-0.1235,1208,all
NAT8L,-0.0082,1208,all
NAT9,-0.0382,1208,all
NAV1,-0.2144,1208,all
NAV2,-0.0497,1208,all
NAV3,-0.0153,1208,all
NAXD,0.0361,1208,all
NAXE,-0.1004,1208,all
NBAS,-0.5748,1208,all
NBDY,0.1186,70,all
NBEA,0.0343,1208,all
NBEAL1,-0.1985,1208,all
NBEAL2,0.0025,1208,all
NBL1,-0.1246,1208,all
NBN,-0.0474,1208,all
NBPF3,-0.1802,1208,all
NBR1,-0.0774,1208,all
NCALD,-0.0624,1208,all
NCAM1,0.2326,77,all
NCAM2,0.0751,1208,all
NCAN,-0.0976,1208,all
NCAPD2,-1.2429,1208,all
NCAPD3,-0.9233,1208,all
NCAPG,-1.8244,1208,all
NCAPG2,-0.9919,1208,all
NCAPH,-0.9183,1208,all
NCAPH2,-0.8562,1208,all
NCBP1,-1.4361,1208,all
NCBP2,-2.1593,1208,all
NCBP2AS2,0.2499,70,all
NCBP2L,0.2671,73,all
NCBP3,0.0037,1208,all
NCCRP1,-0.0871,1208,all
NCDN,-0.1795,1208,all
NCEH1,0.043,1208,all
NCF1,0.0183,1090,all
NCF2,0.0707,1208,all
NCF4,0.0414,1208,all
NCK1,0.0013,1208,all
NCK2,-0.0092,1208,all
NCKAP1,-0.5053,1208,all
NCKAP1L,-0.1496,1208,all
NCKAP5,0.044,1208,all
NCKAP5L,-0.0795,1208,all
NCKIPSD,-0.0667,1208,all
NCL,-0.7852,1208,all
NCLN,-0.1179,1208,all
NCMAP,-0.0743,1208,all
NCOA1,-0.1001,1208,all
NCOA2,0.0691,1208,all
NCOA3,-0.0627,1208,all
NCOA4,-0.4492,1208,all
NCOA5,-0.1573,1208,all
NCOA6,-0.2015,1208,all
NCOA7,0.1228,1208,all
NCOR1,-0.135,1208,all
NCOR2,-0.0922,1208,all
NCR1,0.0108,1208,all
NCR2,-0.1601,1208,all
NCR3,-0.0228,1208,all
NCR3LG1,-0.0762,1208,all
NCS1,0.0241,1208,all
NCSTN,-0.0696,1208,all
NDC1,-0.629,1208,all
NDC80,-1.3868,1208,all
NDE1,-0.5056,1208,all
NDEL1,-0.0684,1208,all
NDFIP1,0.0283,1208,all
NDFIP2,0.0219,1208,all
NDN,-0.0509,1208,all
NDNF,0.0591,1208,all
NDOR1,-0.9162,1208,all
NDP,-0.0172,1208,all
NDRG1,0.0997,1208,all
NDRG2,-0.0887,1208,all
NDRG3,-0.036,1208,all
NDRG4,-0.0206,1208,all
NDST1,-0.0221,1208,all
NDST2,-0.0558,1208,all
NDST3,0.0837,1208,all
NDST4,0.1081,1208,all
NDUFA1,-0.3047,1208,all
NDUFA10,-0.313,1208,all
NDUFA11,-0.5688,1208,all
NDUFA12,-0.1048,1208,all
NDUFA13,-0.3702,1208,all
NDUFA2,-0.4939,1208,all
NDUFA3,-0.262,1208,all
NDUFA4,-0.4709,1208,all
NDUFA4L2,-0.2123,1208,all
NDUFA5,-0.3524,1208,all
NDUFA6,-0.5338,1208,all
NDUFA7,-0.1277,1208,all
NDUFA8,-0.5338,1208,all
NDUFA9,-0.3439,1208,all
NDUFAB1,-0.7477,1208,all
NDUFAF1,-0.4594,1208,all
NDUFAF2,-0.192,1208,all
NDUFAF3,-0.3969,1208,all
NDUFAF4,-0.3343,1208,all
NDUFAF5,-0.2149,1208,all
NDUFAF6,-0.1659,1208,all
NDUFAF7,-0.3604,1208,all
NDUFAF8,-0.6322,1208,all
NDUFB1,-0.766,382,all
NDUFB10,-0.6125,1208,all
NDUFB11,-0.3345,1208,all
NDUFB2,-0.2861,1208,all
NDUFB3,-0.5791,1208,all
NDUFB4,-0.5691,1208,all
NDUFB5,-0.2748,1208,all
NDUFB6,-0.472,1208,all
NDUFB7,-0.524,1208,all
NDUFB8,-0.4665,1208,all
NDUFB9,-0.5417,1208,all
NDUFC1,-0.2742,1208,all
NDUFC2,-0.4245,1208,all
NDUFS1,-0.4575,1208,all
NDUFS2,-0.4759,1208,all
NDUFS3,-0.3434,1208,all
NDUFS4,-0.1175,1208,all
NDUFS5,-0.7146,1208,all
NDUFS6,-0.0243,1208,all
NDUFS7,-0.2901,1208,all
NDUFS8,-0.515,1208,all
NDUFV1,-0.3439,1208,all
NDUFV2,-0.312,1208,all
NDUFV3,0.0207,1208,all
NEB,0.0888,1208,all
NEBL,0.0844,1208,all
NECAB1,0.0878,1208,all
NECAB2,0.1005,1208,all
NECAB3,0.0001,1208,all
NECAP1,-0.049,1208,all
NECAP2,-0.0786,1208,all
NECTIN1,0.0194,1208,all
NECTIN2,-0.0359,1208,all
NECTIN3,0.1402,1208,all
NECTIN4,-0.1143,1208,all
NEDD1,-1.865,1208,all
NEDD4,0.0429,1208,all
NEDD4L,0.0494,1208,all
NEDD8,-1.8365,1208,all
NEDD9,-0.0035,1208,all
NEFH,-0.0177,1208,all
NEFL,0.319,74,all
NEFM,0.0851,1208,all
NEGR1,0.0056,1208,all
NEIL1,-0.0296,1208,all
NEIL2,0.061,1208,all
NEIL3,0.1462,1208,all
NEK1,-0.0952,1208,all
NEK10,-0.0587,1208,all
NEK11,0.078,1208,all
NEK2,0.0349,1208,all
NEK3,0.0951,1208,all
NEK4,-0.0542,1208,all
NEK5,-0.0395,1208,all
NEK6,-0.1127,1208,all
NEK7,-0.0538,1208,all
NEK8,-0.0674,1208,all
NEK9,-0.0256,1208,all
NELFA,-1.0384,1208,all
NELFB,-1.4051,1208,all
NELFCD,-0.6208,1208,all
NELFE,-0.4482,1208,all
NELL1,0.2019,1208,all
NELL2,-0.0859,1208,all
NEMF,-0.2477,1208,all
NEMP1,-0.0137,1208,all
NEMP2,-0.0329,1208,all
NENF,-0.0266,1208,all
NEO1,-0.0485,1208,all
NES,-0.0959,1208,all
NET1,-0.0018,1208,all
NETO1,0.0753,1208,all
NETO2,0.0268,1208,all
NEU1,-0.0854,1208,all
NEU2,-0.1169,1208,all
NEU3,-0.0571,1208,all
NEU4,0.1029,1208,all
NEURL1,-0.0081,1208,all
NEURL1B,-0.0093,1208,all
NEURL2,0.0213,1208,all
NEURL3,0.1303,74,all
NEURL4,-0.0602,1208,all
NEUROD1,0.0572,1208,all
NEUROD2,-0.1144,1208,all
NEUROD4,0.1286,1208,all
NEUROD6,0.0832,1208,all
NEUROG1,-0.0287,1208,all
NEUROG2,0.0863,1208,all
NEUROG3,-0.1709,1208,all
NEXMIF,-0.0381,1208,all
NEXN,-0.0202,1208,all
NF1,0.0316,1208,all
NF2,0.2587,1208,all
NFAM1,0.1323,1208,all
NFASC,-0.0108,1208,all
NFAT5,-0.0526,1208,all
NFATC1,0.0931,1208,all
NFATC2,0.0353,1208,all
NFATC2IP,-0.3901,1208,all
NFATC3,-0.0871,1208,all
NFATC4,-0.0195,1208,all
NFE2,-0.1548,1208,all
NFE2L1,-0.144,1208,all
NFE2L2,-0.2599,1208,all
NFE2L3,-0.3726,1208,all
NFIA,-0.0845,1208,all
NFIB,0.024,1208,all
NFIC,0.0039,1208,all
NFIL3,-0.0261,1208,all
NFILZ,0.2014,70,all
NFIX,0.0428,1208,all
NFKB1,0.0249,1208,all
NFKB2,-0.1622,1208,all
NFKBIA,-0.1247,1208,all
NFKBIB,-0.171,1208,all
NFKBID,-0.0585,1208,all
NFKBIE,-0.4192,1208,all
NFKBIL1,0.0792,1208,all
NFKBIZ,0.0544,1208,all
NFRKB,-0.4677,1208,all
NFS1,-1.6429,1208,all
NFU1,-0.2476,1208,all
NFX1,-0.0079,1208,all
NFXL1,0.1219,1208,all
NFYA,-0.2863,1208,all
NFYB,-0.6859,1208,all
NFYC,-0.8875,1208,all
NGB,0.0279,1208,all
NGDN,-0.4708,1208,all
NGEF,0.0315,1208,all
NGF,-0.1101,1208,all
NGFR,-0.2354,1208,all
NGLY1,-0.2222,1208,all
NGRN,-0.2784,1208,all
NHEJ1,-0.1296,1208,all
NHERF1,-0.0856,1208,all
NHERF2,-0.0119,1208,all
NHERF4,-0.1058,1208,all
NHLH1,0.1237,1208,all
NHLH2,-0.0145,1208,all
NHLRC1,-0.0668,1208,all
NHLRC2,-0.8229,1208,all
NHLRC3,-0.0603,1208,all
NHLRC4,0.0374,1208,all
NHP2,-0.8011,1208,all
NHS,-0.0495,1208,all
NHSL1,0.017,1208,all
NHSL2,-0.0447,77,all
NHSL3,-0.037,1208,all
NIBAN1,-0.0581,1208,all
NIBAN2,-0.034,1208,all
NIBAN3,0.0009,1208,all
NICN1,0.0234,1208,all
NICOL1,0.023,1208,all
NID1,-0.0615,1208,all
NID2,0.0599,1208,all
NIF3L1,-0.0769,1208,all
NIFK,-1.626,1208,all
NIM1K,0.014,1208,all
NIN,0.0425,1208,all
NINJ1,-0.0169,1208,all
NINJ2,0.02,1208,all
NINL,0.1243,1208,all
NIP7,-2.1993,1208,all
NIPA1,0.0538,1208,all
NIPA2,-0.1795,1208,all
NIPAL1,0.0231,1208,all
NIPAL2,-0.1884,1208,all
NIPAL3,0.0826,1208,all
NIPAL4,0.1281,1208,all
NIPBL,-0.3251,1208,all
NIPSNAP1,-0.0747,1208,all
NIPSNAP2,0.0425,1208,all
NIPSNAP3A,0.0532,1208,all
NIPSNAP3B,-0.0744,1208,all
NISCH,-0.3504,1208,all
NIT1,-0.0123,1208,all
NIT2,-0.0922,1208,all
NKAIN1,0.0157,1208,all
NKAIN2,0.0717,1208,all
NKAIN3,0.1852,383,all
NKAIN4,0.0474,1208,all
NKAP,-1.1714,1208,all
NKAPD1,-0.4063,1208,all
NKAPL,-0.0748,1208,all
NKD1,0.1283,1208,all
NKD2,0.0332,1208,all
NKG7,0.1267,1208,all
NKIRAS1,0.0463,1208,all
NKIRAS2,0.061,1208,all
NKTR,-0.0164,1208,all
NKX1-1,0.1404,77,all
NKX1-2,-0.0801,1208,all
NKX2-1,-0.0191,1208,all
NKX2-2,0.1632,1208,all
NKX2-3,-0.0606,1208,all
NKX2-4,-0.0065,1208,all
NKX2-5,-0.163,1208,all
NKX2-8,0.0054,1208,all
NKX3-1,0.0357,1208,all
NKX3-2,0.0977,1208,all
NKX6-1,0.102,1208,all
NKX6-2,0.0615,1208,all
NKX6-3,-0.0371,1208,all
NLE1,-1.0453,1208,all
NLGN1,-0.0079,1208,all
NLGN2,-0.06,1208,all
NLGN3,-0.0259,1208,all
NLGN4X,0.1113,1208,all
NLGN4Y,0.4714,381,all
NLK,0.2043,1208,all
NLN,0.0462,1208,all
NLRC3,0.1561,74,all
NLRC4,0.1159,1208,all
NLRC5,-0.0713,1208,all
NLRP1,0.0218,1208,all
NLRP10,0.0633,1208,all
NLRP11,-0.0031,1208,all
NLRP12,0.0962,1208,all
NLRP13,-0.0957,1208,all
NLRP14,0.1954,1208,all
NLRP2,0.0171,1208,all
NLRP2B,0.0748,70,all
NLRP3,0.0517,1208,all
NLRP4,0.0224,1208,all
NLRP5,-0.004,1208,all
NLRP6,0.0311,1208,all
NLRP7,0.0416,1208,all
NLRP8,0.075,1208,all
NLRP9,0.0635,1208,all
NLRX1,0.0057,1208,all
NMB,0.0543,1208,all
NMBR,0.0531,1208,all
NMD3,-1.1265,1208,all
NME1,-0.1445,1208,all
NME2,-0.3974,1208,all
NME3,-0.0874,1208,all
NME4,-0.0404,1208,all
NME5,-0.1578,1208,all
NME6,-0.2105,1208,all
NME7,0.0925,1208,all
NME8,-0.0372,1208,all
NME9,0.0043,1208,all
NMI,-0.0179,1208,all
NMNAT1,-0.4228,1208,all
NMNAT2,-0.0214,1208,all
NMNAT3,-0.0533,1208,all
NMRAL1,-0.1124,1208,all
NMRK1,0.0606,1208,all
NMRK2,-0.0565,1208,all
NMS,-0.1084,1208,all
NMT1,-0.7144,1208,all
NMT2,0.1875,1208,all
NMU,-0.0188,1208,all
NMUR1,-0.0137,1208,all
NMUR2,0.0568,1208,all
NNAT,0.0048,1208,all
NNMT,0.0865,1208,all
NNT,-0.0221,1208,all
NOA1,-0.3196,1208,all
NOB1,-1.1002,1208,all
NOBOX,0.0622,77,all
NOC2L,-0.7126,1208,all
NOC3L,-1.0383,1208,all
NOC4L,-1.14,1208,all
NOCT,-0.1728,1208,all
NOD1,-0.0967,1208,all
NOD2,0.1064,1208,all
NODAL,-0.0713,1208,all
NOG,-0.0203,1208,all
NOL10,-1.3987,1208,all
NOL11,-0.4944,1208,all
NOL12,-0.6455,1208,all
NOL3,-0.1002,1208,all
NOL4,0.0557,1208,all
NOL4L,-0.0699,1208,all
NOL6,-1.1687,1208,all
NOL7,-0.7161,1208,all
NOL8,-0.7969,1208,all
NOL9,-1.1384,1208,all
NOLC1,-0.581,1208,all
NOM1,-0.7022,1208,all
NOMO1,0.0574,1047,all
NOMO2,-0.0359,1165,all
NONO,-0.2495,1208,all
NOP10,-0.9927,1208,all
NOP14,-1.0391,1208,all
NOP16,-1.3476,1208,all
NOP2,-1.2432,1208,all
NOP53,-0.6551,1208,all
NOP56,-1.406,1208,all
NOP58,-1.7703,1208,all
NOP9,-0.9458,1208,all
NOPCHAP1,-0.5999,1208,all
NOS1,-0.0906,1208,all
NOS1AP,-0.2543,1208,all
NOS2,0.0015,1208,all
NOS3,-0.0024,1208,all
NOSIP,-0.2218,1208,all
NOSTRIN,-0.0575,1208,all
NOTCH1,-0.0041,1208,all
NOTCH2,-0.0493,1208,all
NOTCH3,-0.0565,1208,all
NOTCH4,-0.0137,1208,all
NOTO,-0.1852,1208,all
NOTUM,-0.0538,1208,all
NOVA1,0.0222,1208,all
NOVA2,0.1394,1208,all
NOX1,-0.0662,1208,all
NOX3,0.0895,1208,all
NOX4,-0.0104,1208,all
NOX5,0.0093,1208,all
NOXA1,-0.0321,1208,all
NOXO1,-0.0944,1208,all
NOXRED1,0.0227,1208,all
NPAP1,0.0337,1208,all
NPAS1,-0.0137,1208,all
NPAS2,0.0834,1208,all
NPAS3,-0.096,1208,all
NPAS4,-0.1841,1208,all
NPAT,-0.825,1208,all
NPB,-0.3472,1208,all
NPBWR1,-0.0049,1208,all
NPBWR2,-0.1335,1208,all
NPC1,-0.0547,1208,all
NPC1L1,-0.2178,1208,all
NPC2,0.0037,1208,all
NPDC1,-0.0433,1208,all
NPEPL1,0.0521,1208,all
NPEPPS,-0.5521,1208,all
NPFF,-0.0808,1208,all
NPFFR1,-0.0259,1208,all
NPFFR2,0.1087,1208,all
NPHP1,-0.0723,1208,all
NPHP3,0.019,1208,all
NPHP4,-0.1055,1208,all
NPHS1,-0.1446,1208,all
NPHS2,-0.1297,1208,all
NPIPB11,0.1801,70,all
NPL,-0.112,1208,all
NPLOC4,-1.3807,1208,all
NPM1,-0.9209,380,all
NPM2,0.0624,1208,all
NPM3,-0.2758,1208,all
NPNT,0.0194,1208,all
NPPA,-0.0005,1208,all
NPPB,0.1012,1208,all
NPPC,-0.1032,1208,all
NPR1,-0.031,1208,all
NPR2,-0.1123,1208,all
NPR3,0.1111,1208,all
NPRL2,0.0252,1208,all
NPRL3,0.1305,74,all
NPS,0.1703,1208,all
NPSR1,0.1331,1208,all
NPTN,0.0152,1208,all
NPTX1,-0.0786,1208,all
NPTX2,0.0679,1208,all
NPTXR,-0.0043,1208,all
NPVF,0.085,1208,all
NPW,-0.0934,1208,all
NPY,-0.0832,1208,all
NPY1R,0.0237,1208,all
NPY2R,0.1594,1208,all
NPY5R,0.0965,1208,all
NQO1,-0.0779,1208,all
NQO2,0.1507,1208,all
NR0B1,0.015,1208,all
NR0B2,-0.2037,1208,all
NR1D1,-0.0426,1208,all
NR1D2,0.0435,1208,all
NR1H2,0.0987,1208,all
NR1H3,0.0502,1208,all
NR1H4,-0.0904,1208,all
NR1I2,0.0251,1208,all
NR1I3,-0.0428,1208,all
NR2C1,-0.1495,1208,all
NR2C2,-0.096,1208,all
NR2C2AP,-0.4828,1208,all
NR2E1,-0.0051,1208,all
NR2E3,-0.0754,74,all
NR2F1,0.0352,1208,all
NR2F2,0.0785,1208,all
NR2F6,-0.057,1208,all
NR3C1,-0.0075,1208,all
NR3C2,0.0424,1208,all
NR4A1,-0.0893,1208,all
NR4A2,-0.0563,1208,all
NR4A3,0.0324,1208,all
NR5A1,-0.1191,1208,all
NR5A2,-0.0381,1208,all
NR6A1,-0.0803,1208,all
NRAP,0.0647,1208,all
NRARP,-0.0877,1208,all
NRAS,-0.2207,1208,all
NRBF2,-0.3064,1208,all
NRBP1,-1.0215,1208,all
NRBP2,-0.0846,1208,all
NRCAM,0.0231,1208,all
NRDC,-0.2505,1208,all
NRDE2,-1.1771,1208,all
NREP,0.0613,1208,all
NRF1,-1.0808,1208,all
NRG1,0.193,1208,all
NRG2,-0.0481,1208,all
NRG3,0.0023,1208,all
NRG4,0.0543,1208,all
NRGN,0.0918,1208,all
NRIP1,0.1494,1208,all
NRIP2,0.0457,1208,all
NRIP3,-0.0093,1208,all
NRK,0.1243,1208,all
NRL,0.0181,1208,all
NRM,-0.0526,1208,all
NRN1,-0.0813,1208,all
NRN1L,-0.032,1208,all
NRP1,0.0912,1208,all
NRP2,0.0003,1208,all
NRROS,-0.0474,1208,all
NRSN1,0.0812,1208,all
NRSN2,0.0794,1208,all
NRTN,0.0264,1208,all
NRXN1,0.0312,1208,all
NRXN2,-0.0898,1208,all
NRXN3,0.053,1208,all
NSA2,-1.3445,1208,all
NSD1,-0.1219,1208,all
NSD2,-0.0565,1208,all
NSD3,0.0602,1208,all
NSDHL,0.0371,1208,all
NSF,-2.4417,1208,all
NSFL1C,-0.1674,1208,all
NSG1,0.0878,1208,all
NSG2,0.0881,1208,all
NSL1,-0.915,1208,all
NSMAF,-0.0565,1208,all
NSMCE1,-0.5656,1208,all
NSMCE2,-0.4696,1208,all
NSMCE3,-0.9488,1208,all
NSMCE4A,-0.382,1208,all
NSMF,-0.1394,1208,all
NSRP1,-0.3787,1208,all
NSUN2,0.0058,1208,all
NSUN3,-0.0783,1208,all
NSUN4,-0.4255,1208,all
NSUN5,-0.1439,1208,all
NSUN6,0.081,1208,all
NSUN7,-0.0099,1208,all
NT5C,-0.1683,1208,all
NT5C1A,-0.0282,1208,all
NT5C1B,0.0941,1208,all
NT5C2,0.0046,1208,all
NT5C3A,-0.1369,1208,all
NT5C3B,-0.2417,1208,all
NT5DC1,-0.062,1208,all
NT5DC2,-0.1549,1208,all
NT5DC3,0.0133,1208,all
NT5DC4,0.0656,73,all
NT5E,-0.0101,1208,all
NT5M,0.0008,1208,all
NTAN1,-0.1174,1208,all
NTAQ1,0.069,1208,all
NTF3,-0.1082,1208,all
NTF4,-0.1046,1208,all
NTHL1,-0.0331,1208,all
NTM,0.0642,1208,all
NTMT1,-0.1199,1208,all
NTMT2,-0.0806,1208,all
NTN1,-0.0881,1208,all
NTN3,0.1175,1208,all
NTN4,-0.0361,1208,all
NTN5,-0.0406,1208,all
NTNG1,0.0009,1208,all
NTNG2,-0.0046,1208,all
NTPCR,-0.0278,1208,all
NTRK1,-0.001,1208,all
NTRK2,0.1101,1208,all
NTRK3,0.0276,1208,all
NTS,0.0105,1208,all
NTSR1,0.1107,1208,all
NTSR2,-0.0522,1208,all
NUAK1,-0.028,1208,all
NUAK2,-0.0445,1208,all
NUB1,0.149,1208,all
NUBP1,-1.156,1208,all
NUBP2,-0.6419,1208,all
NUBPL,-0.2492,1208,all
NUCB1,-0.0127,1208,all
NUCB2,0.0697,1208,all
NUCKS1,-0.0099,1208,all
NUDC,-0.8766,1208,all
NUDCD1,-0.0209,1208,all
NUDCD2,-0.159,1208,all
NUDCD3,-0.5604,1208,all
NUDT1,0.0008,1208,all
NUDT10,-0.0899,1047,all
NUDT11,-0.0629,1090,all
NUDT12,-0.1242,1208,all
NUDT13,-0.0847,1208,all
NUDT14,-0.0298,1208,all
NUDT15,-0.0127,1208,all
NUDT16,0.011,1208,all
NUDT16L1,-0.3093,1208,all
NUDT17,-0.2426,1208,all
NUDT18,0.031,74,all
NUDT19,0.0305,1208,all
NUDT2,-0.0266,1208,all
NUDT21,-1.9394,1208,all
NUDT22,-0.1139,1208,all
NUDT3,-0.0522,1208,all
NUDT4,-0.0429,70,all
NUDT5,0.0875,1208,all
NUDT6,0.0452,1208,all
NUDT7,0.0403,1208,all
NUDT8,-0.1068,1208,all
NUDT9,0.1079,1208,all
NUF2,-1.6183,1208,all
NUFIP1,-0.6157,1208,all
NUFIP2,-0.1127,1208,all
NUGGC,0.0565,1208,all
NUMA1,-0.5096,1208,all
NUMB,-0.0632,1208,all
NUMBL,-0.0322,1208,all
NUP107,-0.8337,1208,all
NUP133,-1.5118,1208,all
NUP153,-0.6071,1208,all
NUP155,-0.9788,1208,all
NUP160,-0.952,1208,all
NUP188,-0.2233,1208,all
NUP205,-1.0729,1208,all
NUP210,-0.0316,1208,all
NUP210L,0.0033,1208,all
NUP214,-1.1187,1208,all
NUP35,-0.4811,1208,all
NUP37,-0.1865,1208,all
NUP42,-0.0645,1208,all
NUP43,-1.2276,1208,all
NUP50,-0.5568,1208,all
NUP54,-0.7641,1208,all
NUP58,-0.4295,1208,all
NUP62,-0.7375,1208,all
NUP62CL,0.1746,1208,all
NUP85,-1.6146,1208,all
NUP88,-1.3206,1208,all
NUP93,-1.7106,1208,all
NUP98,-0.8077,1208,all
NUPR1,0.0303,1208,all
NUPR2,-0.2283,1208,all
NUS1,-1.5906,1208,all
NUSAP1,-0.133,1208,all
NUTF2,-1.6563,1208,all
NUTM1,-0.0126,1208,all
NUTM2A,-0.3784,1047,all
NUTM2D,0.3001,70,all
NUTM2F,-0.0364,1047,all
NUTM2G,-0.0377,1165,all
NVL,-1.3504,1208,all
NWD1,-0.2307,1208,all
NWD2,-0.0436,1208,all
NXF1,-1.2637,1208,all
NXF3,0.0492,1208,all
NXN,-0.0111,1208,all
NXNL1,-0.0605,1208,all
NXNL2,-0.0976,1208,all
NXPE1,0.0741,1208,all
NXPE2,0.0159,1208,all
NXPE3,-0.0798,1208,all
NXPE4,0.0552,1208,all
NXPH1,0.1573,1208,all
NXPH2,0.0889,1208,all
NXPH3,-0.0067,1208,all
NXPH4,0.0548,1208,all
NXT1,-0.6155,1208,all
NXT2,0.0229,1208,all
NYAP1,-0.005,1208,all
NYAP2,0.0485,1208,all
NYNRIN,-0.0198,1208,all
NYX,-0.0169,1208,all
OAF,-0.0277,1208,all
OARD1,-0.0677,1208,all
OAS1,0.008,1208,all
OAS2,0.0063,1208,all
OAS3,-0.0533,1208,all
OASL,-0.036,1208,all
OAT,0.0216,1208,all
OAZ1,-0.1362,1208,all
OAZ2,-0.0044,1208,all
OAZ3,0.0175,1208,all
OBI1,-0.042,1208,all
OBP2A,0.1337,380,all
OBP2B,0.4419,74,all
OBSCN,0.1388,1208,all
OBSL1,-0.1735,1208,all
OC90,0.0498,1208,all
OCA2,-0.0527,1208,all
OCEL1,0.069,1208,all
OCIAD1,0.0154,1208,all
OCIAD2,0.0723,1208,all
OCLN,-0.1281,1208,all
OCM,0.0669,1165,all
OCM2,-0.0437,1165,all
OCRL,-0.0037,1208,all
OCSTAMP,0.0634,1208,all
ODAD1,-0.1711,1208,all
ODAD2,0.0372,1208,all
ODAD3,-0.0278,1208,all
ODAD4,-0.0439,74,all
ODAM,0.1123,1208,all
ODAPH,0.0019,1208,all
ODC1,0.0648,1208,all
ODF1,-0.1832,1208,all
ODF2,0.0968,1208,all
ODF2L,0.0101,1208,all
ODF4,-0.0689,1208,all
ODR4,-0.3186,1208,all
OFD1,0.1006,1208,all
OGA,-0.2335,1208,all
OGDH,-0.4718,1208,all
OGDHL,-0.0942,1208,all
OGFOD1,-0.1789,1208,all
OGFOD2,0.0614,1208,all
OGFOD3,-0.0138,1208,all
OGFR,-0.1632,1208,all
OGFRL1,0.0982,1208,all
OGG1,-0.0048,1208,all
OGN,0.1426,1208,all
OGT,-1.4669,1208,all
OIP5,-0.9371,1208,all
OIT3,0.0203,1208,all
OLA1,-0.1827,1208,all
OLAH,0.0931,1208,all
OLFM1,0.0423,1208,all
OLFM2,-0.0636,1208,all
OLFM3,-0.0825,1208,all
OLFM4,0.0224,1208,all
OLFML1,-0.0175,1208,all
OLFML2A,-0.0353,1208,all
OLFML2B,-0.0673,1208,all
OLFML3,-0.4037,1208,all
OLIG1,-0.068,1208,all
OLIG2,0.0179,1208,all
OLIG3,-0.1326,1208,all
OLR1,0.0583,1208,all
OMA1,-0.0487,1208,all
OMD,0.1169,1208,all
OMG,-0.0323,1208,all
OMP,0.0045,1208,all
ONECUT1,0.0884,1208,all
ONECUT2,0.0558,1208,all
ONECUT3,0.0365,1208,all
OOEP,-0.1297,1208,all
OOSP2,-0.0533,1208,all
OOSP3,0.1505,70,all
OPA1,-0.5738,1208,all
OPA3,-0.0557,1208,all
OPALIN,0.0273,1208,all
OPCML,0.0935,1208,all
OPHN1,-0.004,1208,all
OPLAH,0.1243,74,all
OPN1LW,0.0316,1165,all
OPN1SW,0.1262,1208,all
OPN3,0.0046,1208,all
OPN4,-0.1221,1208,all
OPN5,-0.021,1208,all
OPRD1,0.082,1208,all
OPRK1,0.0655,1208,all
OPRL1,0.0148,1208,all
OPRM1,0.0682,1208,all
OPRPN,-0.0338,1208,all
OPTC,-0.0034,1208,all
OPTN,0.0709,1208,all
OR10A2,-0.0055,1047,all
OR10A3,0.0349,1090,all
OR10A4,-0.2807,1090,all
OR10A5,0.0621,1090,all
OR10A7,-0.1366,1090,all
OR10AD1,-0.0435,1090,all
OR10AG1,0.0015,1090,all
OR10C1,-0.2802,1090,all
OR10D3,-0.0245,73,all
OR10G2,-0.0418,1047,all
OR10G3,-0.033,1090,all
OR10G4,-0.0026,1047,all
OR10G6,0.0214,73,all
OR10G7,0.098,1047,all
OR10G8,-0.0354,1090,all
OR10G9,-0.1007,1047,all
OR10H1,-0.1754,1047,all
OR10H2,-0.2237,1090,all
OR10H3,0.0689,1090,all
OR10H4,0.0019,1090,all
OR10H5,-0.1536,1090,all
OR10J1,0.1035,1090,all
OR10J5,-0.0036,1090,all
OR10K1,-0.1364,1090,all
OR10K2,-0.0948,1090,all
OR10P1,-0.0954,1090,all
OR10Q1,0.039,1090,all
OR10R2,-0.029,1090,all
OR10T2,-0.1767,1090,all
OR10V1,-0.0261,1090,all
OR10W1,0.0458,1090,all
OR10Z1,0.1151,1090,all
OR11A1,0.0571,1090,all
OR11H4,-0.0734,1090,all
OR11H6,-0.0506,1090,all
OR11L1,0.1156,1090,all
OR12D3,0.0877,1090,all
OR13A1,-0.0605,1090,all
OR13C2,0.1185,1047,all
OR13C3,-0.017,1090,all
OR13C4,-0.0975,1090,all
OR13C5,0.2185,1090,all
OR13C8,-0.1379,1090,all
OR13C9,0.0898,1090,all
OR13D1,-0.0599,1090,all
OR13F1,-0.1936,1090,all
OR13G1,0.0984,1090,all
OR13H1,-0.0388,1090,all
OR13J1,-0.0329,1090,all
OR14A16,-0.0216,1090,all
OR14A2,0.0549,73,all
OR14C36,0.0472,1090,all
OR14I1,0.0663,1090,all
OR14J1,-0.0252,1090,all
OR14K1,0.1323,73,all
OR1A1,-0.0218,1090,all
OR1A2,-0.0545,1090,all
OR1C1,-0.0371,1090,all
OR1D2,-0.4343,1090,all
OR1D5,-0.2802,1090,all
OR1E1,0.0242,1090,all
OR1E2,-0.3294,1090,all
OR1F1,0.0199,1090,all
OR1G1,-0.0267,1090,all
OR1I1,-0.0745,1090,all
OR1J1,-0.0293,1090,all
OR1J2,0.0997,1090,all
OR1J4,-0.035,1090,all
OR1K1,-0.0465,1090,all
OR1L1,0.0007,1090,all
OR1L3,0.0405,1090,all
OR1L4,-0.0556,1047,all
OR1L6,-0.076,1047,all
OR1L8,0.0162,1090,all
OR1M1,-0.0334,1090,all
OR1N1,-0.0516,1090,all
OR1N2,-0.0389,1090,all
OR1Q1,-0.0882,1090,all
OR2A12,0.0263,1090,all
OR2A14,-0.1224,1090,all
OR2A2,-0.0112,1090,all
OR2A25,0.0347,1090,all
OR2A5,-0.0441,1090,all
OR2AE1,-0.0731,1090,all
OR2AG1,0.034,1090,all
OR2AG2,0.0579,1090,all
OR2AJ1,0.1914,73,all
OR2AP1,-0.1059,1090,all
OR2AT4,0.0673,1090,all
OR2B11,-0.0854,1090,all
OR2B2,-0.1441,1090,all
OR2B3,-0.0124,1090,all
OR2B6,-0.0971,1090,all
OR2C1,-0.0352,1090,all
OR2C3,-0.1358,1090,all
OR2D2,-0.0425,1090,all
OR2D3,0.0588,1090,all
OR2F2,-0.0045,1090,all
OR2G2,0.0779,1090,all
OR2G3,-0.0003,1090,all
OR2G6,-0.1138,1090,all
OR2H1,-0.0441,1090,all
OR2H2,0.0452,1090,all
OR2J1,0.1613,70,all
OR2J2,-0.0341,1090,all
OR2J3,-0.065,1090,all
OR2K2,-0.0166,1090,all
OR2L13,0.0228,1090,all
OR2L2,-0.0124,1090,all
OR2L3,-0.0423,1090,all
OR2L5,-0.1436,1090,all
OR2M2,-0.0025,1090,all
OR2M3,0.0065,1090,all
OR2M4,-0.0752,1090,all
OR2M5,0.0128,1047,all
OR2M7,-0.1654,1090,all
OR2S2,-0.1472,1090,all
OR2T10,-0.0184,1090,all
OR2T12,-0.0822,1047,all
OR2T2,-0.3137,1046,all
OR2T27,-0.2075,1090,all
OR2T29,-0.1344,1046,all
OR2T35,-0.181,1046,all
OR2T4,0.0267,1090,all
OR2T5,-0.1345,1046,all
OR2T6,-0.0161,1090,all
OR2T8,-0.1276,1047,all
OR2V1,-0.1104,1090,all
OR2V2,-0.1247,1090,all
OR2W1,-0.0387,1090,all
OR2W3,-0.0183,1090,all
OR2Y1,0.0405,1090,all
OR2Z1,0.0024,1090,all
OR3A1,-0.0294,1090,all
OR4A16,-0.0296,1090,all
OR4A47,-0.4951,1090,all
OR4A5,-0.2595,1047,all
OR4B1,-0.1637,1090,all
OR4C11,-0.0602,1090,all
OR4C12,-0.0926,1090,all
OR4C13,-0.0192,1090,all
OR4C15,-0.0269,1090,all
OR4C3,-0.0623,1090,all
OR4C46,-0.4937,1090,all
OR4C5,0.1308,73,all
OR4C6,-0.0182,1090,all
OR4D1,-0.2179,1090,all
OR4D10,-0.1891,1090,all
OR4D11,-0.002,1090,all
OR4D2,-0.2359,1090,all
OR4D5,-0.0903,1090,all
OR4D6,0.1885,1090,all
OR4D9,-0.2594,1090,all
OR4E1,0.4075,70,all
OR4E2,-0.0443,1090,all
OR4F15,0.0292,1090,all
OR4F6,-0.0419,1090,all
OR4K1,-0.3893,1090,all
OR4K13,-0.1316,1090,all
OR4K14,0.014,1090,all
OR4K15,-0.1076,1090,all
OR4K17,0.0567,1090,all
OR4K2,-0.0289,1090,all
OR4K5,0.0669,1090,all
OR4L1,0.0601,1090,all
OR4M1,-0.0298,1090,all
OR4N2,-0.332,1090,all
OR4N5,-0.1255,1090,all
OR4P4,-0.0497,1090,all
OR4S1,-0.1406,1090,all
OR4S2,-0.063,1090,all
OR4X1,-0.0788,1090,all
OR51A2,0.1265,1047,all
OR51A4,0.1067,1090,all
OR51A7,0.0481,1090,all
OR51B4,0.0781,1090,all
OR51B5,0.0858,1089,all
OR51B6,-0.0393,1090,all
OR51D1,0.017,1090,all
OR51E1,0.0051,1090,all
OR51E2,0.0167,1090,all
OR51F1,0.0752,77,all
OR51F2,0.0251,1090,all
OR51G2,0.044,1090,all
OR51I1,0.0357,1090,all
OR51I2,-0.2522,1090,all
OR51L1,0.1198,1090,all
OR51M1,-0.1609,1090,all
OR51Q1,-0.0419,1090,all
OR51S1,-0.0096,1090,all
OR51T1,0.0593,1090,all
OR51V1,-0.0907,1090,all
OR52A1,-0.0443,1090,all
OR52A5,-0.0306,1090,all
OR52B2,0.0261,1090,all
OR52B6,0.1375,1090,all
OR52D1,-0.013,1090,all
OR52E2,0.0266,1090,all
OR52E4,-0.0266,1090,all
OR52E5,0.3466,70,all
OR52E6,0.0814,1090,all
OR52E8,0.0445,1090,all
OR52H1,0.0641,1090,all
OR52I1,0.1425,1090,all
OR52J3,0.1098,1090,all
OR52K1,-0.0249,1090,all
OR52K2,0.1337,1090,all
OR52L1,-0.0559,1090,all
OR52M1,-0.0421,1090,all
OR52N1,0.0747,1090,all
OR52N2,0.0832,1090,all
OR52N4,0.1025,1090,all
OR52N5,0.0811,1090,all
OR52W1,-0.1178,1090,all
OR56A1,-0.049,1090,all
OR56A3,0.0693,1090,all
OR56A4,-0.0144,77,all
OR56A5,0.1247,74,all
OR56B1,0.0693,1090,all
OR56B4,0.0599,1090,all
OR5A1,-0.1432,1090,all
OR5A2,-0.0808,1090,all
OR5AC2,-0.0227,1090,all
OR5AK2,-0.055,1090,all
OR5AN1,-0.0697,1090,all
OR5AP2,0.1498,1090,all
OR5AS1,-0.0682,1090,all
OR5AU1,-0.159,1090,all
OR5B12,0.1084,1090,all
OR5B17,-0.0842,1090,all
OR5B2,0.0113,1090,all
OR5B21,-0.0546,1090,all
OR5B3,-0.0942,1090,all
OR5C1,0.0579,1090,all
OR5D14,0.1818,1090,all
OR5D16,-0.0474,1090,all
OR5D18,-0.0312,1090,all
OR5F1,-0.1048,1090,all
OR5H14,0.096,1047,all
OR5H15,-0.1046,1047,all
OR5H2,-0.072,1090,all
OR5H6,0.0105,1090,all
OR5I1,0.0956,1090,all
OR5J2,0.0415,1090,all
OR5K1,0.0301,1047,all
OR5K3,-0.201,1090,all
OR5K4,-0.0536,1090,all
OR5L2,-0.1933,1090,all
OR5M1,-0.0296,1090,all
OR5M10,0.0372,1047,all
OR5M11,-0.0792,1090,all
OR5M3,-0.0335,1090,all
OR5M8,0.0085,1090,all
OR5M9,-0.0224,1090,all
OR5P2,0.0192,1090,all
OR5P3,0.0659,1090,all
OR5T1,0.0014,1090,all
OR5T2,-0.0869,1090,all
OR5T3,0.0851,1090,all
OR5V1,0.1201,1090,all
OR5W2,0.02,1090,all
OR6A2,-0.0412,1090,all
OR6B1,-0.0434,1090,all
OR6B2,-0.0325,1047,all
OR6B3,-0.1232,1047,all
OR6C1,-0.0012,1090,all
OR6C2,-0.0528,1090,all
OR6C3,-0.1344,1090,all
OR6C4,-0.0752,1090,all
OR6C6,-0.3386,1090,all
OR6C65,-0.0394,1090,all
OR6C68,0.1118,1090,all
OR6C70,-0.0473,1090,all
OR6C74,0.0236,1090,all
OR6C75,-0.0008,1090,all
OR6C76,-0.0452,1090,all
OR6F1,-0.0116,1090,all
OR6J1,-0.1164,73,all
OR6K2,-0.079,1090,all
OR6K3,-0.1062,1090,all
OR6M1,0.0402,1090,all
OR6N1,-0.0363,1090,all
OR6N2,0.0456,1090,all
OR6P1,-0.0219,1090,all
OR6Q1,0.033,1090,all
OR6S1,-0.0365,1090,all
OR6T1,0.0432,1090,all
OR6V1,-0.0036,1090,all
OR6X1,-0.0066,1090,all
OR6Y1,0.0046,1090,all
OR7A10,-0.3286,1090,all
OR7A17,-0.401,1090,all
OR7A5,0.1388,1090,all
OR7C1,-0.1032,1090,all
OR7C2,-0.1764,1090,all
OR7D2,0.0311,1090,all
OR7D4,-0.1455,1090,all
OR7E24,-0.1473,1090,all
OR7G1,-0.2026,1090,all
OR7G2,-0.3467,1090,all
OR7G3,-0.1882,1090,all
OR8A1,-0.2803,1090,all
OR8B12,-0.1278,1090,all
OR8B2,0.0167,1090,all
OR8B3,0.0546,1047,all
OR8B4,-0.0221,1090,all
OR8B8,0.0634,1090,all
OR8D1,0.0411,1090,all
OR8D4,0.0302,1090,all
OR8G1,0.3363,74,all
OR8G5,-0.0012,1090,all
OR8H1,-0.0092,1090,all
OR8H2,-0.0016,1090,all
OR8H3,-0.1173,1090,all
OR8I2,-0.2199,1090,all
OR8J1,-0.0538,1090,all
OR8J3,-0.0284,1090,all
OR8K1,-0.0046,1090,all
OR8K5,-0.1031,1090,all
OR8S1,-0.0942,1090,all
OR8U1,0.0179,1090,all
OR9A2,-0.0601,1090,all
OR9A4,-0.0283,1090,all
OR9G1,-0.1008,1090,all
OR9G4,-0.0322,1090,all
OR9I1,-0.0454,1090,all
OR9K2,0.058,1090,all
OR9Q1,0.0536,1090,all
OR9Q2,0.0211,1090,all
ORAI2,-0.0118,1208,all
ORAI3,-0.1183,1208,all
ORC1,-0.8067,1208,all
ORC2,-0.2258,1208,all
ORC3,-0.4662,1208,all
ORC4,-0.4915,1208,all
ORC5,-0.4598,1208,all
ORC6,-1.8751,1208,all
ORM1,-0.0646,1208,all
ORM2,0.0206,1208,all
ORMDL1,0.0875,1208,all
ORMDL2,-0.0791,1208,all
ORMDL3,-0.1329,1208,all
OS9,-0.2576,1208,all
OSBP,-0.4628,1208,all
OSBP2,-0.004,1208,all
OSBPL10,0.0162,1208,all
OSBPL11,-0.0305,1208,all
OSBPL1A,-0.0544,1208,all
OSBPL2,-0.0914,1208,all
OSBPL3,0.0529,1208,all
OSBPL5,0.0508,1208,all
OSBPL6,-0.0516,1208,all
OSBPL7,-0.1805,1208,all
OSBPL8,-0.0241,1208,all
OSBPL9,-0.1551,1208,all
OSCAR,0.0012,1208,all
OSCP1,-0.1228,1208,all
OSER1,-0.0294,1208,all
OSGEP,-1.553,1208,all
OSGEPL1,-0.0276,1208,all
OSGIN1,-0.0115,1208,all
OSGIN2,0.0144,1208,all
OSM,-0.0553,1208,all
OSMR,0.1201,1208,all
OSR1,0.1133,1208,all
OSR2,-0.0062,1208,all
OST4,-0.3758,1090,all
OSTC,-0.6165,1208,all
OSTF1,0.0621,1208,all
OSTM1,0.0462,1208,all
OSTN,0.1207,1208,all
OTC,0.0536,1208,all
OTOA,0.0127,1208,all
OTOF,-0.0113,1208,all
OTOG,0.0176,1208,all
OTOGL,-0.1147,77,all
OTOL1,0.0283,1208,all
OTOP1,-0.4179,1208,all
OTOP2,-0.1114,1208,all
OTOP3,0.1431,1208,all
OTOR,-0.0328,1208,all
OTOS,-0.0975,1208,all
OTP,-0.0807,1208,all
OTUB1,-0.1557,1208,all
OTUB2,0.0882,1208,all
OTUD1,-0.002,1208,all
OTUD3,-0.0606,1208,all
OTUD4,0.0007,1208,all
OTUD5,-0.3156,1208,all
OTUD6A,0.0755,1208,all
OTUD6B,-0.0026,1208,all
OTUD7A,-0.0304,1208,all
OTUD7B,0.0416,1208,all
OTULIN,-0.0274,1208,all
OTULINL,0.0509,1208,all
OTX1,-0.2459,1208,all
OTX2,0.0636,1208,all
OVCA2,-0.1972,1208,all
OVCH1,-0.1541,77,all
OVCH2,0.2114,74,all
OVGP1,-0.2673,1208,all
OVOL1,-0.0189,1208,all
OVOL2,-0.1076,1208,all
OVOL3,-0.1152,77,all
OXA1L,-0.5566,1208,all
OXCT1,0.1464,1208,all
OXCT2,0.0052,1208,all
OXER1,0.1525,1208,all
OXGR1,0.0393,1208,all
OXLD1,-0.1295,1208,all
OXNAD1,0.0429,1208,all
OXR1,0.0056,1208,all
OXSM,-0.2797,1208,all
OXSR1,-0.0324,1208,all
OXT,0.0058,1208,all
OXTR,0.0965,1208,all
P2RX1,-0.0414,1208,all
P2RX2,-0.1335,1208,all
P2RX3,-0.111,1208,all
P2RX4,-0.1441,1208,all
P2RX5,0.056,1208,all
P2RX6,0.051,1208,all
P2RX7,-0.1194,1208,all
P2RY1,0.0353,1208,all
P2RY10,-0.006,1208,all
P2RY11,-0.0278,1208,all
P2RY12,-0.0748,1208,all
P2RY13,0.0666,1208,all
P2RY14,-0.0514,1208,all
P2RY2,-0.1199,1208,all
P2RY4,0.1791,1208,all
P2RY6,-0.1988,1208,all
P2RY8,0.3555,74,all
P3H1,-0.2863,1208,all
P3H2,0.046,1208,all
P3H3,-0.0954,381,all
P3H4,-0.2372,1208,all
P3R3URF,0.1065,70,all
P4HA1,0.0284,1208,all
P4HA2,-0.0389,1208,all
P4HA3,-0.064,1208,all
P4HB,-0.1013,1208,all
P4HTM,-0.1416,1208,all
PA2G4,-0.4644,1208,all
PAAF1,-0.0167,1208,all
PABIR1,-0.3044,1208,all
PABIR2,0.1162,1208,all
PABIR3,0.306,1208,all
PABPC1,-1.1231,1208,all
PABPC1L,-0.0005,1208,all
PABPC3,0.0326,1208,all
PABPC4,-0.037,1208,all
PABPC4L,-0.0364,77,all
PABPC5,0.0333,1208,all
PABPN1,-1.5359,1208,all
PABPN1L,0.1023,1208,all
PACC1,0.0421,1208,all
PACRG,0.1424,1208,all
PACRGL,0.2093,1208,all
PACS1,-0.2146,1208,all
PACS2,-0.1143,1208,all
PACSIN1,0.029,1208,all
PACSIN2,0.0886,1208,all
PACSIN3,-0.1735,1208,all
PADI1,0.0595,1208,all
PADI2,-0.0158,1208,all
PADI3,-0.034,1208,all
PADI4,0.0911,1208,all
PADI6,0.0721,74,all
PAEP,-0.1282,1208,all
PAF1,-0.8316,1208,all
PAFAH1B1,-2.2639,1208,all
PAFAH1B2,0.0257,1208,all
PAFAH1B3,-0.0673,1208,all
PAFAH2,0.0016,1208,all
PAG1,-0.0131,1208,all
PAGE1,0.0489,1208,all
PAGE2,-0.0537,1090,all
PAGE2B,0.278,317,all
PAGE3,0.2805,77,all
PAGE4,0.0898,1208,all
PAGE5,0.0832,1208,all
PAGR1,-0.2358,1208,all
PAH,0.0539,1208,all
PAICS,-0.5871,1208,all
PAIP1,-0.1033,1208,all
PAIP2,-0.1126,1208,all
PAIP2B,0.0651,1208,all
PAK1,-0.1679,1208,all
PAK1IP1,-1.418,1208,all
PAK2,-0.2159,1208,all
PAK3,-0.06,1208,all
PAK4,-0.0804,1208,all
PAK5,0.0353,1208,all
PAK6,-0.0783,1208,all
PALB2,-0.3411,1208,all
PALD1,0.0408,1208,all
PALLD,0.1188,1208,all
PALM,-0.1013,1208,all
PALM2AKAP2,0.0605,383,all
PALM3,-0.0958,1208,all
PALMD,-0.0419,1208,all
PALS1,0.0105,1208,all
PALS2,0.0438,1208,all
PAM,0.0294,1208,all
PAM16,-1.6103,1208,all
PAMR1,0.0192,1208,all
PAN2,-0.1983,1208,all
PAN3,-0.0583,1208,all
PANK1,-0.0025,1208,all
PANK2,-0.0028,1208,all
PANK3,-0.1963,1208,all
PANK4,-0.0057,1208,all
PANX1,0.0406,1208,all
PANX2,0.0503,1208,all
PANX3,0.0644,1208,all
PAOX,-0.0628,1208,all
PAPLN,-0.0229,1208,all
PAPOLA,-0.1616,1208,all
PAPOLB,-0.0277,70,all
PAPOLG,0.0675,1208,all
PAPPA,-0.192,1208,all
PAPPA2,0.0595,1208,all
PAPSS1,-0.0203,1208,all
PAPSS2,-0.0112,1208,all
PAQR3,-0.1654,1208,all
PAQR4,-0.1297,1208,all
PAQR5,0.0115,1208,all
PAQR6,-0.2764,1208,all
PAQR7,0.0109,1208,all
PAQR8,-0.1067,1208,all
PAQR9,-0.0316,1208,all
PARD3,-0.1145,1208,all
PARD3B,0.0474,1208,all
PARD6A,0.0433,1208,all
PARD6B,-0.2178,1208,all
PARD6G,-0.0851,1208,all
PARG,-0.3845,74,all
PARK7,-0.0726,1208,all
PARL,-0.2866,1208,all
PARM1,0.0022,1208,all
PARN,-0.3767,1208,all
PARP1,-0.2093,1208,all
PARP10,-0.0974,1208,all
PARP11,0.0042,1208,all
PARP12,0.0488,1208,all
PARP14,-0.0113,1208,all
PARP15,-0.0134,1208,all
PARP16,-0.0553,1208,all
PARP2,-0.0263,1208,all
PARP3,-0.0609,1208,all
PARP4,0.0137,1208,all
PARP6,-0.0663,1208,all
PARP8,0.0314,1208,all
PARP9,0.0698,1208,all
PARPBP,-0.0319,1208,all
PARS2,-0.5847,1208,all
PARVA,0.0241,383,all
PARVB,0.0443,1208,all
PARVG,0.1515,1208,all
PASD1,0.097,1208,all
PASK,0.0089,1208,all
PATE1,0.247,1208,all
PATE2,0.1427,1208,all
PATE3,0.1314,1208,all
PATE4,0.1005,1208,all
PATJ,-0.0524,1208,all
PATL1,-0.0475,1208,all
PATL2,0.0811,1208,all
PATZ1,-0.1329,1208,all
PAWR,0.1673,1208,all
PAX1,0.0052,1208,all
PAX2,-0.0598,1208,all
PAX3,-0.0366,1208,all
PAX4,0.0113,1208,all
PAX5,-0.088,1208,all
PAX6,0.0286,1208,all
PAX7,0.0247,1208,all
PAX8,-0.1866,1208,all
PAX9,0.0361,1208,all
PAXBP1,-1.028,1208,all
PAXIP1,-0.2264,1208,all
PAXX,-0.0143,1208,all
PBDC1,0.0443,1208,all
PBK,0.0575,1208,all
PBLD,-0.0396,1208,all
PBOV1,0.2296,1208,all
PBRM1,-0.1397,1208,all
PBX1,0.0101,1208,all
PBX2,-0.2518,1208,all
PBX3,0.0299,1208,all
PBX4,-0.0604,1208,all
PBXIP1,-0.1072,1208,all
PC,-0.361,1208,all
PCARE,0.0301,1208,all
PCBD1,0.0381,1208,all
PCBD2,-0.127,1208,all
PCBP1,-1.3679,1208,all
PCBP2,-1.4707,1208,all
PCBP3,0.0255,1208,all
PCBP4,0.0119,1208,all
PCCA,0.0838,1208,all
PCCB,-0.0858,1208,all
PCDH1,0.0619,1208,all
PCDH10,-0.1272,1208,all
PCDH11X,0.0763,1090,all
PCDH11Y,0.3861,77,all
PCDH12,0.0787,1208,all
PCDH15,0.099,1208,all
PCDH17,0.0461,1208,all
PCDH18,0.0315,1208,all
PCDH19,-0.0381,1208,all
PCDH20,-0.0801,1208,all
PCDH7,-0.0582,1208,all
PCDH8,-0.006,1208,all
PCDH9,0.0872,1208,all
PCDHA1,-0.0249,1208,all
PCDHA10,0.032,1208,all
PCDHA11,-0.0315,1208,all
PCDHA12,-0.0849,1208,all
PCDHA13,-0.123,1208,all
PCDHA2,-0.0472,1208,all
PCDHA3,-0.0854,1208,all
PCDHA4,-0.1756,1208,all
PCDHA5,0.1002,1208,all
PCDHA6,-0.0467,1165,all
PCDHA7,-0.0621,1208,all
PCDHA8,-0.018,1208,all
PCDHA9,-0.0397,1165,all
PCDHAC1,-0.0881,1208,all
PCDHAC2,-0.0321,1208,all
PCDHB1,-0.0406,1208,all
PCDHB10,0.0322,1208,all
PCDHB11,-0.0041,1208,all
PCDHB12,0.1097,1208,all
PCDHB13,0.0986,1208,all
PCDHB14,-0.0317,1208,all
PCDHB15,-0.0871,1208,all
PCDHB16,-0.038,1208,all
PCDHB2,-0.1119,1208,all
PCDHB3,-0.0121,1208,all
PCDHB4,-0.0542,1208,all
PCDHB5,-0.0443,1208,all
PCDHB6,-0.0362,1208,all
PCDHB7,-0.1374,1208,all
PCDHB8,0.0114,1208,all
PCDHB9,0.2385,74,all
PCDHGA1,-0.0674,1208,all
PCDHGA10,-0.0808,1208,all
PCDHGA11,0.0777,1208,all
PCDHGA12,-0.0458,1208,all
PCDHGA2,0.031,1208,all
PCDHGA3,0.0202,1208,all
PCDHGA4,-0.1029,1089,all
PCDHGA5,-0.0082,1208,all
PCDHGA6,0.0092,1208,all
PCDHGA7,-0.1542,1208,all
PCDHGA8,0.0012,1208,all
PCDHGA9,0.0416,1208,all
PCDHGB1,-0.0886,1208,all
PCDHGB2,0.0142,1208,all
PCDHGB3,-0.0692,1208,all
PCDHGB4,0.0283,1208,all
PCDHGB5,0.1258,70,all
PCDHGB6,0.0124,1208,all
PCDHGB7,0.0827,1208,all
PCDHGC3,-0.1606,1208,all
PCDHGC4,0.0233,1208,all
PCDHGC5,-0.0762,1208,all
PCED1A,0.0551,1208,all
PCED1B,-0.196,1208,all
PCF11,-1.0519,1208,all
PCGF1,-0.0384,1208,all
PCGF2,-0.1822,1208,all
PCGF3,-0.0346,1208,all
PCGF5,-0.0355,1208,all
PCGF6,-0.1698,1208,all
PCID2,-1.1338,1208,all
PCIF1,-0.1268,1208,all
PCK1,-0.0504,1208,all
PCK2,-0.068,1208,all
PCLAF,-0.0084,1208,all
PCLO,0.0992,1208,all
PCM1,-0.2754,1208,all
PCMT1,-0.1023,1208,all
PCMTD1,-0.1142,1208,all
PCMTD2,-0.1276,1208,all
PCNA,-3.0645,1208,all
PCNP,-0.3164,1208,all
PCNT,-0.2466,1208,all
PCNX1,-0.0229,1208,all
PCNX2,-0.071,1208,all
PCNX3,-0.4725,1208,all
PCNX4,0.1171,77,all
PCOLCE,-0.0745,1208,all
PCOLCE2,-0.0113,1208,all
PCP2,-0.0389,1208,all
PCP4,0.0541,1208,all
PCP4L1,0.0492,1208,all
PCSK1,0.018,1208,all
PCSK1N,0.1182,1208,all
PCSK2,0.0772,1208,all
PCSK4,0.0566,1208,all
PCSK5,0.0012,1208,all
PCSK6,0.2798,74,all
PCSK7,-0.036,1208,all
PCSK9,-0.2369,1208,all
PCTP,0.0258,1208,all
PCYOX1,0.01,1208,all
PCYOX1L,0.0658,1208,all
PCYT1A,-0.4938,1208,all
PCYT1B,0.01,1208,all
PCYT2,-0.1439,1208,all
PDAP1,-1.047,1208,all
PDC,-0.0597,1208,all
PDCD1,0.0326,1208,all
PDCD10,0.2282,1208,all
PDCD11,-1.4002,1208,all
PDCD1LG2,0.1037,1208,all
PDCD2,-1.3715,1208,all
PDCD2L,-0.0364,1208,all
PDCD4,0.0552,1208,all
PDCD5,-0.4964,1208,all
PDCD6,-0.3683,1208,all
PDCD6IP,-0.4645,1208,all
PDCD7,-0.7091,1208,all
PDCL,-0.3719,1208,all
PDCL2,-0.1317,1208,all
PDCL3,-0.2754,1208,all
PDE10A,0.0646,1208,all
PDE11A,0.0031,1208,all
PDE12,-0.3585,1208,all
PDE1A,0.098,1208,all
PDE1B,0.013,1208,all
PDE1C,-0.0787,1208,all
PDE2A,-0.0636,1208,all
PDE3A,0.0616,1208,all
PDE3B,0.0323,1208,all
PDE4A,-0.1306,1208,all
PDE4B,-0.0296,1208,all
PDE4C,-0.085,1208,all
PDE4D,0.0201,1208,all
PDE4DIP,-0.5532,1208,all
PDE5A,0.0417,1208,all
PDE6A,0.111,1208,all
PDE6B,-0.0354,1208,all
PDE6C,0.0312,1208,all
PDE6D,-0.0598,1208,all
PDE6G,-0.158,1208,all
PDE6H,0.0771,1208,all
PDE7A,-0.0836,1208,all
PDE7B,0.0246,1208,all
PDE8A,-0.044,1208,all
PDE8B,-0.092,1208,all
PDE9A,0.0556,1208,all
PDF,-0.0731,1208,all
PDGFA,0.0144,1208,all
PDGFB,0.0521,1208,all
PDGFC,0.1159,1208,all
PDGFD,0.0226,1208,all
PDGFRA,-0.1974,1208,all
PDGFRB,-0.087,1208,all
PDGFRL,-0.0111,1208,all
PDHA1,-0.0032,1208,all
PDHA2,-0.0775,1208,all
PDHB,-0.054,1208,all
PDHX,0.0001,1208,all
PDIA2,-0.002,1208,all
PDIA3,-0.0646,1208,all
PDIA4,-0.1006,1208,all
PDIA5,0.1889,1208,all
PDIA6,0.0248,1208,all
PDIK1L,-0.0166,1208,all
PDILT,0.0564,1208,all
PDK1,0.0124,1208,all
PDK2,-0.2653,1208,all
PDK3,-0.0652,1208,all
PDK4,0.0524,1208,all
PDLIM1,-0.0176,1208,all
PDLIM2,0.0567,1208,all
PDLIM3,0.1899,1208,all
PDLIM4,0.0537,1208,all
PDLIM5,0.1888,1208,all
PDLIM7,-0.0329,1208,all
PDP1,0.0462,1208,all
PDP2,-0.0905,1208,all
PDPK1,-0.8135,1208,all
PDPN,0.1515,1208,all
PDPR,-0.2766,1208,all
PDRG1,-1.9145,1208,all
PDS5A,-0.3299,1208,all
PDS5B,-0.1289,1208,all
PDSS1,-0.2911,1208,all
PDSS2,-0.1505,1208,all
PDX1,-0.0089,1208,all
PDXDC1,-0.237,1208,all
PDXK,-0.1036,1208,all
PDXP,0.0092,1208,all
PDYN,-0.0275,1208,all
PDZD11,-0.0796,1208,all
PDZD2,0.0752,1208,all
PDZD4,-0.168,1208,all
PDZD7,-0.1294,1208,all
PDZD8,0.019,1208,all
PDZD9,-0.0502,1208,all
PDZK1,-0.3038,1208,all
PDZK1IP1,-0.2654,1208,all
PDZRN3,0.0039,1208,all
PDZRN4,-0.0007,1208,all
PEA15,-0.0488,1208,all
PEAK1,0.1249,1208,all
PEAK3,-0.0047,1208,all
PEAR1,-0.1943,1208,all
PEBP1,-0.1404,1208,all
PEBP4,-0.0143,1208,all
PECAM1,0.113,74,all
PECR,0.0132,1208,all
PEDS1,-0.1032,1208,all
PEF1,-0.4161,1208,all
PEG10,0.1072,1208,all
PEG3,0.0448,1208,all
PELI1,0.0489,1208,all
PELI2,-0.0139,1208,all
PELI3,-0.0214,1208,all
PELO,-1.0097,1208,all
PELP1,-1.2863,1208,all
PEMT,-0.0066,1208,all
PENK,-0.0015,1208,all
PEPD,-0.0014,1208,all
PER1,0.1344,1208,all
PER2,-0.1501,1208,all
PER3,-0.0192,1208,all
PERCC1,0.0975,70,all
PERM1,0.0553,77,all
PERP,-0.0729,1208,all
PES1,-1.0237,1208,all
PET100,-0.1645,1208,all
PET117,-0.3825,1165,all
PEX1,-0.3282,1208,all
PEX10,-0.1615,1208,all
PEX11A,-0.0136,1208,all
PEX11B,-0.2566,1208,all
PEX11G,0.0425,1208,all
PEX12,-0.0067,1208,all
PEX13,-0.1477,1208,all
PEX14,-0.0907,1208,all
PEX16,-0.0077,1208,all
PEX19,-0.1317,1208,all
PEX2,-0.0694,1208,all
PEX26,-0.0989,1208,all
PEX3,0.0154,1208,all
PEX39,-0.062,1208,all
PEX5,-0.1251,1208,all
PEX5L,0.0059,1208,all
PEX6,-0.2939,1208,all
PEX7,-0.0729,1208,all
PF4,-0.2417,1090,all
PF4V1,0.039,1090,all
PFAS,-0.4416,1208,all
PFDN1,-0.7874,1208,all
PFDN2,-1.7643,1208,all
PFDN4,-0.3649,1208,all
PFDN5,-0.7323,1208,all
PFDN6,-1.5948,1208,all
PFKFB1,-0.0777,1208,all
PFKFB2,-0.0897,1208,all
PFKFB3,0.0867,1208,all
PFKFB4,-0.2081,1208,all
PFKL,-0.0384,1208,all
PFKM,-0.019,1208,all
PFKP,0.0309,1208,all
PFN1,-0.9023,1208,all
PFN2,-0.0373,1208,all
PFN3,0.0466,1208,all
PFN4,0.056,1208,all
PGAM1,-0.9899,74,all
PGAM2,0.0262,1208,all
PGAM4,0.0507,1090,all
PGAM5,-0.0351,1208,all
PGAP1,0.0069,1208,all
PGAP2,-0.047,1208,all
PGAP3,-0.1847,1208,all
PGAP4,0.1358,1208,all
PGAP6,-0.1929,1208,all
PGBD1,0.0101,1208,all
PGBD2,-0.1162,1208,all
PGBD4,-0.0596,1208,all
PGBD5,0.2675,77,all
PGC,-0.0426,1208,all
PGCKA1,-0.0114,1208,all
PGD,-1.0323,1208,all
PGF,-0.0042,1208,all
PGGHG,-0.1086,1208,all
PGGT1B,-0.4034,1208,all
PGK1,-1.0942,1208,all
PGK2,0.1107,1208,all
PGLS,-0.2173,1208,all
PGLYRP1,-0.1448,1208,all
PGLYRP2,0.0303,1208,all
PGLYRP3,-0.1005,1208,all
PGLYRP4,-0.0355,1208,all
PGM1,-0.0185,1208,all
PGM2,-0.0041,1208,all
PGM2L1,0.0058,1208,all
PGM3,-0.2702,1208,all
PGM5,-0.245,1208,all
PGP,-0.1998,1208,all
PGPEP1,-0.2071,1208,all
PGPEP1L,0.0656,1165,all
PGR,0.0167,1208,all
PGRMC1,-0.0836,1208,all
PGRMC2,-0.0716,1208,all
PGS1,-0.8966,1208,all
PHACTR1,0.0994,77,all
PHACTR2,-0.0378,1208,all
PHACTR3,-0.0644,1208,all
PHACTR4,-0.1299,1208,all
PHAF1,-0.0754,1208,all
PHAX,-1.0863,1208,all
PHB1,-1.8575,1208,all
PHB2,-1.8818,1208,all
PHC1,-0.2773,1208,all
PHC2,-0.0914,1208,all
PHC3,0.0758,1208,all
PHETA1,-0.0193,1208,all
PHETA2,-0.0364,1208,all
PHEX,0.0621,1208,all
PHF1,-0.069,1208,all
PHF10,-0.0541,1208,all
PHF11,0.1022,1208,all
PHF12,-0.5603,1208,all
PHF13,-0.095,1208,all
PHF14,0.0889,1208,all
PHF19,0.0453,1208,all
PHF2,-0.1446,1208,all
PHF20,-0.0802,1208,all
PHF20L1,0.1022,1208,all
PHF21A,-0.0245,1208,all
PHF21B,-0.0562,1208,all
PHF23,-0.2258,1208,all
PHF24,-0.0999,1208,all
PHF3,0.0101,1208,all
PHF5A,-2.8021,1208,all
PHF6,0.0102,1208,all
PHF7,-0.0579,1208,all
PHF8,-0.1239,1208,all
PHGDH,-0.0784,1208,all
PHGR1,-0.1519,1090,all
PHIP,-0.1572,1208,all
PHKA1,-0.0643,1208,all
PHKA2,0.0051,1208,all
PHKB,-0.0642,1208,all
PHKG1,-0.2044,1208,all
PHKG2,-0.0576,1208,all
PHLDA1,-0.0541,1208,all
PHLDA2,-0.0276,1208,all
PHLDA3,0.0311,1208,all
PHLDB1,0.0199,1208,all
PHLDB2,-0.0342,1208,all
PHLDB3,-0.0778,1208,all
PHLPP1,0.0131,1208,all
PHLPP2,-0.0359,1208,all
PHOSPHO1,-0.1164,1208,all
PHOSPHO2,0.2061,1208,all
PHOX2A,-0.1476,1208,all
PHOX2B,0.1087,1208,all
PHPT1,-0.004,1208,all
PHRF1,-0.0487,1208,all
PHTF1,-0.1129,1208,all
PHTF2,0.0315,1208,all
PHYH,-0.0116,1208,all
PHYHD1,-0.0533,1208,all
PHYHIP,0.0833,1208,all
PHYHIPL,0.0208,1208,all
PHYKPL,-0.0871,1208,all
PI15,0.0227,1208,all
PI16,-0.0777,1208,all
PI3,0.0896,1208,all
PI4K2A,-0.1514,1208,all
PI4K2B,0.0328,1208,all
PI4KA,-0.8399,1208,all
PI4KB,-0.3164,1208,all
PIANP,0.0591,1208,all
PIAS1,-0.3052,1208,all
PIAS2,0.0869,1208,all
PIAS3,-0.1158,1208,all
PIAS4,-0.1638,1208,all
PIBF1,0.0645,1208,all
PICALM,-0.0768,1208,all
PICK1,-0.0928,1208,all
PID1,0.0183,1208,all
PIDD1,-0.0293,1208,all
PIERCE1,-0.0194,1208,all
PIERCE2,0.0967,1208,all
PIEZO1,-0.0922,1208,all
PIEZO2,0.0327,77,all
PIF1,-0.0659,1208,all
PIGA,0.0532,1208,all
PIGB,-0.1728,1208,all
PIGBOS1,0.1138,70,all
PIGC,-0.1049,1208,all
PIGF,0.0468,1208,all
PIGG,0.0924,1208,all
PIGH,-0.3971,1208,all
PIGK,-0.0021,1208,all
PIGL,-0.2094,1208,all
PIGM,-0.1772,1208,all
PIGN,-0.0599,1208,all
PIGO,-0.2346,1208,all
PIGP,-0.0453,1208,all
PIGQ,-0.0701,1208,all
PIGR,0.0776,1208,all
PIGS,-0.2906,1208,all
PIGT,-0.0608,1208,all
PIGU,-0.2002,1208,all
PIGV,-0.2053,1208,all
PIGW,-0.215,1208,all
PIGX,-0.0594,1208,all
PIGY,-0.2377,1208,all
PIGZ,0.0262,1208,all
PIH1D1,-0.0744,1208,all
PIH1D2,0.0831,1208,all
PIK3AP1,0.0625,1208,all
PIK3C2A,0.0412,1208,all
PIK3C2B,0.057,1208,all
PIK3C2G,0.0932,1208,all
PIK3C3,-0.7185,1208,all
PIK3CA,-0.5051,1208,all
PIK3CB,-0.1231,1208,all
PIK3CD,-0.2002,1208,all
PIK3CG,-0.0428,1208,all
PIK3IP1,-0.012,1208,all
PIK3R1,-0.0219,1208,all
PIK3R2,-0.1399,1208,all
PIK3R3,0.0143,1208,all
PIK3R4,-0.4442,1208,all
PIK3R5,0.0079,1208,all
PIK3R6,0.0861,74,all
PIKFYVE,-0.0273,1208,all
PILRA,-0.1068,1208,all
PILRB,-0.1427,1208,all
PIM1,-0.0619,1208,all
PIM2,-0.1543,1208,all
PIM3,-0.0535,1208,all
PIMREG,-0.1657,1208,all
PIN1,-0.0388,1208,all
PIN4,-0.2345,1208,all
PINK1,-0.0009,1208,all
PINLYP,0.0519,1208,all
PINX1,-0.1054,1208,all
PIP,-0.0064,1208,all
PIP4K2A,0.0526,1208,all
PIP4K2B,-0.0234,1208,all
PIP4K2C,-0.1294,1208,all
PIP4P1,-0.0882,1208,all
PIP4P2,0.0189,1208,all
PIP5K1A,-0.4926,1208,all
PIP5K1B,0.1528,1208,all
PIP5K1C,-0.0128,1208,all
PIP5KL1,-0.0421,1208,all
PIPOX,-0.0779,1208,all
PIR,0.1007,1208,all
PIRT,0.1198,1208,all
PISD,-0.466,1208,all
PITHD1,0.0489,1208,all
PITPNA,0.0596,1208,all
PITPNB,-0.0076,1208,all
PITPNC1,0.0407,1208,all
PITPNM1,-0.2201,1208,all
PITPNM2,-0.0756,1208,all
PITPNM3,-0.0966,1208,all
PITRM1,-0.3449,1208,all
PITX1,-0.0673,1208,all
PITX2,0.0016,1208,all
PITX3,-0.0773,1208,all
PIWIL1,-0.0043,1208,all
PIWIL2,-0.0044,1208,all
PIWIL3,-0.1845,1208,all
PIWIL4,0.0363,1208,all
PJA1,0.0635,1208,all
PJA2,0.0546,1208,all
PJVK,0.0471,1208,all
PKD1,0.2702,383,all
PKD1L1,0.0122,1208,all
PKD1L2,0.3392,316,all
PKD1L3,-0.1479,74,all
PKD2,0.0593,1208,all
PKD2L1,-0.054,1208,all
PKD2L2,0.0773,1208,all
PKDCC,-0.0589,1208,all
PKDREJ,-0.0176,1208,all
PKHD1,-0.084,1208,all
PKHD1L1,0.0389,1208,all
PKIA,-0.0028,1208,all
PKIB,0.007,1208,all
PKIG,-0.0654,1208,all
PKLR,-0.1642,1208,all
PKM,-0.9348,1208,all
PKMYT1,-1.3025,1208,all
PKN1,-0.0484,1208,all
PKN2,-0.3441,1208,all
PKN3,-0.154,1208,all
PKNOX1,-0.0499,1208,all
PKNOX2,0.1742,1208,all
PKP1,-0.0277,1208,all
PKP2,-0.13,1208,all
PKP3,0.0846,1208,all
PKP4,-0.0032,1208,all
PLA1A,-0.0186,1208,all
PLA2G12A,-0.1665,1208,all
PLA2G12B,-0.1254,1208,all
PLA2G15,0.0405,1208,all
PLA2G1B,-0.0404,1208,all
PLA2G2A,0.0795,1208,all
PLA2G2C,0.5364,77,all
PLA2G2D,0.045,1208,all
PLA2G2E,-0.016,1208,all
PLA2G2F,0.0391,1208,all
PLA2G3,-0.0159,1208,all
PLA2G4A,0.1244,1208,all
PLA2G4B,-0.041,1208,all
PLA2G4C,0.0798,1208,all
PLA2G4D,-0.1468,1208,all
PLA2G4E,-0.0825,1208,all
PLA2G4F,-0.1504,1208,all
PLA2G5,-0.0384,1208,all
PLA2G6,-0.0779,1208,all
PLA2G7,-0.0683,1208,all
PLA2R1,-0.0405,1208,all
PLAA,-0.0414,1208,all
PLAAT1,0.138,381,all
PLAAT2,-0.0287,1208,all
PLAAT3,-0.011,1208,all
PLAAT4,0.1375,1208,all
PLAAT5,-0.17,1208,all
PLAC1,0.0598,1208,all
PLAC8,-0.1973,1208,all
PLAC8L1,-0.0899,1208,all
PLAC9,-0.1703,1208,all
PLAG1,0.0364,1208,all
PLAGL1,0.023,1208,all
PLAGL2,-0.1539,1208,all
PLAT,0.0377,1208,all
PLAU,-0.0177,1208,all
PLAUR,-0.0873,1208,all
PLB1,-0.0554,1208,all
PLBD1,0.086,1208,all
PLBD2,0.0392,1208,all
PLCB1,0.1017,1208,all
PLCB2,-0.0198,1208,all
PLCB3,-0.1174,1208,all
PLCB4,0.0113,1208,all
PLCD1,-0.1157,1208,all
PLCD3,0.2981,74,all
PLCD4,0.0286,1208,all
PLCE1,-0.0691,1208,all
PLCG1,0.0093,1208,all
PLCG2,0.1056,1208,all
PLCH1,0.1175,1208,all
PLCH2,0.0668,1208,all
PLCL1,0.1075,1208,all
PLCL2,-0.0356,1208,all
PLCXD1,0.1355,74,all
PLCXD2,-0.1372,1208,all
PLCXD3,0.1038,1208,all
PLCZ1,0.0218,1208,all
PLD1,-0.0227,1208,all
PLD2,0.0792,1208,all
PLD3,0.0341,1208,all
PLD4,-0.0057,1208,all
PLD5,0.0562,1208,all
PLD6,-0.0071,1208,all
PLEC,-0.1824,1208,all
PLEK,-0.0619,1208,all
PLEK2,-0.034,1208,all
PLEKHA1,0.2177,1208,all
PLEKHA2,0.0674,77,all
PLEKHA3,-0.047,1208,all
PLEKHA4,0.0154,1208,all
PLEKHA5,-0.016,1208,all
PLEKHA6,0.0173,1208,all
PLEKHA7,0.019,1208,all
PLEKHA8,0.0596,1208,all
PLEKHB1,-0.1415,1208,all
PLEKHB2,-0.0239,1208,all
PLEKHD1,-0.0248,1208,all
PLEKHF1,-0.0308,1208,all
PLEKHF2,-0.0555,1208,all
PLEKHG1,0.0906,1208,all
PLEKHG2,-0.0996,1208,all
PLEKHG3,0.077,1208,all
PLEKHG4,-0.0623,1208,all
PLEKHG4B,0.0585,1208,all
PLEKHG5,0.0505,1208,all
PLEKHG6,-0.0738,1208,all
PLEKHG7,-0.0131,1208,all
PLEKHH1,0.0599,1208,all
PLEKHH2,0.0322,1208,all
PLEKHH3,0.0993,1208,all
PLEKHJ1,-0.124,1208,all
PLEKHM1,-0.3846,1208,all
PLEKHM2,-0.1177,1208,all
PLEKHM3,0.0328,1208,all
PLEKHN1,-0.1983,1208,all
PLEKHO1,0.0181,1208,all
PLEKHO2,0.017,1208,all
PLEKHS1,0.0704,1208,all
PLET1,-0.0074,74,all
PLG,-0.2078,1208,all
PLGRKT,0.2186,1208,all
PLIN1,-0.0198,1208,all
PLIN2,-0.0582,1208,all
PLIN3,-0.0936,1208,all
PLIN4,-0.1543,1208,all
PLIN5,-0.0368,1208,all
PLK1,-2.7537,1208,all
PLK2,0.0136,1208,all
PLK3,-0.0374,1208,all
PLK4,-1.0819,1208,all
PLK5,0.0128,1208,all
PLLP,0.0216,1208,all
PLN,-0.0269,1089,all
PLOD1,-0.0242,1208,all
PLOD2,0.0595,1208,all
PLOD3,0.0268,1208,all
PLP1,0.097,1208,all
PLP2,0.0493,1208,all
PLPBP,0.0435,1208,all
PLPP1,-0.0249,1208,all
PLPP2,-0.059,1208,all
PLPP3,-0.0478,1208,all
PLPP4,0.0088,1208,all
PLPP5,0.0244,1208,all
PLPP6,0.1145,1208,all
PLPP7,-0.0257,1208,all
PLPPR1,0.0965,1208,all
PLPPR2,-0.0757,1208,all
PLPPR3,-0.0847,1208,all
PLPPR4,-0.0646,1208,all
PLPPR5,-0.0817,1208,all
PLRG1,-0.9447,1208,all
PLS1,-0.0179,1208,all
PLS3,0.1339,1208,all
PLSCR1,0.0748,1208,all
PLSCR2,-0.0374,1208,all
PLSCR3,0.0605,1208,all
PLSCR4,0.1222,1208,all
PLSCR5,0.0265,1208,all
PLTP,-0.05,1208,all
PLVAP,-0.0885,1208,all
PLXDC1,-0.0241,1208,all
PLXDC2,0.1001,1208,all
PLXNA1,0.002,1208,all
PLXNA2,-0.0599,1208,all
PLXNA3,0.0427,1208,all
PLXNA4,0.0314,1208,all
PLXNB1,-0.015,1208,all
PLXNB2,0.1,1208,all
PLXNB3,-0.009,1208,all
PLXNC1,-0.0331,1208,all
PLXND1,-0.016,1208,all
PM20D1,-0.063,1208,all
PM20D2,0.008,1208,all
PMAIP1,0.129,1207,all
PMCH,0.0488,1208,all
PMEL,-0.0869,1208,all
PMEPA1,-0.0413,1208,all
PMF1,-1.3114,1208,all
PMFBP1,-0.0642,1208,all
PML,0.0311,1208,all
PMM1,-0.0177,1208,all
PMM2,-0.3461,1208,all
PMP2,0.0737,1208,all
PMP22,0.0324,1208,all
PMPCA,-1.4059,1208,all
PMPCB,-1.6336,1208,all
PMS1,0.0265,1208,all
PMS2,0.1228,1208,all
PMVK,-0.3313,1208,all
PNCK,0.0705,1208,all
PNISR,-0.3336,1208,all
PNKD,-0.0814,1208,all
PNKP,-0.49,1208,all
PNLDC1,0.0243,1208,all
PNLIP,0.0847,1208,all
PNLIPRP1,0.0832,1208,all
PNLIPRP3,0.0956,1208,all
PNMA1,-0.0915,1208,all
PNMA2,0.1108,1208,all
PNMA3,0.1143,1208,all
PNMA5,0.0627,1208,all
PNMA6A,-0.0734,1090,all
PNMA6E,0.0666,70,all
PNMA6F,0.174,70,all
PNMA8A,0.0377,1208,all
PNMA8B,-0.0277,1208,all
PNMT,-0.1023,1208,all
PNN,-0.855,1208,all
PNO1,-0.7731,1208,all
PNOC,0.0455,1208,all
PNP,0.1028,1208,all
PNPLA1,0.0366,1208,all
PNPLA2,0.0157,1208,all
PNPLA3,0.078,1208,all
PNPLA4,0.1352,1208,all
PNPLA5,0.0677,1208,all
PNPLA6,-0.0861,1208,all
PNPLA7,-0.1204,1208,all
PNPLA8,-0.1127,1208,all
PNPO,-0.0718,1208,all
PNPT1,-0.9165,1208,all
PNRC1,0.0142,1208,all
PNRC2,-0.2995,1208,all
POC1A,-0.3184,1208,all
POC1B,-0.1373,1208,all
POC5,-0.0656,1208,all
PODN,-0.0782,1208,all
PODNL1,-0.0647,1208,all
PODXL,-0.0944,1208,all
PODXL2,0.0195,1208,all
POF1B,0.1317,1208,all
POFUT1,-0.0525,1208,all
POFUT2,-0.0754,1208,all
POGK,-0.0629,1208,all
POGLUT1,-0.0963,1208,all
POGLUT2,-0.0431,1208,all
POGLUT3,0.0342,1208,all
POGZ,-0.3907,1208,all
POLA1,-0.7452,1208,all
POLA2,-1.2322,1208,all
POLB,0.1385,1208,all
POLD1,-2.1976,1208,all
POLD2,-1.0323,1208,all
POLD3,-1.742,1208,all
POLD4,-0.1386,1208,all
POLDIP2,-0.0291,74,all
POLDIP3,-0.0015,1208,all
POLE,-1.5927,1208,all
POLE2,-1.7805,1208,all
POLE3,-0.3926,1208,all
POLE4,-0.1691,1208,all
POLG,-0.2876,1208,all
POLG2,-0.4611,1208,all
POLH,-0.1679,1208,all
POLI,0.178,1208,all
POLK,0.0294,1208,all
POLL,-0.0833,1208,all
POLM,-0.0483,1208,all
POLN,0.0177,1208,all
POLQ,-0.3503,1208,all
POLR1A,-1.4353,1208,all
POLR1B,-1.2859,1208,all
POLR1C,-2.087,1208,all
POLR1D,-0.2437,1208,all
POLR1E,-0.7918,1208,all
POLR1F,-1.6631,1208,all
POLR1G,-0.4526,1208,all
POLR1H,-0.7743,1208,all
POLR2B,-2.3566,1208,all
POLR2C,-2.2492,1208,all
POLR2D,-1.9174,1208,all
POLR2E,-1.718,1208,all
POLR2F,-1.773,1208,all
POLR2G,-1.581,1208,all
POLR2H,-1.5149,1208,all
POLR2I,-1.9808,1208,all
POLR2K,-1.321,1090,all
POLR2L,-2.9229,1208,all
POLR2M,-0.3254,1208,all
POLR3A,-2.5508,1208,all
POLR3B,-1.8007,1208,all
POLR3C,-0.9889,1208,all
POLR3D,-0.4808,1208,all
POLR3E,-0.8192,1208,all
POLR3F,-1.2338,1208,all
POLR3G,-0.0953,1208,all
POLR3GL,-0.0384,1208,all
POLR3H,-2.007,1208,all
POLR3K,-1.6334,1208,all
POLRMT,-0.5876,1208,all
POM121,-0.2276,1165,all
POM121C,-0.5829,1165,all
POM121L12,0.0649,1208,all
POM121L2,0.0441,1208,all
POMC,-0.01,1208,all
POMGNT1,-0.0365,1208,all
POMGNT2,-0.0678,1208,all
POMK,0.0434,1208,all
POMP,-0.4562,1208,all
POMT1,-0.055,1208,all
POMT2,0.0136,1208,all
PON1,-0.1199,1208,all
PON2,-0.0181,1208,all
PON3,-0.0389,1208,all
POP1,-1.0347,1208,all
POP4,-0.8115,1208,all
POP5,-1.7412,1208,all
POP7,-0.7638,1208,all
POPDC1,0.0506,1208,all
POPDC2,0.1492,1208,all
POPDC3,0.075,1208,all
POR,-0.0064,1208,all
PORCN,0.0411,1208,all
POSTN,0.0107,1208,all
POT1,-0.4402,1208,all
POTEC,-0.1463,1208,all
POTED,-0.0443,1208,all
POTEE,0.179,1047,all
POTEF,-0.0414,1047,all
POTEG,-0.6501,1046,all
POTEH,-0.2355,1047,all
POTEI,-0.4229,1165,all
POTEM,-0.0503,1047,all
POU1F1,-0.0232,1208,all
POU2AF1,-0.0466,1208,all
POU2AF2,-0.0188,1208,all
POU2AF3,0.0063,1208,all
POU2F1,-0.2614,1208,all
POU2F2,0.0769,1208,all
POU2F3,0.0386,1208,all
POU3F1,0.077,1208,all
POU3F2,0.0989,1208,all
POU3F3,-0.1051,1208,all
POU3F4,0.0901,1208,all
POU4F1,0.0314,1208,all
POU4F2,0.0544,1208,all
POU4F3,0.038,1208,all
POU5F1,-0.0676,1208,all
POU5F1B,-0.0606,381,all
POU5F2,-0.1139,1208,all
POU6F1,-0.1386,1208,all
POU6F2,0.0434,1208,all
PP2D1,0.0785,1208,all
PPA1,-1.0378,1208,all
PPA2,-0.4664,1208,all
PPAN,-1.3204,1208,all
PPARA,-0.0518,1208,all
PPARD,-0.0428,1208,all
PPARG,0.0053,1208,all
PPARGC1A,0.0858,1208,all
PPARGC1B,-0.4048,1208,all
PPAT,-0.6068,1208,all
PPBP,0.047,1208,all
PPCDC,-0.2172,1208,all
PPCS,-0.3251,1208,all
PPDPF,0.0037,1208,all
PPDPFL,0.0317,1208,all
PPEF1,0.2076,1208,all
PPEF2,-0.0293,1208,all
PPFIA1,-0.0573,1208,all
PPFIA2,-0.0443,1208,all
PPFIA3,0.0099,1208,all
PPFIA4,-0.0175,383,all
PPFIBP1,0.0488,1208,all
PPFIBP2,-0.0092,1208,all
PPHLN1,-0.2433,1208,all
PPIA,-0.709,1090,all
PPIAL4G,-0.2066,1047,all
PPIB,-0.1357,1208,all
PPIC,-0.0081,1208,all
PPID,0.0534,1208,all
PPIE,-0.5516,1208,all
PPIF,-0.0369,1208,all
PPIG,-0.0238,1208,all
PPIH,-0.4838,1208,all
PPIL1,-0.8246,1208,all
PPIL2,-1.1466,1208,all
PPIL3,-0.1012,1208,all
PPIL4,-0.9391,1208,all
PPIL6,0.0149,1208,all
PPIP5K1,-0.1579,1208,all
PPIP5K2,-0.1581,1208,all
PPL,-0.2029,1208,all
PPM1A,0.0582,1208,all
PPM1B,0.0452,1208,all
PPM1D,-0.2512,1208,all
PPM1E,-0.1348,1208,all
PPM1F,0.0327,1208,all
PPM1G,-0.2633,1208,all
PPM1H,-0.0544,1208,all
PPM1J,-0.2039,1208,all
PPM1K,0.0504,1208,all
PPM1L,0.0041,1208,all
PPM1M,-0.1366,1208,all
PPM1N,-0.1104,1208,all
PPME1,-0.3199,1208,all
PPOX,-0.1097,1208,all
PPP1CA,-0.6376,1208,all
PPP1CB,-0.9079,1208,all
PPP1CC,-0.2088,1208,all
PPP1R10,-1.1659,1208,all
PPP1R11,-0.9591,1208,all
PPP1R12A,-1.2142,1208,all
PPP1R12B,0.0224,1208,all
PPP1R12C,0.0029,1208,all
PPP1R13B,0.1063,1208,all
PPP1R13L,-0.1308,1208,all
PPP1R14A,-0.0143,1208,all
PPP1R14B,-0.5694,1208,all
PPP1R14C,-0.0358,1208,all
PPP1R14D,-0.0807,1208,all
PPP1R15A,-0.1126,1208,all
PPP1R15B,-0.8507,1208,all
PPP1R16A,0.0433,1208,all
PPP1R16B,-0.0228,1208,all
PPP1R17,0.1603,1208,all
PPP1R18,-0.0416,1208,all
PPP1R1A,-0.2697,1208,all
PPP1R1B,-0.1411,1208,all
PPP1R1C,0.0659,1208,all
PPP1R2,-0.8762,1208,all
PPP1R21,-0.0207,1208,all
PPP1R26,-0.0739,1208,all
PPP1R27,-0.1057,1208,all
PPP1R2B,0.1225,70,all
PPP1R2C,0.207,70,all
PPP1R35,-0.1117,1208,all
PPP1R36,0.0384,1208,all
PPP1R37,-0.1014,1208,all
PPP1R3A,0.0967,1208,all
PPP1R3B,0.1375,1208,all
PPP1R3C,0.0521,1208,all
PPP1R3D,0.0624,1208,all
PPP1R3E,-0.2528,1208,all
PPP1R3F,0.0625,1208,all
PPP1R3G,0.0537,1208,all
PPP1R42,0.0583,1208,all
PPP1R7,-0.8206,1208,all
PPP1R8,-1.236,1208,all
PPP1R9A,0.0504,1208,all
PPP1R9B,0.1828,74,all
PPP2CA,-1.0648,1208,all
PPP2CB,0.0552,1208,all
PPP2R1A,-1.0869,1208,all
PPP2R1B,0.0775,1208,all
PPP2R2A,-0.2453,1208,all
PPP2R2B,0.0321,1208,all
PPP2R2C,-0.0059,1208,all
PPP2R2D,0.0567,74,all
PPP2R3A,0.0044,1208,all
PPP2R3B,0.0984,74,all
PPP2R3C,-0.6965,1208,all
PPP2R5A,0.0933,1208,all
PPP2R5B,-0.1597,1208,all
PPP2R5C,-0.1441,1208,all
PPP2R5D,-0.016,1208,all
PPP2R5E,-0.0827,1208,all
PPP3CA,-0.012,1208,all
PPP3CB,-0.0309,1208,all
PPP3CC,0.0548,1208,all
PPP3R1,-0.0145,1208,all
PPP3R2,0.0211,1208,all
PPP4C,-1.1568,1208,all
PPP4R1,-0.027,1208,all
PPP4R2,-0.7539,1208,all
PPP4R3A,-0.2139,1208,all
PPP4R3B,-0.0464,1208,all
PPP4R3C,-0.035,70,all
PPP4R4,0.0654,1208,all
PPP5C,-0.0495,1208,all
PPP6C,-0.5103,1208,all
PPP6R1,0.0457,1208,all
PPP6R2,-0.169,1208,all
PPP6R3,-0.3276,1208,all
PPRC1,-0.4903,1208,all
PPT1,-0.0007,1208,all
PPT2,-0.0763,1208,all
PPTC7,-0.046,1208,all
PPWD1,-2.207,1208,all
PPY,-0.355,1208,all
PQBP1,-0.1877,1208,all
PRAC1,-0.3136,1208,all
PRAC2,0.0625,74,all
PRADC1,-0.2076,1208,all
PRAF2,-0.01,1208,all
PRAG1,0.1349,1208,all
PRAM1,-0.1052,1208,all
PRAME,0.0212,1208,all
PRAMEF1,0.0073,1047,all
PRAMEF11,0.0191,1047,all
PRAMEF12,-0.1234,1208,all
PRAMEF14,-0.0746,1046,all
PRAMEF17,0.049,74,all
PRAMEF18,-0.2566,1047,all
PRAMEF19,0.1374,381,all
PRAMEF2,0.0276,1090,all
PRAMEF20,-0.2565,1090,all
PRAMEF4,0.1722,1090,all
PRAP1,0.0792,1208,all
PRB2,-0.2242,1090,all
PRB3,0.5451,74,all
PRB4,-0.0645,383,all
PRC1,-1.5054,1208,all
PRCC,-0.3648,1208,all
PRCD,-0.0331,1208,all
PRCP,-0.0559,1208,all
PRDM1,-0.0488,1208,all
PRDM10,-0.4711,1208,all
PRDM11,-0.0427,1208,all
PRDM12,-0.0384,1208,all
PRDM13,0.0606,1208,all
PRDM14,-0.1112,1208,all
PRDM15,0.0018,1208,all
PRDM16,-0.0904,1208,all
PRDM2,0.1193,1208,all
PRDM4,0.0297,1208,all
PRDM5,0.0604,1208,all
PRDM6,0.0128,1208,all
PRDM7,-0.0197,1208,all
PRDM8,-0.0192,1208,all
PRDM9,0.0732,1208,all
PRDX1,-0.1563,1208,all
PRDX2,-0.2882,1208,all
PRDX3,-0.1302,1208,all
PRDX4,-0.0751,1208,all
PRDX5,-0.1111,1208,all
PRDX6,-0.1011,1208,all
PREB,-0.9752,1208,all
PRELID1,-3.006,1208,all
PRELID2,0.054,1208,all
PRELID3A,0.1204,1208,all
PRELID3B,-1.6643,1208,all
PRELP,-0.078,1208,all
PREP,-0.0822,1208,all
PREPL,-0.0964,1208,all
PREX1,-0.0798,1208,all
PREX2,0.1296,1208,all
PRF1,-0.0076,1208,all
PRG2,0.0218,1208,all
PRG3,-0.0132,1208,all
PRG4,-0.0886,1208,all
PRH2,0.17,381,all
PRICKLE1,-0.0235,1208,all
PRICKLE2,-0.0152,1208,all
PRICKLE3,0.0486,1208,all
PRICKLE4,0.0202,1208,all
PRIM1,-1.8477,1208,all
PRIM2,-3.163,74,all
PRIMA1,-0.0342,1208,all
PRIMPOL,0.0811,1208,all
PRKAA1,0.0182,1208,all
PRKAA2,-0.1189,1208,all
PRKAB1,-0.0629,1208,all
PRKAB2,-0.0897,1208,all
PRKACA,-0.1698,1208,all
PRKACB,0.0245,1208,all
PRKACG,-0.2,1208,all
PRKAG1,-0.2229,1208,all
PRKAG2,-0.0001,1208,all
PRKAG3,-0.0014,1208,all
PRKAR1A,-0.1997,1208,all
PRKAR1B,0.0586,1208,all
PRKAR2A,-0.2116,1208,all
PRKAR2B,0.0778,1208,all
PRKCA,-0.1436,1208,all
PRKCB,-0.0164,1208,all
PRKCD,-0.0458,1208,all
PRKCE,-0.1131,1208,all
PRKCG,0.105,1208,all
PRKCH,0.0404,1208,all
PRKCI,-0.0977,1208,all
PRKCQ,0.0561,1208,all
PRKCSH,-0.177,1208,all
PRKCZ,-0.1434,1208,all
PRKD1,0.1704,1208,all
PRKD2,-0.0305,1208,all
PRKD3,0.0084,1208,all
PRKDC,-0.9755,74,all
PRKG1,0.0209,1208,all
PRKG2,-0.0336,1208,all
PRKN,0.0422,1208,all
PRKRA,-0.7821,1208,all
PRKRIP1,-0.3837,1208,all
PRKX,0.0057,1208,all
PRL,0.0248,1208,all
PRLH,0.0595,1208,all
PRLHR,-0.1332,1208,all
PRLR,-0.0125,1208,all
PRM1,0.0793,1208,all
PRM2,-0.0929,1208,all
PRM3,0.1862,74,all
PRMT1,-1.3985,1208,all
PRMT2,-0.0695,1208,all
PRMT3,0.0408,1208,all
PRMT5,-1.1967,1208,all
PRMT6,-0.0672,1208,all
PRMT7,-0.153,1208,all
PRMT8,0.07,1208,all
PRMT9,-0.001,1208,all
PRND,0.0792,1208,all
PRNP,0.019,1208,all
PROB1,-0.139,1208,all
PROC,-0.0683,1208,all
PROCA1,-0.3092,1208,all
PROCR,-0.0865,1208,all
PRODH,-0.1831,1208,all
PRODH2,-0.0735,1208,all
PROK1,-0.0641,1208,all
PROK2,-0.0322,1208,all
PROKR1,-0.0436,1208,all
PROKR2,-0.0608,1208,all
PROM1,0.1237,1208,all
PROM2,0.0092,1208,all
PROP1,-0.0086,1208,all
PRORP,-0.4628,1208,all
PROS1,-0.1393,1208,all
PROSER1,-0.0152,1208,all
PROSER2,-0.0065,1208,all
PROSER3,0.1414,77,all
PROX1,-0.0291,1208,all
PROX2,-0.0086,1208,all
PROZ,-0.021,1208,all
PRP4K,-0.513,1208,all
PRPF18,-0.5143,1208,all
PRPF19,-2.6532,1208,all
PRPF3,-0.9771,1208,all
PRPF31,-2.1009,1208,all
PRPF38A,-2.2788,1208,all
PRPF38B,-1.9048,1208,all
PRPF39,-0.4725,1208,all
PRPF4,-1.2842,1208,all
PRPF40A,-1.0053,1208,all
PRPF40B,-0.0907,1208,all
PRPF6,-1.5057,1208,all
PRPF8,-2.188,1208,all
PRPH,-0.1366,1208,all
PRPH2,0.0743,1208,all
PRPS1,-0.0206,1208,all
PRPS1L1,-0.0024,1208,all
PRPS2,0.1167,1208,all
PRPSAP1,-0.0232,1208,all
PRPSAP2,0.0162,1208,all
PRR11,-0.0898,1208,all
PRR12,-0.0527,1208,all
PRR13,-0.4578,1208,all
PRR14,-0.0842,1208,all
PRR14L,-0.0183,1208,all
PRR15,-0.0611,1208,all
PRR15L,-0.1604,1208,all
PRR16,0.0498,1208,all
PRR18,0.0764,1208,all
PRR19,-0.0207,1208,all
PRR20G,0.0012,70,all
PRR22,-0.1629,1208,all
PRR23A,-0.0046,1208,all
PRR23B,0.0137,1208,all
PRR23C,-0.0458,1208,all
PRR27,-0.027,1208,all
PRR29,0.0548,1208,all
PRR3,-0.1621,1208,all
PRR30,-0.1992,1208,all
PRR32,0.0618,1208,all
PRR35,-0.1243,1208,all
PRR36,0.1253,74,all
PRR4,0.11,1208,all
PRR5,0.0399,1208,all
PRR5L,0.0469,1208,all
PRR7,-0.24,1208,all
PRR9,0.0838,1208,all
PRRC1,0.1557,1208,all
PRRC2A,-0.5172,1208,all
PRRC2B,0.004,1208,all
PRRC2C,-0.1924,1208,all
PRRG1,0.0818,1208,all
PRRG2,0.0795,1208,all
PRRG3,0.0576,1208,all
PRRG4,0.0106,1208,all
PRRT1,0.0632,1208,all
PRRT1B,0.1148,70,all
PRRT2,-0.0698,1208,all
PRRT3,0.0569,1208,all
PRRT4,-0.0318,1208,all
PRRX1,-0.0208,1208,all
PRRX2,-0.0614,1208,all
PRSS1,0.024,1208,all
PRSS12,-0.0304,1208,all
PRSS16,-0.0045,1208,all
PRSS2,0.3971,74,all
PRSS21,0.0138,1208,all
PRSS22,-0.0013,1208,all
PRSS23,0.0453,1208,all
PRSS27,-0.0657,1208,all
PRSS3,-0.0572,1208,all
PRSS33,0.0409,1208,all
PRSS35,-0.0045,1208,all
PRSS36,0.0102,1208,all
PRSS37,0.0721,1208,all
PRSS38,0.0094,1208,all
PRSS41,0.0515,74,all
PRSS48,0.1496,1208,all
PRSS50,-0.1839,1208,all
PRSS53,0.093,1208,all
PRSS54,0.0248,1208,all
PRSS55,0.0006,1208,all
PRSS56,0.1308,77,all
PRSS57,0.1275,1208,all
PRSS58,0.1012,1208,all
PRSS8,-0.0121,1208,all
PRTFDC1,0.1188,1208,all
PRTG,0.0946,1208,all
PRTN3,0.0159,1208,all
PRUNE1,-0.3407,1208,all
PRUNE2,0.0042,1208,all
PRX,-0.1129,1208,all
PRXL2A,-0.0786,1208,all
PRXL2B,0.0552,383,all
PRXL2C,0.0213,1208,all
PSAP,-0.0044,1208,all
PSAPL1,0.1249,1208,all
PSAT1,-0.2531,1208,all
PSCA,0.0965,1208,all
PSD,-0.0313,1208,all
PSD2,0.0706,1208,all
PSD3,0.1054,1208,all
PSD4,-0.136,1208,all
PSEN1,-0.0606,1208,all
PSEN2,0.0264,1208,all
PSENEN,-0.1609,1208,all
PSG1,-0.0343,1165,all
PSG11,-0.0674,1208,all
PSG2,-0.13,1046,all
PSG3,-0.0408,1208,all
PSG4,-0.1593,1208,all
PSG5,-0.0483,1208,all
PSG6,-0.0728,1208,all
PSG8,-0.2022,1208,all
PSG9,-0.0207,1208,all
PSIP1,0.0278,1208,all
PSKH1,0.1329,1208,all
PSKH2,-0.0319,1208,all
PSMA1,-2.344,1208,all
PSMA2,-2.3796,1208,all
PSMA3,-2.8467,1208,all
PSMA4,-1.4601,1208,all
PSMA5,-1.9531,1208,all
PSMA6,-3.1187,1208,all
PSMA7,-2.419,1208,all
PSMA8,-0.0012,1208,all
PSMB1,-1.3402,1208,all
PSMB10,-0.079,1208,all
PSMB11,-0.1835,1208,all
PSMB2,-1.7317,1208,all
PSMB3,-3.0618,1208,all
PSMB4,-2.3045,1208,all
PSMB5,-1.8953,1208,all
PSMB6,-1.8898,1208,all
PSMB7,-1.2071,1208,all
PSMB8,0.0856,1208,all
PSMB9,0.0341,1208,all
PSMC1,-1.0177,1208,all
PSMC2,-1.4349,1208,all
PSMC3,-1.8584,1208,all
PSMC3IP,-0.103,1208,all
PSMC4,-1.1655,1208,all
PSMC5,-1.489,1208,all
PSMC6,-1.6765,1208,all
PSMD1,-1.3039,1208,all
PSMD10,-0.1373,1208,all
PSMD11,-1.6342,1208,all
PSMD12,-1.4995,1208,all
PSMD13,-1.1581,1208,all
PSMD14,-2.1851,1208,all
PSMD2,-1.1827,1208,all
PSMD3,-1.7868,1208,all
PSMD4,-1.7797,1208,all
PSMD5,-0.0111,1208,all
PSMD6,-1.8563,1208,all
PSMD7,-2.2059,1208,all
PSMD8,-0.6634,1208,all
PSMD9,-0.2455,1208,all
PSME1,-0.2041,1208,all
PSME2,-0.2456,1208,all
PSME3,-0.268,1208,all
PSME3IP1,-0.0242,1208,all
PSME4,-0.0072,1208,all
PSMF1,-0.2732,1208,all
PSMG1,-0.5619,1208,all
PSMG2,-0.7423,1208,all
PSMG3,-1.0859,1208,all
PSMG4,-1.8507,1208,all
PSORS1C1,-0.0113,1208,all
PSORS1C2,0.0764,1208,all
PSPC1,-0.3101,1208,all
PSPH,-0.1154,1208,all
PSPN,-0.0022,1208,all
PSRC1,-0.2201,1208,all
PSTK,-0.5748,1208,all
PSTPIP1,-0.0214,1208,all
PSTPIP2,0.0606,1208,all
PTAFR,0.0177,1208,all
PTAR1,-0.3329,1208,all
PTBP1,-0.5247,1208,all
PTBP2,0.0651,1208,all
PTBP3,0.0019,1208,all
PTCD1,-0.3855,1208,all
PTCD2,0.022,1208,all
PTCD3,-0.7911,1208,all
PTCH1,0.019,1208,all
PTCH2,-0.193,1208,all
PTCHD1,0.0122,1208,all
PTCHD4,0.0324,1208,all
PTCRA,-0.0094,1208,all
PTDSS1,-0.3431,1208,all
PTDSS2,0.0548,1208,all
PTEN,0.3956,1208,all
PTER,0.0647,1208,all
PTF1A,-0.0135,1208,all
PTGDR,0.0026,1208,all
PTGDR2,0.0928,1208,all
PTGDS,0.0967,1208,all
PTGER1,0.0288,1208,all
PTGER2,-0.0124,1208,all
PTGER3,-0.1772,1208,all
PTGER4,-0.0233,1208,all
PTGES,0.0045,1208,all
PTGES2,-0.155,1208,all
PTGES3,-0.2516,1208,all
PTGES3L,0.0832,381,all
PTGFR,0.0638,1208,all
PTGFRN,-0.046,1208,all
PTGIR,-0.0074,1208,all
PTGIS,-0.0777,1208,all
PTGR1,-0.0944,1208,all
PTGR2,0.1079,1208,all
PTGR3,-0.0142,1208,all
PTGS1,0.0796,1208,all
PTGS2,0.0805,1208,all
PTH,0.0205,1208,all
PTH1R,0.0001,1208,all
PTH2,-0.1402,1208,all
PTH2R,-0.0664,1208,all
PTHLH,0.0959,1208,all
PTK2,-0.6021,1208,all
PTK2B,0.1168,1208,all
PTK6,-0.1376,1208,all
PTK7,-0.0655,1208,all
PTMA,-0.5544,1208,all
PTMS,-0.2318,1208,all
PTN,-0.0179,1208,all
PTOV1,-0.2468,1208,all
PTP4A1,-0.2637,1208,all
PTP4A2,-0.3293,1208,all
PTP4A3,-0.0855,1208,all
PTPA,-0.8077,1208,all
PTPDC1,0.0149,1208,all
PTPMT1,-0.6291,1208,all
PTPN1,-0.1789,1208,all
PTPN11,-0.7304,1208,all
PTPN12,0.0719,1208,all
PTPN13,0.0448,1208,all
PTPN14,0.2043,1208,all
PTPN18,0.0004,1208,all
PTPN2,0.0662,1208,all
PTPN20,-0.2768,1090,all
PTPN21,-0.0564,1208,all
PTPN22,-0.0195,1208,all
PTPN23,-1.0606,1208,all
PTPN3,0.0453,1208,all
PTPN4,-0.0792,1208,all
PTPN5,0.0617,1208,all
PTPN6,0.0014,1208,all
PTPN7,-0.1119,1208,all
PTPN9,0.0511,1208,all
PTPRA,0.0348,1208,all
PTPRB,-0.007,1208,all
PTPRC,-0.1227,383,all
PTPRCAP,-0.0678,1208,all
PTPRD,0.0979,1208,all
PTPRE,0.0618,1208,all
PTPRF,-0.1123,1208,all
PTPRG,-0.125,1208,all
PTPRH,0.0313,1208,all
PTPRJ,0.0623,1208,all
PTPRK,0.1238,1208,all
PTPRM,0.0001,1208,all
PTPRN,0.0399,1208,all
PTPRN2,0.0281,1208,all
PTPRO,0.0783,1208,all
PTPRQ,-0.2742,74,all
PTPRR,-0.0216,1208,all
PTPRS,0.0647,1208,all
PTPRT,-0.0623,1208,all
PTPRU,-0.1991,1208,all
PTPRZ1,-0.061,1208,all
PTRH1,-0.1676,1208,all
PTRH2,-0.12,1208,all
PTRHD1,-0.0584,1208,all
PTS,0.1665,1208,all
PTTG1,-0.4028,1208,all
PTTG1IP,0.0886,1208,all
PTTG1IP2,0.0349,70,all
PTTG2,-0.0281,1208,all
PTX3,0.1221,1208,all
PTX4,0.0146,1208,all
PUDP,0.1159,1208,all
PUF60,-2.9182,1208,all
PUM1,-0.2174,1208,all
PUM2,-0.1864,1208,all
PUM3,-0.1056,1208,all
PURA,0.0142,1208,all
PURB,0.074,1208,all
PURG,0.0882,1208,all
PUS1,-0.1457,1208,all
PUS10,-0.0283,1208,all
PUS3,-0.0968,1208,all
PUS7,-0.0429,1208,all
PUS7L,0.011,1208,all
PUSL1,0.0687,1208,all
PVALB,0.0144,1208,all
PVALEF,0.1548,70,all
PVR,-0.0528,1208,all
PVRIG,-0.0889,1208,all
PWP1,-0.7532,1208,all
PWP2,-1.5114,1208,all
PWWP2A,-0.0229,1208,all
PWWP2B,0.101,1208,all
PWWP3A,0.0095,1208,all
PWWP3B,0.1501,1208,all
PXDC1,0.0532,1208,all
PXDN,0.1082,1208,all
PXDNL,0.0224,1208,all
PXK,0.0966,1208,all
PXMP2,-0.1178,1208,all
PXMP4,-0.0308,1208,all
PXN,-0.3804,1208,all
PXT1,0.0774,1208,all
PXYLP1,-0.0803,1208,all
PYCARD,0.0578,1208,all
PYCR1,-0.1107,1208,all
PYCR2,-0.0546,1208,all
PYCR3,-0.0027,1208,all
PYDC1,-0.1157,1208,all
PYDC5,-0.0144,70,all
PYGB,0.0436,1208,all
PYGL,-0.1004,1208,all
PYGM,-0.2251,1208,all
PYGO1,0.0989,1208,all
PYGO2,-0.1149,1208,all
PYHIN1,0.0553,1208,all
PYM1,-0.4092,1208,all
PYROXD1,-0.7509,1208,all
PYROXD2,-0.0379,1208,all
PYURF,-0.3947,1208,all
PYY,-0.0335,1208,all
PZP,-0.0052,1208,all
QARS1,-1.5449,1208,all
QDPR,0.0541,1208,all
QKI,-0.0314,1208,all
QNG1,-0.0081,1208,all
QPCT,-0.0703,1208,all
QPCTL,-0.117,1208,all
QPRT,0.0156,1208,all
QRFP,-0.0052,1208,all
QRFPR,-0.0203,1208,all
QRICH1,-0.3429,1208,all
QRICH2,0.0719,1208,all
QRSL1,-0.4618,1208,all
QSER1,0.1085,1208,all
QSOX1,-0.0672,1208,all
QSOX2,-0.0856,1208,all
QTRT1,-0.1327,1208,all
QTRT2,0.0081,1208,all
R3HCC1,0.1805,1208,all
R3HCC1L,0.0283,1208,all
R3HDM1,0.0053,1208,all
R3HDM2,0.0186,1208,all
R3HDM4,0.0588,1208,all
R3HDML,-0.0349,1208,all
RAB10,-0.4913,1208,all
RAB11A,-0.3304,1208,all
RAB11B,0.0416,1208,all
RAB11FIP1,0.1548,1208,all
RAB11FIP2,0.0289,1208,all
RAB11FIP3,-0.0566,1208,all
RAB11FIP4,-0.1543,1208,all
RAB11FIP5,0.0341,1208,all
RAB12,0.0391,1208,all
RAB13,-0.2496,1208,all
RAB14,-0.1397,1208,all
RAB15,-0.0858,1208,all
RAB17,0.0278,1208,all
RAB18,-0.2344,1208,all
RAB19,-0.0147,1208,all
RAB1A,-0.1829,1208,all
RAB1B,-0.3204,1208,all
RAB20,0.0564,1208,all
RAB21,-0.1432,1208,all
RAB22A,-0.0941,1208,all
RAB23,-0.159,1208,all
RAB24,-0.0986,1208,all
RAB25,-0.1057,1208,all
RAB26,-0.1003,1208,all
RAB27A,0.0513,1208,all
RAB27B,0.1186,1208,all
RAB28,-0.009,1208,all
RAB29,0.0188,1208,all
RAB2A,0.013,1208,all
RAB2B,-0.06,1208,all
RAB30,0.0234,1208,all
RAB31,0.001,1208,all
RAB32,0.1077,1208,all
RAB33A,-0.0191,1208,all
RAB33B,0.0855,1208,all
RAB34,-0.1268,1208,all
RAB35,-0.1369,1208,all
RAB36,0.0212,383,all
RAB37,-0.1232,1208,all
RAB38,0.0797,1208,all
RAB39A,0.06,1208,all
RAB39B,0.0868,1208,all
RAB3A,-0.1899,1208,all
RAB3B,-0.0225,1208,all
RAB3C,0.0439,1208,all
RAB3D,-0.0906,1208,all
RAB3GAP1,-0.0295,1208,all
RAB3GAP2,-0.1227,1208,all
RAB3IL1,-0.0032,1208,all
RAB3IP,-0.0104,1208,all
RAB40A,-0.0589,1047,all
RAB40AL,0.0361,1165,all
RAB40B,-0.0588,1208,all
RAB40C,-0.0235,1208,all
RAB41,0.0987,1208,all
RAB42,-0.1891,1208,all
RAB43,-0.139,1208,all
RAB44,0.0339,74,all
RAB4A,-0.1803,1208,all
RAB4B,-0.0832,1208,all
RAB5A,-0.0736,1208,all
RAB5B,0.0417,1208,all
RAB5C,-0.275,1208,all
RAB5IF,-0.1894,1208,all
RAB6A,-0.5535,1208,all
RAB6B,-0.0777,1208,all
RAB7A,-0.4618,1208,all
RAB7B,0.2624,74,all
RAB8A,-0.1117,1208,all
RAB8B,0.0254,1208,all
RAB9A,0.0816,1208,all
RAB9B,0.0769,1208,all
RABAC1,-0.1161,1208,all
RABEP1,-0.0613,1208,all
RABEP2,-0.0165,1208,all
RABEPK,-0.0878,1208,all
RABGAP1,0.0194,1208,all
RABGAP1L,-0.0585,1208,all
RABGEF1,-0.1946,383,all
RABGGTA,-1.402,1208,all
RABGGTB,-1.5175,1208,all
RABIF,-0.363,1208,all
RABL2A,-0.3414,1047,all
RABL2B,-0.1692,1165,all
RABL3,-0.0056,1208,all
RABL6,-0.0151,1208,all
RAC1,-0.7728,1208,all
RAC2,-0.1169,1208,all
RAC3,-0.4089,1208,all
RACGAP1,-1.5452,1208,all
RACK1,-2.1351,1208,all
RAD1,-0.5128,1208,all
RAD17,-1.002,1208,all
RAD18,-0.0437,1208,all
RAD21,-1.3556,1208,all
RAD21L1,-0.0723,1208,all
RAD23A,-0.1233,1208,all
RAD23B,-0.1621,1208,all
RAD50,-0.1162,1208,all
RAD51,-1.2439,1208,all
RAD51AP1,0.0761,1208,all
RAD51AP2,0.038,1208,all
RAD51B,-0.2231,1208,all
RAD51C,-0.7479,1208,all
RAD51D,-0.743,1208,all
RAD52,-0.0563,1208,all
RAD54B,-0.0202,1208,all
RAD54L,-0.1952,1208,all
RAD54L2,-0.169,1208,all
RAD9A,-1.1825,1208,all
RAD9B,-0.0108,1208,all
RADIL,-0.1311,1208,all
RADX,0.0658,1208,all
RAE1,-1.4925,1208,all
RAET1E,0.1559,1208,all
RAET1G,-0.0253,1047,all
RAET1L,-0.0719,1047,all
RAF1,-0.143,1208,all
RAG1,-0.0565,1208,all
RAG2,0.0444,1208,all
RAI1,-0.0459,1208,all
RAI14,0.0615,1208,all
RAI2,0.1387,1208,all
RALA,-0.1342,1208,all
RALB,-0.003,1208,all
RALBP1,-0.079,1208,all
RALGAPA1,-0.19,1208,all
RALGAPA2,-0.0018,1208,all
RALGAPB,-0.027,1208,all
RALGDS,0.0128,1208,all
RALGPS1,-0.1305,1208,all
RALGPS2,0.0433,1208,all
RALY,-0.0854,1208,all
RALYL,0.0405,1208,all
RAMP1,0.014,1208,all
RAMP2,-0.028,1208,all
RAMP3,0.0735,1208,all
RAN,-4.0554,1208,all
RANBP1,-0.4396,1208,all
RANBP10,-0.1589,1208,all
RANBP17,0.1277,1208,all
RANBP2,-0.513,1208,all
RANBP3,-0.3417,1208,all
RANBP3L,0.1171,1208,all
RANBP6,0.0159,1208,all
RANBP9,-0.1372,1208,all
RANGAP1,-1.376,1208,all
RANGRF,-0.043,1208,all
RAP1A,-0.1918,1208,all
RAP1B,-0.425,1208,all
RAP1GAP,-0.0102,1208,all
RAP1GAP2,0.1408,1208,all
RAP1GDS1,0.0514,1208,all
RAP2A,-0.1527,1208,all
RAP2B,0.0515,1208,all
RAP2C,0.1358,1208,all
RAPGEF1,-0.143,1208,all
RAPGEF2,-0.0503,1208,all
RAPGEF3,0.0441,1208,all
RAPGEF4,-0.047,1208,all
RAPGEF5,0.0515,1208,all
RAPGEF6,-0.0731,1208,all
RAPGEFL1,-0.1747,1208,all
RAPH1,-0.1203,1208,all
RAPSN,-0.0088,1208,all
RARA,-0.0367,1208,all
RARB,-0.0349,1208,all
RARG,-0.0104,1208,all
RARRES1,0.0801,1208,all
RARRES2,-0.0867,1208,all
RARS1,-0.6118,1208,all
RARS2,-0.6108,1208,all
RASA1,0.0402,1208,all
RASA2,0.0294,1208,all
RASA3,0.0161,1208,all
RASA4,-0.3886,1046,all
RASA4B,-0.0396,1046,all
RASAL1,-0.038,1208,all
RASAL2,0.0692,1208,all
RASAL3,0.0116,1208,all
RASD1,-0.043,1208,all
RASD2,-0.1567,1208,all
RASEF,-0.0381,1208,all
RASGEF1A,-0.0515,1208,all
RASGEF1B,0.0393,1208,all
RASGEF1C,-0.0404,1208,all
RASGRF1,0.0243,1208,all
RASGRF2,-0.0012,1208,all
RASGRP1,-0.1127,1208,all
RASGRP2,-0.2522,1208,all
RASGRP3,0.0001,1208,all
RASGRP4,-0.1001,1208,all
RASIP1,-0.0555,1208,all
RASL10A,-0.1806,1208,all
RASL10B,-0.1229,1208,all
RASL11A,-0.0566,1208,all
RASL11B,-0.0246,1208,all
RASL12,-0.0784,1208,all
RASSF1,0.0047,1208,all
RASSF10,0.1161,74,all
RASSF2,0.0333,1208,all
RASSF3,0.0605,1208,all
RASSF4,-0.1097,1208,all
RASSF5,-0.0649,1208,all
RASSF6,0.067,1208,all
RASSF7,0.0213,1208,all
RASSF8,-0.0423,1208,all
RASSF9,0.0483,1208,all
RAVER1,-0.0738,1208,all
RAVER2,-0.0482,1208,all
RAX,-0.0448,1208,all
RAX2,-0.0856,1208,all
RB1,0.182,1208,all
RB1CC1,-0.2209,1208,all
RBAK,0.1217,1208,all
RBBP4,-1.3471,1208,all
RBBP5,-1.1048,1208,all
RBBP6,-0.9964,1208,all
RBBP7,-0.1547,1208,all
RBBP8,-0.9347,1208,all
RBBP8NL,-0.0655,1208,all
RBBP9,0.0251,1208,all
RBCK1,0.0748,1208,all
RBFA,-0.2053,1208,all
RBFOX1,-0.0286,1208,all
RBFOX2,-0.0266,1208,all
RBFOX3,-0.109,1208,all
RBIS,-0.3471,1208,all
RBKS,-0.0177,1208,all
RBL1,-0.037,1208,all
RBL2,0.0935,1208,all
RBM10,-0.4653,1208,all
RBM11,0.1241,1208,all
RBM12,-0.2654,1208,all
RBM12B,-0.0988,1208,all
RBM14,-1.3187,1208,all
RBM15,-0.2669,1208,all
RBM15B,-0.0414,1208,all
RBM17,-1.1762,1208,all
RBM18,-0.2146,1208,all
RBM19,-0.8421,1208,all
RBM20,-0.0163,1208,all
RBM22,-1.8466,1208,all
RBM23,-0.2128,1208,all
RBM24,0.0637,1208,all
RBM25,-1.6012,1208,all
RBM26,-0.0478,1208,all
RBM27,-0.1723,1208,all
RBM28,-0.7548,1208,all
RBM3,0.0357,1208,all
RBM33,-0.3271,1208,all
RBM34,-0.2203,1208,all
RBM38,-0.0774,1208,all
RBM39,-1.8943,1208,all
RBM4,-0.0441,383,all
RBM41,0.1326,1208,all
RBM42,-0.6695,1208,all
RBM43,0.0129,1208,all
RBM44,-0.0276,1208,all
RBM45,-0.0604,1208,all
RBM46,-0.0282,1208,all
RBM47,-0.0151,1208,all
RBM48,-0.8464,1208,all
RBM4B,-0.2825,383,all
RBM5,-0.223,1208,all
RBM6,-0.1224,1208,all
RBM7,-0.0513,1208,all
RBM8A,-1.4968,1208,all
RBMS1,-0.0388,1208,all
RBMS2,-0.0284,1208,all
RBMS3,0.1049,1208,all
RBMX,-1.6909,1208,all
RBMX2,-0.7336,1208,all
RBMXL1,-1.0595,1208,all
RBMXL2,0.0821,1208,all
RBMXL3,0.0823,1208,all
RBP1,0.0555,1208,all
RBP2,0.0797,1208,all
RBP3,-0.1786,1208,all
RBP4,-0.0445,1208,all
RBP5,0.105,1208,all
RBP7,0.0805,1208,all
RBPJ,-0.1169,1208,all
RBPJL,-0.1048,1208,all
RBPMS,0.0591,1208,all
RBPMS2,0.0542,1208,all
RBSN,-0.3325,1208,all
RBX1,-1.0324,1208,all
RC3H1,-0.1619,1208,all
RC3H2,0.0672,1208,all
RCAN1,0.0587,1208,all
RCAN2,0.0547,1208,all
RCAN3,0.0893,1208,all
RCBTB1,0.0848,1208,all
RCBTB2,-0.0967,1208,all
RCC1,-1.7073,1208,all
RCC1L,-0.5575,1208,all
RCC2,-0.1748,1208,all
RCCD1,0.0656,1208,all
RCE1,-0.1887,1208,all
RCHY1,-0.0026,1208,all
RCL1,-0.9336,1208,all
RCN1,-0.1412,1208,all
RCN2,-0.09,1208,all
RCN3,0.0147,1208,all
RCOR1,-0.4144,1208,all
RCOR2,-0.2803,1208,all
RCOR3,0.0595,1208,all
RCSD1,-0.106,1208,all
RCVRN,-0.1354,1208,all
RD3,0.0805,1208,all
RD3L,0.2224,1208,all
RDH10,-0.1809,1208,all
RDH11,0.0796,1208,all
RDH12,0.1128,1208,all
RDH13,-0.0639,1208,all
RDH14,0.0243,1208,all
RDH16,-0.069,1208,all
RDH5,-0.1621,1208,all
RDH8,-0.0631,1208,all
RDM1,-0.2662,1208,all
RDX,0.0119,1208,all
REC114,-0.0136,1208,all
REC8,-0.1693,1208,all
RECK,-0.0008,1208,all
RECQL,0.0474,1208,all
RECQL4,-0.1495,74,all
RECQL5,-0.0374,1208,all
REDIC1,0.11,1208,all
REELD1,0.391,70,all
REEP1,-0.2075,1208,all
REEP2,-0.2137,1208,all
REEP3,0.0679,1208,all
REEP4,0.0272,1208,all
REEP5,0.0714,1208,all
REEP6,-0.0078,1208,all
REG1A,-0.0744,1208,all
REG1B,-0.0478,1208,all
REG3A,0.0655,1208,all
REG3G,0.0378,1208,all
REG4,-0.0001,1208,all
REL,-0.0336,1208,all
RELA,-0.4057,1208,all
RELB,-0.0926,1208,all
RELCH,0.0613,1208,all
RELL1,0.0725,1208,all
RELL2,-0.0796,1208,all
RELN,0.016,1208,all
RELT,-0.0365,1208,all
REM1,-0.1154,1208,all
REM2,0.0102,1208,all
REN,-0.0465,1208,all
RENBP,-0.0198,1208,all
REP15,0.0521,1208,all
REPIN1,0.0218,1208,all
REPS1,0.0014,1208,all
REPS2,0.1205,1208,all
RER1,-0.2359,1208,all
RERE,-0.0718,1208,all
RERG,-0.0863,1208,all
RERGL,0.0965,1208,all
RESF1,0.0462,1208,all
RESP18,0.0184,1208,all
REST,-0.2161,1208,all
RET,-0.1146,1208,all
RETN,-0.0394,1208,all
RETNLB,-0.0578,1208,all
RETREG1,0.0781,1208,all
RETREG2,0.0765,1208,all
RETREG3,-0.075,1208,all
RETSAT,-0.1318,1208,all
REV1,-0.0749,1208,all
REV3L,-0.543,1208,all
REX1BD,-0.1672,1208,all
REXO1,-0.0885,1208,all
REXO2,-0.2999,1208,all
REXO4,-0.0621,1208,all
REXO5,-0.0217,1208,all
RFC1,-0.4229,1208,all
RFC2,-1.8811,1208,all
RFC3,-1.6243,1208,all
RFC4,-0.8865,1208,all
RFC5,-1.2438,1208,all
RFESD,0.044,1208,all
RFFL,-0.245,1208,all
RFK,-0.4347,1208,all
RFLNA,-0.0897,1208,all
RFNG,0.0669,1208,all
RFPL1,-0.0227,1208,all
RFPL2,-0.0033,1208,all
RFPL3,-0.1158,1208,all
RFPL4B,-0.013,1208,all
RFT1,-0.7564,1208,all
RFTN1,0.066,1208,all
RFTN2,0.0761,1208,all
RFWD3,-0.2993,1208,all
RFX1,-0.0491,1208,all
RFX2,-0.0829,1208,all
RFX3,0.1185,1208,all
RFX4,-0.0105,1208,all
RFX5,-0.2526,1208,all
RFX6,-0.0326,1208,all
RFX7,-0.04,77,all
RFX8,-0.0304,1208,all
RFXANK,-0.1641,1208,all
RFXAP,-0.056,1208,all
RGCC,-0.0712,1208,all
RGL1,0.0386,1208,all
RGL2,0.0792,1208,all
RGL3,0.0843,1208,all
RGL4,-0.1001,1208,all
RGMA,0.0109,1208,all
RGMB,0.0766,1208,all
RGN,-0.0458,1208,all
RGP1,-0.4903,1208,all
RGPD4,-0.3598,1047,all
RGR,-0.0544,1208,all
RGS1,0.1751,1208,all
RGS10,0.0277,1208,all
RGS11,0.0127,1208,all
RGS12,0.0413,1208,all
RGS13,-0.1339,1208,all
RGS14,-0.0234,1208,all
RGS16,0.0302,1208,all
RGS17,0.0706,1208,all
RGS18,0.0745,1208,all
RGS19,-0.0252,1208,all
RGS2,-0.0774,1208,all
RGS20,0.024,1208,all
RGS21,0.0466,1208,all
RGS22,0.0096,1208,all
RGS3,0.0086,1208,all
RGS4,0.0901,1208,all
RGS5,0.1366,1208,all
RGS6,-0.0207,1208,all
RGS7,0.0446,1208,all
RGS7BP,0.0156,1208,all
RGS8,0.0343,1208,all
RGS9,0.061,1208,all
RGS9BP,0.0079,1208,all
RGSL1,-0.0205,1208,all
RHAG,0.0201,1208,all
RHBDD1,0.03,1208,all
RHBDD2,0.081,1208,all
RHBDD3,-0.0928,1208,all
RHBDF1,-0.2748,1208,all
RHBDF2,-0.1998,1208,all
RHBDL1,-0.0995,1208,all
RHBDL2,0.0302,1208,all
RHBDL3,-0.1232,1208,all
RHBG,0.1748,77,all
RHCE,0.074,1208,all
RHCG,-0.0506,1208,all
RHD,0.0585,1208,all
RHEB,-0.441,1208,all
RHEBL1,-0.0413,1208,all
RHEX,-0.131,1208,all
RHNO1,-0.091,1208,all
RHO,-0.0509,1208,all
RHOA,-0.48,1208,all
RHOB,-0.0124,1208,all
RHOBTB1,0.0143,1208,all
RHOBTB2,-0.0504,1208,all
RHOBTB3,-0.0175,1208,all
RHOC,-0.2413,1208,all
RHOD,-0.1492,1208,all
RHOF,-0.3103,1208,all
RHOG,-0.118,1208,all
RHOH,-0.1692,1208,all
RHOJ,0.0012,1208,all
RHOQ,-0.7998,1208,all
RHOT1,-0.1596,1208,all
RHOT2,-0.0531,1208,all
RHOU,0.0487,1208,all
RHOV,0.0307,1208,all
RHOXF1,0.0228,1208,all
RHOXF2,-0.0619,1046,all
RHOXF2B,-0.0108,1046,all
RHPN1,-0.3267,1208,all
RHPN2,-0.0736,1208,all
RIBC1,0.0163,1208,all
RIBC2,0.0725,77,all
RIC1,-0.6675,1208,all
RIC3,-0.0411,1208,all
RIC8A,-0.027,1208,all
RIC8B,0.1018,1208,all
RICTOR,-0.4499,1208,all
RIDA,-0.1153,1208,all
RIF1,-0.3103,1208,all
RIGI,-0.0483,1208,all
RIIAD1,-0.071,1208,all
RILP,-0.1962,1208,all
RILPL1,-0.1264,1208,all
RILPL2,-0.1763,1208,all
RIMBP2,0.0703,1208,all
RIMBP3,-0.066,1047,all
RIMKLA,-0.0595,1208,all
RIMKLB,-0.1501,1208,all
RIMOC1,0.0806,1208,all
RIMS1,0.0052,1208,all
RIMS2,0.0361,1208,all
RIMS3,0.0439,1208,all
RIMS4,0.1157,1208,all
RIN1,-0.1269,1208,all
RIN2,0.0393,1208,all
RIN3,-0.0588,1208,all
RING1,-0.1748,1208,all
RINL,-0.0007,1208,all
RINT1,-0.7597,1208,all
RIOK1,-0.998,1208,all
RIOK2,-0.8648,1208,all
RIOK3,-0.0094,1208,all
RIOX1,0.0145,70,all
RIOX2,-0.0999,1208,all
RIPK1,0.0551,1208,all
RIPK2,0.0721,1208,all
RIPK3,-0.2199,1208,all
RIPK4,-0.0408,1208,all
RIPOR1,0.095,1208,all
RIPOR2,-0.063,1208,all
RIPOR3,-0.0751,1208,all
RIPPLY1,0.1541,1208,all
RIPPLY2,-0.0065,1208,all
RIPPLY3,0.0532,1208,all
RIT1,-0.1966,1208,all
RIT2,0.1198,1208,all
RITA1,-0.2056,1208,all
RLBP1,0.0375,1208,all
RLF,-0.0358,1208,all
RLIG1,0.0093,1208,all
RLIM,-0.0277,1208,all
RLN1,0.0355,1208,all
RLN2,-0.0512,1208,all
RLN3,-0.0694,1208,all
RMC1,0.0307,1208,all
RMDN1,-0.0553,1208,all
RMDN2,-0.009,1208,all
RMDN3,-0.0929,1208,all
RMI1,-0.6532,1208,all
RMI2,-0.2661,1208,all
RMND1,-0.2213,1208,all
RMND5A,-0.4148,1208,all
RMND5B,-0.0077,1208,all
RMP24,-0.3676,1208,all
RMP64,-1.3251,1208,all
RNASE1,-0.0207,1208,all
RNASE10,0.0183,1208,all
RNASE11,-0.06,1208,all
RNASE12,0.0842,1208,all
RNASE13,-0.1774,1208,all
RNASE2,0.0871,1208,all
RNASE3,-0.1203,1208,all
RNASE4,-0.0061,1207,all
RNASE6,0.1014,1208,all
RNASE7,0.0747,1208,all
RNASE8,0.0772,1208,all
RNASE9,-0.0362,1208,all
RNASEH1,-0.1519,1208,all
RNASEH2A,-0.3389,1208,all
RNASEH2B,-0.0536,1208,all
RNASEH2C,-0.3549,1208,all
RNASEK,-0.5252,383,all
RNASEL,-0.0366,1208,all
RNASET2,-0.1164,1208,all
RND1,-0.2372,1208,all
RND2,-0.0887,1208,all
RND3,0.0881,1208,all
RNF10,0.0253,1208,all
RNF103,-0.209,1208,all
RNF11,-0.2035,1208,all
RNF111,0.0343,1208,all
RNF112,0.1815,1208,all
RNF113A,-1.0115,1208,all
RNF113B,0.0109,1208,all
RNF114,-0.0334,1208,all
RNF115,-0.0717,1208,all
RNF121,-0.0322,1208,all
RNF122,0.1203,1208,all
RNF123,-0.3107,1208,all
RNF125,0.0367,1208,all
RNF126,-0.0325,1208,all
RNF128,-0.001,1208,all
RNF13,0.0156,1208,all
RNF130,0.0566,1208,all
RNF133,0.0355,1208,all
RNF135,-0.0293,1208,all
RNF138,-0.0457,1208,all
RNF139,-0.1579,1208,all
RNF14,-0.1796,1208,all
RNF141,0.0122,1208,all
RNF144A,0.1774,1208,all
RNF144B,0.068,1208,all
RNF145,0.1838,383,all
RNF146,0.0595,1208,all
RNF148,0.0652,1208,all
RNF149,-0.0315,1208,all
RNF150,0.0423,1208,all
RNF151,-0.1071,1208,all
RNF152,-0.0584,1208,all
RNF157,0.0296,1208,all
RNF166,0.0175,1208,all
RNF167,0.088,1208,all
RNF168,-0.5407,1208,all
RNF169,-0.112,1208,all
RNF17,-0.0575,1208,all
RNF170,-0.0148,1208,all
RNF175,0.0446,1208,all
RNF180,0.0005,1208,all
RNF181,-0.2691,1208,all
RNF182,0.0135,1208,all
RNF183,-0.0104,1208,all
RNF185,-0.0305,1208,all
RNF186,0.0589,1208,all
RNF187,0.145,77,all
RNF19A,-0.0292,1208,all
RNF19B,-0.0228,1208,all
RNF2,-0.0474,1208,all
RNF20,-0.7335,1208,all
RNF207,-0.0456,1208,all
RNF208,0.0485,1208,all
RNF212,-0.0326,1208,all
RNF212B,-0.2306,1208,all
RNF213,0.0162,1208,all
RNF214,-0.0643,1208,all
RNF215,-0.039,1208,all
RNF216,-0.0777,1208,all
RNF217,-0.0161,1208,all
RNF220,0.003,1208,all
RNF222,-0.005,1208,all
RNF223,-0.1147,1208,all
RNF224,-0.138,1208,all
RNF225,0.2546,74,all
RNF227,0.1712,70,all
RNF24,0.0376,1208,all
RNF25,-0.1739,1208,all
RNF26,-0.118,1208,all
RNF31,-0.1811,1208,all
RNF32,0.0782,1208,all
RNF34,-0.0481,1208,all
RNF38,-0.0357,1208,all
RNF39,-0.1516,1090,all
RNF4,-0.6577,1208,all
RNF40,-0.4902,1208,all
RNF41,-0.2201,1208,all
RNF43,0.0515,1208,all
RNF44,-0.0195,1208,all
RNF5,-0.1029,1207,all
RNF6,-0.1621,1208,all
RNF7,0.0354,1208,all
RNF8,-0.4996,1208,all
RNFT1,-0.0097,1208,all
RNFT2,-0.1157,1208,all
RNGTT,-2.3567,1208,all
RNH1,-0.1432,1208,all
RNLS,0.0108,1208,all
RNMT,-1.0809,1208,all
RNPC3,-1.7677,1208,all
RNPEP,-0.1038,1208,all
RNPS1,-1.1176,1208,all
RO60,-0.024,1208,all
ROBO1,0.0336,1208,all
ROBO2,-0.04,1208,all
ROBO3,0.083,1208,all
ROBO4,0.0943,1208,all
ROCK1,-0.0382,1208,all
ROCK2,0.066,1208,all
ROGDI,0.0706,1208,all
ROM1,0.0714,1208,all
ROMO1,-1.0519,1208,all
ROPN1,-0.1542,1047,all
ROPN1B,0.0791,1047,all
ROPN1L,-0.1395,1208,all
ROR1,0.0626,1208,all
ROR2,-0.0389,1208,all
RORA,0.0157,1208,all
RORB,0.0643,1208,all
RORC,-0.0804,1208,all
ROS1,0.1083,1208,all
RP1,-0.0421,1165,all
RP1L1,0.0125,1208,all
RP2,0.0017,1208,all
RP9,-0.0784,1208,all
RPA1,-2.2718,1208,all
RPA2,-1.6459,1208,all
RPA3,-1.9577,1208,all
RPA4,-0.0463,1208,all
RPAIN,-1.3404,1208,all
RPAP1,-1.7413,1208,all
RPAP2,-0.8349,1208,all
RPAP3,-0.6768,1208,all
RPE,-0.7511,1208,all
RPE65,-0.2786,1208,all
RPEL1,0.0649,1208,all
RPF1,-0.859,1208,all
RPF2,-1.1415,1208,all
RPGR,0.0674,1208,all
RPGRIP1,0.0015,1208,all
RPGRIP1L,0.0888,1208,all
RPH3A,-0.058,1208,all
RPH3AL,0.1323,1208,all
RPIA,-0.3232,1208,all
RPL10,-1.3438,1208,all
RPL10A,-2.3109,1208,all
RPL10L,0.0416,1208,all
RPL11,-2.2928,1208,all
RPL12,-3.0589,1208,all
RPL13,-2.2713,1208,all
RPL13A,-2.0709,383,all
RPL14,-2.3025,1208,all
RPL15,-5.4324,317,all
RPL17,-3.7412,1208,all
RPL18,-2.0711,1208,all
RPL18A,-2.5807,1208,all
RPL19,-2.1861,1208,all
RPL21,-3.2388,381,all
RPL22,-0.368,1208,all
RPL22L1,-0.2613,1208,all
RPL23,-2.9282,1208,all
RPL23A,-2.4416,381,all
RPL24,-2.2032,1208,all
RPL26,-2.0807,1208,all
RPL26L1,-0.5914,1208,all
RPL27,-2.2185,1208,all
RPL27A,-1.9968,1208,all
RPL28,-0.8809,1208,all
RPL3,-2.6146,1208,all
RPL30,-1.1196,1208,all
RPL31,-2.6347,1208,all
RPL32,-2.4089,1208,all
RPL34,-2.0068,74,all
RPL35,-1.5789,1208,all
RPL35A,-1.7681,383,all
RPL36,-1.9623,1208,all
RPL36A,-1.3984,380,all
RPL36AL,-0.8475,1208,all
RPL37,-2.161,1208,all
RPL37A,-2.0089,1208,all
RPL38,-1.2573,1208,all
RPL39,-0.7398,1046,all
RPL39L,-0.0004,1208,all
RPL3L,0.0589,1208,all
RPL4,-2.8586,1208,all
RPL41,-0.2713,1090,all
RPL5,-2.2977,1208,all
RPL6,-2.6981,381,all
RPL7,-1.8129,1165,all
RPL7A,-2.5147,1208,all
RPL7L1,-1.9378,381,all
RPL8,-2.6252,1208,all
RPL9,-2.4498,1090,all
RPLP0,-1.5496,1208,all
RPLP1,-1.4586,1208,all
RPLP2,-1.3346,1208,all
RPN1,-1.0637,1208,all
RPN2,-0.8628,1208,all
RPP14,-0.9997,1208,all
RPP21,-1.6607,1208,all
RPP25,0.1833,1208,all
RPP25L,-0.4685,1208,all
RPP30,-0.9419,1208,all
RPP38,-0.6002,1208,all
RPP40,-1.2342,1208,all
RPRD1A,-0.0243,1208,all
RPRD1B,-0.479,1208,all
RPRD2,-0.2189,1208,all
RPRM,0.1447,1208,all
RPRML,-0.0855,1208,all
RPS10,-1.2785,383,all
RPS11,-2.8381,1208,all
RPS12,-1.9803,1208,all
RPS13,-1.6399,1208,all
RPS14,-2.0121,1208,all
RPS15,-2.2141,1208,all
RPS15A,-2.7046,1208,all
RPS16,-2.0848,1208,all
RPS17,-1.7151,1090,all
RPS18,-2.3349,1208,all
RPS19,-2.9672,1208,all
RPS19BP1,-0.5868,1208,all
RPS2,-2.0293,383,all
RPS20,-2.9014,1208,all
RPS21,-1.209,1208,all
RPS23,-2.5286,1208,all
RPS24,-2.0375,1208,all
RPS25,-1.4289,1208,all
RPS27A,-1.7507,1208,all
RPS27L,-0.0763,1208,all
RPS28,-2.169,1090,all
RPS29,-2.9234,1208,all
RPS3,-2.1732,1208,all
RPS3A,-3.1617,1089,all
RPS4X,-2.4565,1208,all
RPS4Y1,0.1727,383,all
RPS4Y2,0.5317,381,all
RPS5,-1.4106,1208,all
RPS6,-2.4351,1208,all
RPS6KA1,-0.1903,1208,all
RPS6KA2,-0.0046,1208,all
RPS6KA3,-0.1177,1208,all
RPS6KA4,-0.0945,1208,all
RPS6KA5,0.0369,1208,all
RPS6KA6,0.0785,1208,all
RPS6KB1,-0.1772,1208,all
RPS6KB2,-0.0284,1208,all
RPS6KC1,-0.0565,1208,all
RPS6KL1,-0.0694,1208,all
RPS7,-2.0801,1208,all
RPS8,-3.2548,1208,all
RPS9,-2.2851,1208,all
RPSA,-2.6138,320,all
RPTN,0.0726,1208,all
RPTOR,-0.9126,1208,all
RPUSD1,0.0724,1208,all
RPUSD2,-0.1554,1208,all
RPUSD3,-0.3254,1208,all
RPUSD4,-0.4183,1208,all
RRAD,-0.1847,1208,all
RRAGA,-0.3709,1208,all
RRAGB,-0.0273,1208,all
RRAGC,-0.3512,1208,all
RRAGD,-0.0603,1208,all
RRAS,-0.0426,1208,all
RRAS2,-0.077,1208,all
RRBP1,0.0082,1208,all
RREB1,-0.1116,1208,all
RRH,-0.0166,1208,all
RRM1,-3.1858,1208,all
RRM2,-2.6061,1208,all
RRM2B,0.0013,1208,all
RRN3,-2.4288,380,all
RRP1,-0.796,1208,all
RRP12,-1.3829,1208,all
RRP15,-0.8379,1208,all
RRP1B,0.011,1208,all
RRP36,-0.2524,1208,all
RRP7A,-0.7823,1208,all
RRP8,-0.0201,1208,all
RRP9,-0.8172,1208,all
RRS1,-1.3529,1208,all
RS1,0.0777,1208,all
RSAD1,-0.3426,1208,all
RSAD2,0.0216,1208,all
RSBN1,-0.037,1208,all
RSBN1L,-0.0109,1208,all
RSC1A1,-0.0243,1208,all
RSF1,0.0391,1208,all
RSL1D1,-1.4492,1208,all
RSL24D1,-2.2231,1090,all
RSPH1,-0.0049,1208,all
RSPH14,-0.04,1208,all
RSPH3,-0.0232,1089,all
RSPH4A,0.1049,1208,all
RSPH6A,-0.1168,1208,all
RSPH9,-0.2334,1208,all
RSPO1,0.0149,1208,all
RSPO2,0.0806,1208,all
RSPO3,0.1151,1208,all
RSPO4,0.0619,1208,all
RSPRY1,-0.0443,1208,all
RSRC1,-0.05,1208,all
RSRC2,-0.444,1208,all
RSRP1,0.0343,1208,all
RSU1,-0.1191,1208,all
RTBDN,-0.0396,1208,all
RTCA,0.0185,1208,all
RTCB,-0.8168,1208,all
RTEL1,-0.6261,1208,all
RTF1,-0.6659,1208,all
RTF2,-1.0903,1208,all
RTKN,-0.1117,1208,all
RTKN2,-0.1328,1208,all
RTL1,-0.0425,1208,all
RTL10,-0.042,1208,all
RTL3,0.0126,1208,all
RTL4,0.1513,1208,all
RTL5,-0.1354,1208,all
RTL6,0.1797,1208,all
RTL8A,0.0898,1047,all
RTL8B,-0.1145,1165,all
RTL8C,0.0218,1208,all
RTL9,0.0417,1208,all
RTN1,-0.0335,1208,all
RTN2,-0.1206,1208,all
RTN3,-0.2495,1208,all
RTN4,0.0653,1208,all
RTN4IP1,-0.2348,1208,all
RTN4R,-0.0619,1208,all
RTN4RL1,-0.017,1208,all
RTN4RL2,-0.1001,1208,all
RTP1,0.0127,1208,all
RTP2,0.0714,1208,all
RTP3,-0.0263,1208,all
RTP4,0.0841,1208,all
RTP5,0.0872,1208,all
RTRAF,-0.4446,1208,all
RTTN,-0.5128,1208,all
RUBCN,0.1151,1208,all
RUBCNL,0.0546,1208,all
RUFY1,0.0367,1208,all
RUFY2,0.0006,1208,all
RUFY3,0.0166,1208,all
RUNDC1,-0.0971,1208,all
RUNDC3A,-0.1048,1208,all
RUNDC3B,0.0702,1208,all
RUNX1,-0.0125,1208,all
RUNX1T1,-0.0384,1208,all
RUNX2,-0.2158,1208,all
RUNX3,-0.077,1208,all
RUSC1,-0.1563,1208,all
RUSC2,0.0921,1208,all
RUSF1,0.1208,1208,all
RUVBL1,-2.3582,1208,all
RUVBL2,-2.1108,1208,all
RWDD1,0.078,1208,all
RWDD2A,0.0676,1208,all
RWDD2B,0.066,1208,all
RWDD3,-0.0481,1208,all
RWDD4,-0.0214,381,all
RXFP1,0.0813,1208,all
RXFP2,0.1046,1208,all
RXFP3,0.0156,1208,all
RXFP4,-0.0215,1208,all
RXRA,-0.1448,1208,all
RXRB,-0.003,1208,all
RXRG,-0.0668,1208,all
RXYLT1,-0.0579,1208,all
RYK,0.1318,74,all
RYR1,-0.1479,1208,all
RYR2,0.0255,1208,all
RYR3,0.0755,1208,all
S100A1,-0.0267,1208,all
S100A10,0.0284,1208,all
S100A11,-0.2688,1208,all
S100A12,-0.134,1208,all
S100A13,0.0046,1208,all
S100A14,-0.0828,1208,all
S100A16,-0.0345,1208,all
S100A2,-0.0174,1208,all
S100A3,0.0295,1208,all
S100A4,-0.0649,1208,all
S100A5,-0.1394,1208,all
S100A6,-0.052,1208,all
S100A7,0.2163,381,all
S100A7A,0.472,74,all
S100A8,0.0225,1208,all
S100A9,-0.0286,1208,all
S100B,0.1419,1208,all
S100G,0.0849,1208,all
S100P,-0.0593,1208,all
S100PBP,0.0436,1208,all
S100Z,0.0238,1208,all
S1PR1,0.0022,1208,all
S1PR2,0.0794,1208,all
S1PR3,-0.0243,1208,all
S1PR4,-0.0871,1208,all
S1PR5,0.0475,1208,all
SAA2,0.3462,67,all
SAA4,0.0013,1208,all
SAAL1,-0.0879,1208,all
SAC3D1,-0.0288,1208,all
SACM1L,-1.222,1208,all
SACS,-0.1003,1208,all
SAE1,-1.5313,1208,all
SAFB,-0.2395,1208,all
SAFB2,-0.1075,1208,all
SAG,0.0058,1208,all
SAGE1,0.0692,1208,all
SALL1,-0.0017,1208,all
SALL2,-0.0207,1208,all
SALL3,-0.0378,1208,all
SALL4,-0.0823,1208,all
SAMD10,-0.0385,1208,all
SAMD11,-0.0678,1208,all
SAMD12,-0.0387,1208,all
SAMD13,-0.0159,1208,all
SAMD14,-0.1185,1208,all
SAMD15,-0.056,1208,all
SAMD3,0.0765,1208,all
SAMD4A,-0.1796,1208,all
SAMD4B,-0.3316,1208,all
SAMD5,0.0618,1208,all
SAMD7,0.1099,1208,all
SAMD8,-0.0311,1208,all
SAMD9,0.1214,1208,all
SAMD9L,-0.0889,1208,all
SAMHD1,-0.2012,1208,all
SAMM50,-0.5534,1208,all
SAMSN1,0.0767,1208,all
SAMTOR,0.0683,1208,all
SANBR,-0.0691,1208,all
SAP130,-0.3605,1208,all
SAP18,-1.1231,1208,all
SAP25,-0.0198,1208,all
SAP30,0.0716,1208,all
SAP30BP,-1.6888,1208,all
SAP30L,0.0529,1208,all
SAPCD1,-0.0609,1208,all
SAPCD2,-0.0719,1208,all
SAR1A,-0.0952,1208,all
SAR1B,-0.0275,1208,all
SARAF,0.0722,1208,all
SARDH,-0.1023,1208,all
SARM1,-0.0581,77,all
SARNP,-0.4776,1208,all
SARS1,-2.9496,1208,all
SARS2,-0.7178,1208,all
SART1,-1.1223,1208,all
SART3,-1.4901,1208,all
SASH1,0.1285,1208,all
SASH3,0.1422,1208,all
SASS6,-0.9117,1208,all
SAT1,0.1911,1208,all
SAT2,-0.0419,1208,all
SATB1,-0.0546,1208,all
SATB2,-0.0206,1208,all
SATL1,0.0943,1208,all
SAV1,0.0457,1208,all
SAXO1,-0.0808,1208,all
SAXO2,-0.0001,1208,all
SAXO4,-0.1056,1208,all
SAXO5,0.0492,1208,all
SAYSD1,-0.1163,1208,all
SBDS,-2.1324,1208,all
SBF1,0.0931,1208,all
SBF2,0.0732,1208,all
SBK1,-0.2146,1208,all
SBK2,-0.047,1208,all
SBK3,0.0053,74,all
SBNO1,-1.3557,1208,all
SBNO2,-0.0179,1208,all
SBSN,-0.0188,1208,all
SBSPON,0.0318,1208,all
SC5D,0.0332,1208,all
SCAF1,-0.2583,1208,all
SCAF11,-0.196,1208,all
SCAF4,-0.2382,1208,all
SCAF8,-0.0825,1208,all
SCAI,0.0206,1208,all
SCAMP1,-0.1082,74,all
SCAMP2,-0.0116,1208,all
SCAMP3,0.0593,1208,all
SCAMP4,-0.0337,1208,all
SCAMP5,-0.0242,1208,all
SCAND1,-0.2034,1208,all
SCAND3,0.0863,1208,all
SCAP,-1.0301,1208,all
SCAPER,0.041,1208,all
SCARA3,0.0491,1208,all
SCARA5,0.0888,1208,all
SCARB1,-0.1639,1208,all
SCARB2,-0.0403,1208,all
SCARF1,-0.1173,1208,all
SCARF2,-0.1202,1208,all
SCCPDH,0.1527,1208,all
SCD,-0.7848,1208,all
SCD5,-0.0364,1208,all
SCEL,0.1113,1208,all
SCFD1,-1.2637,1208,all
SCFD2,-0.0846,1208,all
SCG2,-0.0273,1208,all
SCG3,0.142,1208,all
SCG5,-0.2408,1208,all
SCGB1A1,-0.0532,1208,all
SCGB1D1,-0.1736,1208,all
SCGB1D2,-0.0981,1208,all
SCGB1D4,0.0222,1208,all
SCGB2A1,-0.2239,1208,all
SCGB2A2,-0.0885,1208,all
SCGB2B2,0.0119,1208,all
SCGB3A1,0.1191,1208,all
SCGB3A2,-0.0151,1208,all
SCGN,0.0271,1208,all
SCHIP1,0.0227,1208,all
SCIMP,0.0281,1208,all
SCIN,0.0041,1208,all
SCLT1,0.1509,1208,all
SCLY,-0.1031,1208,all
SCMH1,-0.0737,1208,all
SCML1,0.0637,1208,all
SCML2,-0.0592,1208,all
SCML4,-0.0064,1208,all
SCN10A,-0.0053,1208,all
SCN11A,0.0002,1208,all
SCN1A,0.0281,1208,all
SCN1B,-0.075,1208,all
SCN2A,-0.029,1208,all
SCN2B,0.1367,1208,all
SCN3A,0.0712,1208,all
SCN3B,-0.0316,1208,all
SCN4A,0.0364,1208,all
SCN4B,0.0477,1208,all
SCN5A,-0.1037,1208,all
SCN7A,0.0665,1208,all
SCN8A,-0.1301,1208,all
SCN9A,0.0311,1208,all
SCNM1,-0.3976,1208,all
SCNN1A,0.0119,1208,all
SCNN1B,0.0226,1208,all
SCNN1D,-0.1184,1208,all
SCNN1G,0.0519,1208,all
SCO1,-0.2898,1208,all
SCO2,-0.1723,1208,all
SCOC,0.1563,1208,all
SCP2,-0.0459,1208,all
SCP2D1,0.117,1208,all
SCPEP1,-0.2108,1208,all
SCRG1,0.1002,1208,all
SCRIB,-0.0695,1208,all
SCRN1,0.0489,1208,all
SCRN2,-0.2317,1208,all
SCRN3,-0.0523,1208,all
SCRT1,-0.2434,1208,all
SCRT2,0.1124,1208,all
SCT,0.0077,1208,all
SCTR,-0.0659,1208,all
SCUBE1,0.0213,1208,all
SCUBE2,0.0685,1208,all
SCUBE3,-0.0591,1208,all
SCX,0.0854,1089,all
SCYL1,-0.4006,1208,all
SCYL2,-0.0076,1208,all
SCYL3,-0.0974,1208,all
SDAD1,-0.8943,1208,all
SDC1,-0.2265,1208,all
SDC2,0.0026,1208,all
SDC3,-0.0461,1208,all
SDC4,-0.0512,1208,all
SDCBP,-0.0687,1208,all
SDCBP2,0.0697,1208,all
SDCCAG8,0.0739,1208,all
SDE2,-1.8333,1208,all
SDF2,-0.1468,1208,all
SDF2L1,-0.2597,1208,all
SDF4,-0.042,1208,all
SDHA,-0.3033,1208,all
SDHAF1,-0.3142,1208,all
SDHAF2,-0.4747,1208,all
SDHAF3,0.0361,1208,all
SDHAF4,0.0615,1208,all
SDHB,-0.5295,1208,all
SDHC,-1.0112,1208,all
SDHD,-0.6619,1208,all
SDK1,0.0775,1208,all
SDK2,-0.0654,1208,all
SDR16C5,0.0812,1208,all
SDR39U1,-0.0795,1208,all
SDR42E1,0.1019,1208,all
SDR42E2,-0.1666,70,all
SDR9C7,-0.0837,1208,all
SDS,0.0612,1208,all
SDSL,-0.0078,1208,all
SEBOX,-0.1334,1208,all
SEC11A,-0.0278,1208,all
SEC11C,0.1127,1208,all
SEC13,-1.6216,1208,all
SEC14L1,0.0442,1208,all
SEC14L2,-0.0389,1208,all
SEC14L3,-0.066,1208,all
SEC14L4,-0.0212,1208,all
SEC14L5,-0.0323,1208,all
SEC14L6,-0.0098,1208,all
SEC16A,-0.6225,1208,all
SEC16B,-0.054,1208,all
SEC22A,-0.1017,1208,all
SEC22B,-1.1526,74,all
SEC22C,0.0027,1208,all
SEC23A,-0.1024,1208,all
SEC23B,0.0244,1208,all
SEC23IP,-0.1271,1208,all
SEC24A,-0.1892,1208,all
SEC24B,-0.0077,1208,all
SEC24C,-0.0208,1208,all
SEC24D,0.107,1208,all
SEC31A,-0.0414,1208,all
SEC31B,0.0579,1208,all
SEC61A1,-1.719,1208,all
SEC61A2,0.0364,1208,all
SEC61B,-0.4895,1208,all
SEC61G,-0.8952,1208,all
SEC62,-0.3977,1208,all
SEC63,-0.5637,1208,all
SECISBP2,-0.1154,1208,all
SECISBP2L,-0.065,1208,all
SECTM1,-0.029,1208,all
SEH1L,-1.1679,1208,all
SEL1L,-0.0672,1208,all
SEL1L2,0.0897,1208,all
SEL1L3,-0.0133,1208,all
SELE,0.0613,1208,all
SELENBP1,-0.102,1208,all
SELENOF,-0.0633,77,all
SELENOH,-0.1404,1208,all
SELENOI,-0.053,1208,all
SELENOK,-0.1916,1208,all
SELENOM,-0.0645,1208,all
SELENON,-0.0656,1208,all
SELENOO,-0.087,1208,all
SELENOP,-0.0276,1208,all
SELENOS,-0.0302,1208,all
SELENOT,-0.1189,1208,all
SELENOV,-0.0048,1208,all
SELENOW,-0.2053,1165,all
SELL,0.0388,1208,all
SELP,-0.0852,1208,all
SELPLG,0.0367,1208,all
SEM1,-0.9981,1208,all
SEMA3A,0.0189,1208,all
SEMA3B,-0.2325,74,all
SEMA3C,0.0281,1208,all
SEMA3D,0.0661,1208,all
SEMA3E,0.0094,1208,all
SEMA3F,-0.1805,1208,all
SEMA3G,-0.0835,1208,all
SEMA4A,-0.0685,1208,all
SEMA4B,-0.0215,1208,all
SEMA4C,-0.0937,1208,all
SEMA4D,0.0259,1208,all
SEMA4F,-0.0594,1208,all
SEMA4G,-0.0487,1208,all
SEMA5A,0.1464,1208,all
SEMA5B,-0.1113,1208,all
SEMA6A,0.0527,1208,all
SEMA6B,-0.2087,1208,all
SEMA6C,-0.052,1208,all
SEMA6D,0.038,1208,all
SEMA7A,-0.0344,1208,all
SEMG1,0.1364,1208,all
SEMG2,0.0666,1208,all
SENP1,-0.0986,1208,all
SENP2,-0.0698,1208,all
SENP3,0.1275,74,all
SENP5,0.0494,1208,all
SENP6,-1.1882,1208,all
SENP7,-0.0392,1208,all
SENP8,-0.0305,1208,all
SEPHS1,-0.2778,1208,all
SEPHS2,-0.8859,1208,all
SEPSECS,-0.6251,1208,all
SEPTIN10,-0.1447,1090,all
SEPTIN11,-0.1488,1090,all
SEPTIN12,-0.0475,1090,all
SEPTIN14,-0.2554,1090,all
SEPTIN2,-0.1993,1090,all
SEPTIN3,-0.0507,1090,all
SEPTIN4,-0.0013,1208,all
SEPTIN5,-0.1163,1090,all
SEPTIN6,0.0383,1090,all
SEPTIN7,-0.6192,74,all
SEPTIN8,-0.0626,1090,all
SEPTIN9,-0.1724,1090,all
SERAC1,-0.0093,1208,all
SERBP1,-0.6542,1208,all
SERF2,-0.3061,1208,all
SERGEF,0.0204,1208,all
SERHL2,-0.1631,1208,all
SERINC1,0.1066,1208,all
SERINC2,-0.0432,1208,all
SERINC3,-0.0751,1208,all
SERINC4,-0.3047,1208,all
SERINC5,0.0323,1208,all
SERP1,-0.0772,1208,all
SERP2,0.0194,1208,all
SERPINA1,0.0087,1208,all
SERPINA10,0.1217,1208,all
SERPINA11,0.1636,1208,all
SERPINA12,-0.0074,1208,all
SERPINA3,0.0211,1208,all
SERPINA4,-0.017,1208,all
SERPINA5,0.0186,1208,all
SERPINA6,0.009,1208,all
SERPINA7,0.107,1208,all
SERPINA9,0.0567,1208,all
SERPINB1,0.0667,1208,all
SERPINB10,0.0001,1208,all
SERPINB11,0.0138,74,all
SERPINB12,0.1121,1208,all
SERPINB13,0.0522,1208,all
SERPINB2,0.1224,1208,all
SERPINB3,0.1509,1165,all
SERPINB4,0.18,1208,all
SERPINB5,0.0124,1208,all
SERPINB6,-0.0129,1208,all
SERPINB7,0.0648,1208,all
SERPINB8,0.072,1208,all
SERPINB9,0.0949,1208,all
SERPINC1,0.1696,1208,all
SERPIND1,-0.1145,1208,all
SERPINE1,0.038,1208,all
SERPINE2,0.1094,1208,all
SERPINE3,0.0225,1208,all
SERPINF1,-0.0348,1208,all
SERPINF2,0.1385,1208,all
SERPING1,-0.0491,1208,all
SERPINH1,0.1357,1208,all
SERPINI1,0.0499,1208,all
SERPINI2,0.0373,1208,all
SERTAD1,0.0957,1208,all
SERTAD2,0.0031,1208,all
SERTAD3,-0.025,1208,all
SERTAD4,0.0651,1208,all
SERTM1,-0.0108,1208,all
SERTM2,0.0276,70,all
SESN1,0.0924,1208,all
SESN2,-0.0201,1208,all
SESN3,0.0404,1208,all
SESTD1,-0.0325,1208,all
SET,-0.2872,1208,all
SETBP1,0.0073,1208,all
SETD1A,-0.9112,1208,all
SETD1B,-0.2403,1208,all
SETD2,-0.41,1208,all
SETD3,-0.0411,1208,all
SETD4,0.0637,1208,all
SETD5,-0.2906,1208,all
SETD6,-0.0243,1208,all
SETD7,-0.0374,1208,all
SETD9,-0.0445,1208,all
SETDB1,-0.5265,1208,all
SETDB2,-0.0135,1208,all
SETMAR,0.0339,1208,all
SETX,-0.2435,1208,all
SEZ6,-0.1322,1208,all
SEZ6L,0.0782,1208,all
SEZ6L2,0.0137,1208,all
SF1,-2.6073,1208,all
SF3A1,-2.0938,1208,all
SF3A2,-1.7025,1208,all
SF3A3,-2.1982,1208,all
SF3B1,-1.4627,1208,all
SF3B2,-1.4494,1208,all
SF3B3,-2.3925,1208,all
SF3B4,-2.219,1208,all
SF3B5,-2.7668,1208,all
SF3B6,-1.5701,1208,all
SFI1,0.0105,1208,all
SFMBT1,-0.0178,1208,all
SFMBT2,-0.0293,1208,all
SFN,-0.1473,1208,all
SFPQ,-1.6014,1208,all
SFR1,-0.2332,1208,all
SFRP1,0.0042,1208,all
SFRP2,-0.0308,1208,all
SFRP4,0.0297,1208,all
SFRP5,-0.0107,1208,all
SFSWAP,-0.7661,1208,all
SFT2D1,0.0412,1208,all
SFT2D2,-0.0596,1208,all
SFT2D3,-0.1347,1208,all
SFTA2,-0.2136,1208,all
SFTPA1,-0.0772,1165,all
SFTPA2,0.0365,1208,all
SFTPB,-0.1827,1208,all
SFTPC,-0.0143,1208,all
SFTPD,0.0095,1208,all
SFXN1,-0.0495,1208,all
SFXN2,-0.0712,1208,all
SFXN3,0.0361,1208,all
SFXN4,-0.0051,1208,all
SFXN5,-0.0247,1208,all
SGCA,-0.1683,1208,all
SGCB,0.0539,1208,all
SGCD,0.034,1208,all
SGCE,-0.2608,1208,all
SGCG,-0.0116,1208,all
SGCZ,0.1231,1208,all
SGF29,-0.5672,1208,all
SGIP1,-0.0899,1208,all
SGK1,-0.0433,1208,all
SGK2,0.0548,1208,all
SGK3,0.1079,1208,all
SGMS1,0.0206,1208,all
SGMS2,0.0326,1208,all
SGO1,-0.9867,1208,all
SGO2,-0.1302,1208,all
SGPL1,-0.0622,1208,all
SGPP1,-0.2763,1208,all
SGPP2,-0.0187,1208,all
SGSH,-0.0112,1208,all
SGSM1,-0.0715,1208,all
SGSM2,0.0545,1208,all
SGSM3,-0.0443,1208,all
SGTA,-0.0754,1208,all
SGTB,0.0634,1208,all
SH2B1,-0.0832,1208,all
SH2B2,0.0326,74,all
SH2B3,0.0279,1208,all
SH2D1A,0.1621,1208,all
SH2D1B,-0.0026,1208,all
SH2D2A,0.0535,1208,all
SH2D3A,0.0015,1208,all
SH2D3C,0.0078,1208,all
SH2D4A,0.1593,1208,all
SH2D4B,0.0364,1208,all
SH2D5,-0.0345,1208,all
SH2D6,0.0448,383,all
SH2D7,-0.0327,1208,all
SH3BGR,0.0795,1165,all
SH3BGRL,0.0459,1208,all
SH3BGRL2,0.0748,1208,all
SH3BGRL3,-0.1453,1208,all
SH3BP1,-0.1026,1208,all
SH3BP2,0.0497,1208,all
SH3BP4,0.0596,1208,all
SH3BP5,0.0777,1208,all
SH3BP5L,-0.2139,1208,all
SH3D19,0.0043,1208,all
SH3D21,-0.0618,1208,all
SH3GL1,-0.1969,1208,all
SH3GL2,0.0731,1208,all
SH3GL3,-0.1013,1208,all
SH3GLB1,0.0511,1208,all
SH3GLB2,-0.0814,1208,all
SH3KBP1,0.1339,1208,all
SH3PXD2A,-0.1645,1208,all
SH3PXD2B,0.017,1208,all
SH3RF1,0.0851,1208,all
SH3RF2,-0.1183,1208,all
SH3RF3,0.0198,74,all
SH3TC1,0.0938,1208,all
SH3TC2,0.0481,1208,all
SH3YL1,0.0383,1208,all
SHANK1,0.0793,1208,all
SHANK2,0.0233,77,all
SHARPIN,-0.1536,1208,all
SHB,-0.0049,1208,all
SHBG,-0.0751,1208,all
SHC1,-0.2183,1208,all
SHC2,0.0283,1208,all
SHC3,-0.1599,1208,all
SHC4,-0.0491,1208,all
SHCBP1,-0.1072,1208,all
SHCBP1L,-0.0522,1208,all
SHD,-0.0424,1208,all
SHE,-0.2217,1208,all
SHF,-0.027,1208,all
SHFL,-0.121,1208,all
SHH,0.099,1208,all
SHISA2,0.0481,1208,all
SHISA3,0.0729,1208,all
SHISA4,-0.0203,1208,all
SHISA5,-0.1817,1208,all
SHISA6,0.0513,1208,all
SHISA7,-0.0865,1208,all
SHISA8,0.0468,74,all
SHISA9,0.0855,1208,all
SHISAL1,0.0719,1208,all
SHISAL2A,-0.0962,1208,all
SHISAL2B,-0.0126,1208,all
SHKBP1,-0.0633,1208,all
SHLD1,-0.2681,1208,all
SHLD2,-0.247,1208,all
SHLD3,-0.2583,70,all
SHMT1,-0.1541,1208,all
SHMT2,-0.1083,1208,all
SHOC1,0.0134,1208,all
SHOC2,-0.2581,1208,all
SHOX,0.0513,74,all
SHOX2,0.018,1208,all
SHPK,-0.0294,1208,all
SHPRH,-0.0194,1208,all
SHQ1,-0.7903,1208,all
SHROOM1,-0.0924,1208,all
SHROOM2,0.0648,1208,all
SHROOM3,-0.1018,1208,all
SHROOM4,0.0144,1208,all
SHTN1,0.0926,1208,all
SI,0.0429,1208,all
SIAE,0.2047,1208,all
SIAH1,0.0266,1208,all
SIAH2,0.054,1208,all
SIAH3,-0.0486,1208,all
SIDT1,0.065,1208,all
SIDT2,0.0102,1208,all
SIGIRR,0.0599,1208,all
SIGLEC1,-0.068,1208,all
SIGLEC10,-0.0727,1208,all
SIGLEC11,-0.2773,1208,all
SIGLEC12,-0.0172,1208,all
SIGLEC14,0.2237,320,all
SIGLEC15,-0.0213,1208,all
SIGLEC5,0.1951,1208,all
SIGLEC6,0.001,1208,all
SIGLEC7,-0.077,1208,all
SIGLEC8,-0.0867,1208,all
SIGLEC9,-0.0131,1208,all
SIGLECL1,0.0135,1208,all
SIGMAR1,-0.2141,1208,all
SIK1,-0.0429,1208,all
SIK2,0.0122,1208,all
SIK3,0.0226,1208,all
SIKE1,-0.1217,1208,all
SIL1,-0.0396,1208,all
SIM1,-0.0116,1208,all
SIM2,0.0077,1208,all
SIMC1,-0.2304,1208,all
SIN3A,-0.8829,1208,all
SIN3B,-0.0339,1208,all
SINHCAF,-0.5957,1208,all
SIPA1,-0.1395,1208,all
SIPA1L1,0.0821,1208,all
SIPA1L2,0.0112,1208,all
SIPA1L3,0.0134,1208,all
SIRPA,0.0256,383,all
SIRPB1,0.1606,1208,all
SIRPB2,-0.0156,1208,all
SIRPD,0.1205,1208,all
SIRPG,0.0415,1165,all
SIRT1,0.0347,1208,all
SIRT2,-0.1108,1208,all
SIRT3,-0.0344,1208,all
SIRT4,-0.1272,1208,all
SIRT5,-0.0144,1208,all
SIRT6,0.0708,1208,all
SIRT7,-0.1269,1208,all
SIT1,-0.0121,1208,all
SIVA1,-0.2121,1208,all
SIX1,-0.1207,1208,all
SIX2,0.0901,1208,all
SIX3,0.0217,1208,all
SIX4,-0.0273,1208,all
SIX5,-0.0844,1208,all
SIX6,-0.0155,1208,all
SKA1,-0.5311,1208,all
SKA2,-0.6316,1208,all
SKA3,-0.7422,1208,all
SKAP1,-0.1296,1208,all
SKAP2,0.0449,1208,all
SKI,-0.0525,1208,all
SKIC2,-0.242,1208,all
SKIC3,-0.1762,1208,all
SKIC8,-0.7458,1208,all
SKIDA1,0.0217,1208,all
SKIL,-0.0088,1208,all
SKOR1,-0.1078,1208,all
SKOR2,0.0941,1208,all
SKP1,-1.2813,1208,all
SKP2,-0.749,1208,all
SLA,0.0861,1208,all
SLA2,0.0951,1208,all
SLAIN1,0.0404,1208,all
SLAIN2,-0.1023,1208,all
SLAMF1,-0.083,1208,all
SLAMF6,0.0262,1208,all
SLAMF7,-0.0142,1208,all
SLAMF8,0.0046,1208,all
SLAMF9,-0.2094,1208,all
SLBP,-0.4753,1208,all
SLC10A1,0.0005,1208,all
SLC10A2,0.0791,1208,all
SLC10A3,0.0907,1208,all
SLC10A4,-0.0389,1208,all
SLC10A5,0.0677,1208,all
SLC10A6,-0.0016,1208,all
SLC10A7,-0.0518,1208,all
SLC11A1,-0.0302,1208,all
SLC11A2,-0.1388,1208,all
SLC12A1,-0.0935,1208,all
SLC12A2,0.0593,1208,all
SLC12A3,-0.0777,1208,all
SLC12A4,-0.0778,1208,all
SLC12A5,0.017,1208,all
SLC12A6,-0.0445,1208,all
SLC12A7,-0.0168,1208,all
SLC12A8,-0.0674,1208,all
SLC12A9,-0.0705,1208,all
SLC13A1,0.1291,1208,all
SLC13A2,-0.1287,1208,all
SLC13A3,0.002,1208,all
SLC13A4,0.0158,1208,all
SLC13A5,-0.0775,1208,all
SLC14A1,0.0323,1208,all
SLC14A2,-0.0702,1208,all
SLC15A1,0.081,1208,all
SLC15A2,0.0146,1208,all
SLC15A3,-0.0783,1208,all
SLC15A4,0.0239,1208,all
SLC16A1,-0.2451,1208,all
SLC16A10,0.0373,1208,all
SLC16A11,-0.0285,1208,all
SLC16A12,-0.0942,1208,all
SLC16A13,-0.0487,1208,all
SLC16A14,-0.0427,1208,all
SLC16A2,0.0045,1208,all
SLC16A3,-0.1659,1208,all
SLC16A4,-0.1448,1208,all
SLC16A5,-0.2136,1208,all
SLC16A6,-0.1667,1208,all
SLC16A7,-0.0585,1208,all
SLC16A8,-0.0386,1208,all
SLC16A9,0.0483,1208,all
SLC17A1,0.0222,1208,all
SLC17A2,0.0254,1208,all
SLC17A3,0.0171,1208,all
SLC17A4,-0.0379,1208,all
SLC17A5,-0.029,1208,all
SLC17A6,0.0418,1208,all
SLC17A7,-0.1022,1208,all
SLC17A8,0.0435,1208,all
SLC17A9,-0.0035,1208,all
SLC18A1,0.103,1208,all
SLC18A2,0.0262,1208,all
SLC18A3,-0.1033,1208,all
SLC18B1,0.0204,1208,all
SLC19A1,-0.0354,1208,all
SLC19A2,-0.0967,1208,all
SLC19A3,-0.1858,1208,all
SLC1A1,0.1091,1208,all
SLC1A2,-0.0547,1208,all
SLC1A3,0.0404,1208,all
SLC1A4,-0.0113,1208,all
SLC1A5,-0.2616,1208,all
SLC1A6,-0.0147,1208,all
SLC1A7,-0.041,1208,all
SLC20A1,-0.2988,1208,all
SLC20A2,-0.0925,1208,all
SLC22A1,0.0871,1208,all
SLC22A10,-0.0519,1208,all
SLC22A11,-0.0704,1208,all
SLC22A12,-0.0034,1208,all
SLC22A13,-0.0801,1208,all
SLC22A14,0.0424,1208,all
SLC22A15,-0.1699,1208,all
SLC22A16,0.0618,1208,all
SLC22A17,-0.2405,1208,all
SLC22A2,-0.0152,1208,all
SLC22A23,-0.0098,1208,all
SLC22A24,-0.1278,77,all
SLC22A25,-0.2342,1208,all
SLC22A3,0.062,1208,all
SLC22A31,-0.047,77,all
SLC22A4,-0.0457,1208,all
SLC22A5,-0.1378,1208,all
SLC22A6,-0.0188,1208,all
SLC22A7,-0.1005,1208,all
SLC22A8,-0.0902,1208,all
SLC22A9,-0.1316,1208,all
SLC23A1,0.0416,1208,all
SLC23A2,0.0234,1208,all
SLC23A3,-0.0033,1208,all
SLC24A1,0.0374,1208,all
SLC24A2,0.1346,1208,all
SLC24A3,0.0965,1208,all
SLC24A4,0.0832,1208,all
SLC24A5,0.0467,1208,all
SLC25A1,-0.2646,1208,all
SLC25A10,-0.3371,1208,all
SLC25A11,0.0215,1208,all
SLC25A12,0.0125,1208,all
SLC25A13,0.0052,1208,all
SLC25A14,0.1452,1208,all
SLC25A15,-0.0279,1208,all
SLC25A16,0.0268,1208,all
SLC25A17,0.0008,1208,all
SLC25A18,-0.2215,1208,all
SLC25A19,-0.2323,1208,all
SLC25A2,-0.0706,1208,all
SLC25A20,-0.1613,1208,all
SLC25A21,0.0891,1208,all
SLC25A22,-0.2049,1208,all
SLC25A23,-0.0124,1208,all
SLC25A24,-0.093,1208,all
SLC25A25,-0.1807,1208,all
SLC25A26,-0.46,1208,all
SLC25A27,-0.0732,1208,all
SLC25A28,-0.3792,1208,all
SLC25A29,-0.1006,1208,all
SLC25A3,-0.6948,1208,all
SLC25A30,-0.0234,1208,all
SLC25A31,-0.0694,1208,all
SLC25A32,-0.0129,1208,all
SLC25A33,-0.1397,1208,all
SLC25A34,-0.0717,1208,all
SLC25A35,0.0345,1208,all
SLC25A36,-0.0008,1208,all
SLC25A37,-0.0604,1208,all
SLC25A38,-0.284,1208,all
SLC25A39,-0.1299,1208,all
SLC25A4,0.0401,1208,all
SLC25A40,0.0099,1208,all
SLC25A41,-0.1936,1208,all
SLC25A42,-0.1708,1208,all
SLC25A43,0.1059,1208,all
SLC25A44,-0.0674,1208,all
SLC25A45,-0.0585,1208,all
SLC25A46,-0.0926,1208,all
SLC25A47,0.0976,1208,all
SLC25A48,-0.039,1208,all
SLC25A5,-0.3903,1208,all
SLC25A51,-0.1787,1165,all
SLC25A52,-0.1035,1208,all
SLC25A53,0.0925,1208,all
SLC25A6,0.2277,74,all
SLC26A1,0.0373,1208,all
SLC26A11,-0.0974,1208,all
SLC26A2,0.1036,1208,all
SLC26A3,0.0506,1208,all
SLC26A4,-0.0464,1208,all
SLC26A5,-0.0686,1208,all
SLC26A6,-0.0261,1208,all
SLC26A7,-0.003,1208,all
SLC26A8,-0.1533,1208,all
SLC26A9,0.0147,1208,all
SLC27A1,-0.02,1208,all
SLC27A2,-0.0966,1208,all
SLC27A3,-0.0811,1208,all
SLC27A4,-0.0342,1208,all
SLC27A5,-0.0996,1208,all
SLC27A6,0.0371,1208,all
SLC28A1,0.0272,1208,all
SLC28A2,-0.0401,1208,all
SLC28A3,0.0004,1208,all
SLC29A1,-0.0022,1208,all
SLC29A2,-0.2212,1208,all
SLC29A3,-0.0368,1208,all
SLC29A4,-0.1029,1208,all
SLC2A1,-0.4866,1208,all
SLC2A10,0.0072,1208,all
SLC2A11,-0.0313,1208,all
SLC2A12,-0.0117,1208,all
SLC2A13,-0.0952,1208,all
SLC2A14,-0.0653,1208,all
SLC2A2,-0.0011,1208,all
SLC2A3,-0.0686,1208,all
SLC2A4,-0.0449,1208,all
SLC2A4RG,0.0107,1208,all
SLC2A5,-0.029,1208,all
SLC2A6,-0.0055,1208,all
SLC2A7,-0.0294,1208,all
SLC2A8,0.1212,1208,all
SLC2A9,0.1213,1208,all
SLC30A1,0.0877,1208,all
SLC30A10,0.0098,1208,all
SLC30A2,0.0257,1208,all
SLC30A3,0.0582,1208,all
SLC30A4,0.0375,1208,all
SLC30A5,0.0085,1208,all
SLC30A6,0.0161,1208,all
SLC30A7,-0.1571,1208,all
SLC30A8,-0.0071,1208,all
SLC30A9,-0.2367,1208,all
SLC31A1,-0.2808,1208,all
SLC31A2,0.1134,1208,all
SLC32A1,-0.0343,1208,all
SLC33A1,-0.2145,1208,all
SLC34A1,-0.0072,1208,all
SLC34A2,0.0669,1208,all
SLC34A3,-0.0705,1208,all
SLC35A1,-0.1225,1208,all
SLC35A2,-0.1205,1208,all
SLC35A3,-0.1063,1208,all
SLC35A4,0.0502,1208,all
SLC35A5,-0.0401,1208,all
SLC35B1,-1.2949,1208,all
SLC35B2,-0.3114,1208,all
SLC35B3,0.1571,1208,all
SLC35B4,0.1075,1208,all
SLC35C1,-0.1085,1208,all
SLC35C2,0.0373,1208,all
SLC35D1,-0.188,1208,all
SLC35D2,-0.2695,1208,all
SLC35D3,0.1019,1208,all
SLC35E1,-0.0751,1208,all
SLC35E2B,-0.0388,1208,all
SLC35E3,-0.0691,1208,all
SLC35E4,0.0331,1208,all
SLC35F1,0.0292,1208,all
SLC35F2,-0.0901,1208,all
SLC35F3,-0.0695,1208,all
SLC35F4,-0.1637,77,all
SLC35F5,-0.0001,1208,all
SLC35F6,0.008,1208,all
SLC35G1,-0.0888,1208,all
SLC35G2,0.0941,1208,all
SLC35G3,-0.2033,1208,all
SLC35G4,0.1397,74,all
SLC35G5,0.0099,1208,all
SLC35G6,-0.0069,1165,all
SLC36A1,-0.0312,1208,all
SLC36A2,0.0883,1208,all
SLC36A3,0.0669,1208,all
SLC36A4,0.1103,1208,all
SLC37A1,-0.057,1208,all
SLC37A2,-0.0224,1208,all
SLC37A3,-0.0298,1208,all
SLC38A1,-0.1058,1208,all
SLC38A10,-0.0756,1208,all
SLC38A11,-0.0612,1208,all
SLC38A2,-0.3624,1208,all
SLC38A3,0.3547,74,all
SLC38A4,0.035,1208,all
SLC38A5,0.0036,1208,all
SLC38A6,0.091,1208,all
SLC38A7,-0.1042,1208,all
SLC38A8,0.0441,1208,all
SLC38A9,0.0685,1208,all
SLC39A1,0.006,1208,all
SLC39A10,-0.4131,1208,all
SLC39A11,-0.0674,1208,all
SLC39A12,0.131,1208,all
SLC39A13,-0.0136,1208,all
SLC39A14,-0.0941,1208,all
SLC39A2,0.061,1208,all
SLC39A3,0.0775,1208,all
SLC39A4,-0.0023,1208,all
SLC39A5,-0.0462,1208,all
SLC39A6,-0.0256,1208,all
SLC39A7,-1.1684,1208,all
SLC39A8,-0.0281,1208,all
SLC39A9,-0.095,1208,all
SLC3A1,-0.031,1208,all
SLC3A2,-0.4292,1208,all
SLC40A1,0.0375,1208,all
SLC41A1,0.0384,1208,all
SLC41A2,0.1091,1208,all
SLC41A3,-0.0636,1208,all
SLC43A1,0.0224,1208,all
SLC43A2,0.0616,1208,all
SLC43A3,-0.0581,1208,all
SLC44A1,0.0383,1208,all
SLC44A2,-0.0785,1208,all
SLC44A3,-0.2349,1208,all
SLC44A4,-0.0648,1208,all
SLC44A5,0.0974,1208,all
SLC45A1,0.0151,1208,all
SLC45A2,0.0642,1208,all
SLC45A3,-0.0332,1208,all
SLC45A4,0.0412,1208,all
SLC46A1,0.001,74,all
SLC46A2,-0.0801,1208,all
SLC46A3,-0.1068,1208,all
SLC47A1,-0.0852,1208,all
SLC47A2,-0.0424,1208,all
SLC48A1,-0.0534,1208,all
SLC49A3,0.1036,1208,all
SLC49A4,-0.0383,1208,all
SLC4A1,-0.1188,1208,all
SLC4A10,0.0131,1208,all
SLC4A11,0.0448,1208,all
SLC4A1AP,-0.1882,1208,all
SLC4A2,0.146,1208,all
SLC4A3,0.0006,1208,all
SLC4A4,0.0955,1208,all
SLC4A5,-0.3049,1208,all
SLC4A7,-0.4476,1208,all
SLC4A8,-0.0384,1208,all
SLC4A9,-0.0362,1208,all
SLC50A1,-0.0143,1208,all
SLC51A,-0.0164,1208,all
SLC51B,-0.0791,1208,all
SLC52A1,-0.0836,1208,all
SLC52A2,-0.1755,1208,all
SLC52A3,0.1059,1208,all
SLC5A1,-0.0511,1208,all
SLC5A10,0.0567,1208,all
SLC5A11,0.0049,1208,all
SLC5A12,0.0582,1208,all
SLC5A2,-0.067,1208,all
SLC5A3,-0.1631,1208,all
SLC5A4,-0.0077,1208,all
SLC5A5,-0.1729,1208,all
SLC5A6,0.0136,1208,all
SLC5A7,0.011,1208,all
SLC5A8,0.0114,1208,all
SLC5A9,-0.0842,1208,all
SLC66A1,0.0651,1208,all
SLC66A2,0.1558,1208,all
SLC66A3,0.0546,1208,all
SLC67A1,0.0408,1208,all
SLC6A1,0.02,1208,all
SLC6A11,0.043,1208,all
SLC6A12,-0.0258,1208,all
SLC6A13,0.009,1208,all
SLC6A14,0.088,1208,all
SLC6A15,0.0377,1208,all
SLC6A16,0.0383,1208,all
SLC6A17,-0.1735,1208,all
SLC6A18,0.0713,1208,all
SLC6A19,0.0559,1208,all
SLC6A2,-0.0524,1208,all
SLC6A20,-0.0346,1208,all
SLC6A3,0.0925,1208,all
SLC6A4,-0.0255,1208,all
SLC6A5,-0.018,1208,all
SLC6A6,-0.2266,1208,all
SLC6A7,-0.0663,1208,all
SLC6A8,-0.2452,1208,all
SLC6A9,-0.1079,1208,all
SLC7A1,-0.255,1208,all
SLC7A10,-0.0751,1208,all
SLC7A11,0.0453,1208,all
SLC7A13,-0.09,1208,all
SLC7A14,0.0337,1208,all
SLC7A2,0.1044,1208,all
SLC7A3,-0.0057,1208,all
SLC7A4,0.0039,1208,all
SLC7A5,-0.3181,1208,all
SLC7A6,-0.0385,1208,all
SLC7A6OS,-1.1803,1208,all
SLC7A7,0.0525,1208,all
SLC7A8,-0.0529,1208,all
SLC7A9,-0.0776,1208,all
SLC8A1,0.052,1208,all
SLC8A2,0.0126,1208,all
SLC8A3,0.0896,1208,all
SLC8B1,-0.0754,1208,all
SLC9A1,0.0229,1208,all
SLC9A2,-0.0061,1208,all
SLC9A3,-0.1407,1208,all
SLC9A4,0.006,1208,all
SLC9A5,-0.0546,1208,all
SLC9A6,0.1131,1208,all
SLC9A7,0.0177,1208,all
SLC9A8,0.1098,1208,all
SLC9A9,0.0422,1208,all
SLC9B1,-0.3419,1208,all
SLC9B2,0.1144,1208,all
SLC9C1,0.02,1208,all
SLC9C2,0.0415,1208,all
SLCO1A2,0.0537,1208,all
SLCO1B1,0.0795,1208,all
SLCO1B3,0.0331,1208,all
SLCO1C1,0.1154,1208,all
SLCO2A1,-0.1066,1208,all
SLCO2B1,0.1026,1208,all
SLCO3A1,0.0262,1208,all
SLCO4A1,-0.0964,1208,all
SLCO4C1,-0.0055,1208,all
SLCO5A1,0.0686,1208,all
SLCO6A1,0.03,1208,all
SLF1,-0.1104,1208,all
SLF2,-0.1663,1208,all
SLFN11,0.0342,1208,all
SLFN12,-0.0641,1208,all
SLFN12L,-0.0162,1208,all
SLFN13,0.0562,1208,all
SLFN14,0.1132,1208,all
SLFN5,0.0332,1208,all
SLFNL1,-0.2824,1208,all
SLIRP,-0.2702,1208,all
SLIT1,-0.0433,1208,all
SLIT2,0.0663,1208,all
SLIT3,0.1047,1208,all
SLITRK1,0.0753,1208,all
SLITRK2,0.0284,1208,all
SLITRK3,0.0417,1208,all
SLITRK4,0.0594,1208,all
SLITRK5,0.0077,1208,all
SLITRK6,0.0973,1208,all
SLK,-0.0637,1208,all
SLMAP,-0.2933,1208,all
SLN,-0.023,1090,all
SLPI,-0.0263,1208,all
SLTM,-0.0984,1208,all
SLU7,-1.2915,1208,all
SLURP1,-0.0076,1208,all
SLURP2,0.0314,1208,all
SLX4,-0.27,1208,all
SLX4IP,0.0268,1208,all
SLX9,-0.4587,1208,all
SMAD1,0.1232,1208,all
SMAD2,0.0252,1208,all
SMAD3,-0.0172,1208,all
SMAD4,-0.0583,1208,all
SMAD5,-0.088,74,all
SMAD6,-0.1087,1208,all
SMAD7,-0.1046,1208,all
SMAD9,-0.0067,1208,all
SMAGP,-0.2114,1090,all
SMAP1,0.1246,1208,all
SMAP2,0.0858,1208,all
SMARCA1,0.0315,1208,all
SMARCA2,0.0285,1208,all
SMARCA4,-0.3636,1208,all
SMARCA5,-0.3813,1208,all
SMARCAD1,0.0229,1208,all
SMARCAL1,-0.0351,1208,all
SMARCB1,-0.847,1208,all
SMARCC1,-0.2308,1208,all
SMARCC2,-0.1023,1208,all
SMARCD1,-0.216,1208,all
SMARCD2,-0.1633,1208,all
SMARCD3,0.0626,1208,all
SMARCE1,-0.6688,1208,all
SMC1A,-1.2683,1208,all
SMC1B,0.0504,1208,all
SMC2,-1.3845,1208,all
SMC3,-1.169,1208,all
SMC4,-1.3907,1208,all
SMC5,-0.6689,1208,all
SMC6,-0.5371,1208,all
SMCHD1,-0.1031,1208,all
SMCO1,0.065,1208,all
SMCO2,0.1263,1208,all
SMCO3,0.1489,1208,all
SMCO4,-0.0669,1208,all
SMCP,0.1865,1208,all
SMCR8,-0.1448,1208,all
SMDT1,-0.0062,1208,all
SMG1,-1.3609,383,all
SMG5,-1.0983,1208,all
SMG6,-1.0706,1208,all
SMG7,-0.481,1208,all
SMG8,-0.3504,1208,all
SMG9,-0.1337,1208,all
SMIM1,-0.0384,1208,all
SMIM10,-0.0026,1208,all
SMIM10L1,0.1677,74,all
SMIM10L2B,0.1989,70,all
SMIM11,-0.0232,1090,all
SMIM12,-0.0355,1208,all
SMIM13,0.0627,1208,all
SMIM14,0.0525,1208,all
SMIM15,-0.0331,1208,all
SMIM17,-0.0427,1208,all
SMIM18,0.0801,1208,all
SMIM19,0.1188,1208,all
SMIM2,0.0708,1208,all
SMIM20,-0.0051,1208,all
SMIM21,0.0949,1208,all
SMIM22,0.0846,1208,all
SMIM23,0.148,74,all
SMIM24,0.1068,1208,all
SMIM26,0.2573,70,all
SMIM27,0.2243,70,all
SMIM28,0.0177,70,all
SMIM29,-0.1109,1208,all
SMIM3,-0.1347,1208,all
SMIM31,0.1733,70,all
SMIM32,0.2188,70,all
SMIM33,0.1911,70,all
SMIM34,0.0845,70,all
SMIM38,0.2239,70,all
SMIM40,0.1113,70,all
SMIM41,0.1612,70,all
SMIM5,-0.1173,1208,all
SMIM7,-0.2921,1208,all
SMIM8,0.0672,1208,all
SMIM9,0.0519,1208,all
SMKR1,0.0085,1208,all
SMLR1,0.0354,1208,all
SMNDC1,-1.0041,1208,all
SMO,-0.0853,1208,all
SMOC1,-0.0623,1208,all
SMOC2,0.0642,1208,all
SMOX,-0.004,1208,all
SMPD1,-0.1135,1208,all
SMPD2,0.0144,1208,all
SMPD3,-0.1275,1208,all
SMPD4,-0.2395,1208,all
SMPDL3A,0.0512,1208,all
SMPDL3B,0.0005,1208,all
SMPX,0.0777,1208,all
SMR3A,-0.0432,1208,all
SMR3B,-0.4441,1207,all
SMS,-0.3262,1208,all
SMTN,-0.154,1208,all
SMTNL1,0.1062,77,all
SMTNL2,-0.0688,1208,all
SMU1,-2.996,1208,all
SMUG1,-0.3068,1208,all
SMURF1,-0.1342,1208,all
SMURF2,-0.197,1208,all
SMYD1,-0.0107,1208,all
SMYD2,0.0356,1208,all
SMYD3,0.0564,1208,all
SMYD4,-0.018,1208,all
SMYD5,-0.1113,1208,all
SNAI1,0.0538,1208,all
SNAI2,-0.1051,1208,all
SNAI3,-0.0804,1208,all
SNAP23,-0.8893,1208,all
SNAP25,0.0352,1208,all
SNAP29,-0.3152,1208,all
SNAP47,0.028,1208,all
SNAP91,-0.0294,1208,all
SNAPC1,-1.7991,1208,all
SNAPC2,-1.4765,1208,all
SNAPC3,-1.1955,1208,all
SNAPC4,-1.0236,1208,all
SNAPC5,-1.3975,1208,all
SNAPIN,-0.3291,1208,all
SNCA,0.1369,1208,all
SNCAIP,0.0183,1208,all
SNCB,0.0314,1208,all
SNCG,-0.0005,1208,all
SND1,0.0852,1208,all
SNED1,-0.0274,1208,all
SNF8,-1.1447,1208,all
SNIP1,-0.7136,1208,all
SNN,0.0067,1208,all
SNORC,-0.0857,1208,all
SNPH,0.1247,1208,all
SNRK,0.0674,1208,all
SNRNP200,-2.6569,1208,all
SNRNP25,-1.6969,1208,all
SNRNP27,-1.2771,1208,all
SNRNP35,-1.5927,1208,all
SNRNP40,-0.87,1208,all
SNRNP48,-0.4336,1208,all
SNRNP70,-1.2107,1208,all
SNRPA,-0.3582,1208,all
SNRPA1,-3.1879,1208,all
SNRPB,-1.9485,1208,all
SNRPB2,-0.7578,1208,all
SNRPC,-1.1008,1208,all
SNRPD1,-2.9526,1208,all
SNRPD2,-2.3442,1208,all
SNRPD3,-5.0851,383,all
SNRPE,-2.0049,1047,all
SNRPF,-3.2303,1208,all
SNRPG,-2.3662,1090,all
SNRPN,-0.0659,1208,all
SNTA1,-0.1498,1208,all
SNTB1,0.0492,1208,all
SNTB2,-0.0865,1208,all
SNTG1,0.0741,1208,all
SNTG2,0.1123,1208,all
SNTN,0.024,1208,all
SNU13,-1.9449,1208,all
SNUPN,-1.0302,1208,all
SNURF,-0.0165,1208,all
SNW1,-1.5334,1208,all
SNX1,-0.0802,1208,all
SNX10,0.0513,1208,all
SNX11,0.0273,1208,all
SNX12,-0.1084,1208,all
SNX13,0.101,1208,all
SNX14,-0.064,1208,all
SNX15,-0.079,1208,all
SNX16,-0.0181,1208,all
SNX17,-0.1899,1208,all
SNX18,-0.0846,1208,all
SNX19,-0.0508,1208,all
SNX2,0.1238,1208,all
SNX20,0.1293,1208,all
SNX21,-0.0523,1208,all
SNX22,-0.1402,1208,all
SNX24,0.0914,1208,all
SNX25,0.0064,1208,all
SNX27,-0.0997,1208,all
SNX29,0.0712,1208,all
SNX3,0.0672,1208,all
SNX30,0.1091,1208,all
SNX31,0.0034,1208,all
SNX32,-0.2309,1208,all
SNX33,0.0394,1208,all
SNX4,-0.0276,1208,all
SNX5,-0.0904,1208,all
SNX6,-0.089,1208,all
SNX7,-0.0378,1208,all
SNX8,-0.0042,1208,all
SNX9,0.0578,1208,all
SOAT1,0.0447,1208,all
SOAT2,-0.0651,1208,all
SOBP,-0.0081,1208,all
SOCS1,-0.02,1208,all
SOCS2,0.0007,1208,all
SOCS3,-0.1903,1208,all
SOCS4,-0.084,1208,all
SOCS5,-0.2313,1208,all
SOCS6,0.0158,1208,all
SOCS7,-0.0384,1208,all
SOD1,-1.7511,1208,all
SOD2,-0.9918,1208,all
SOD3,0.1067,1208,all
SOHLH1,-0.0569,1208,all
SOHLH2,0.0934,1208,all
SON,-0.9882,1208,all
SORBS1,0.1083,1208,all
SORBS2,0.0801,1208,all
SORBS3,0.0518,1208,all
SORCS1,0.018,1208,all
SORCS2,0.0513,1208,all
SORCS3,-0.0096,1208,all
SORD,0.0101,1208,all
SORL1,0.0091,1208,all
SORT1,-0.1383,1208,all
SOS1,-0.2849,1208,all
SOS2,-0.0822,1208,all
SOST,0.0194,1208,all
SOSTDC1,0.0841,1208,all
SOWAHA,0.0035,1208,all
SOWAHB,-0.1122,1208,all
SOWAHC,-0.2916,1208,all
SOWAHD,0.057,1208,all
SOX1,0.1018,1208,all
SOX10,-0.3941,1208,all
SOX11,-0.0291,1208,all
SOX12,0.0916,1208,all
SOX13,0.113,1208,all
SOX14,0.0207,1208,all
SOX15,-0.2242,1208,all
SOX17,0.0072,1208,all
SOX18,0.062,1208,all
SOX2,-0.1578,1208,all
SOX21,0.0758,1208,all
SOX3,-0.0602,1208,all
SOX30,-0.1188,1208,all
SOX4,-0.0235,1208,all
SOX5,-0.0584,1208,all
SOX6,-0.0181,1208,all
SOX7,0.0029,1208,all
SOX8,0.0255,1208,all
SOX9,-0.323,1208,all
SP1,-0.2085,1208,all
SP100,0.1109,1208,all
SP110,-0.0277,1208,all
SP140,0.1103,1208,all
SP140L,0.1018,1208,all
SP2,-0.2897,1208,all
SP3,-0.1791,1208,all
SP4,0.0611,1208,all
SP5,-0.1011,1208,all
SP6,-0.0826,1208,all
SP7,-0.127,1208,all
SP8,-0.0521,1208,all
SP9,-0.1208,1208,all
SPA17,0.1356,1208,all
SPAAR,0.0839,70,all
SPACA1,-0.0255,1208,all
SPACA3,-0.0649,1208,all
SPACA4,-0.0235,1208,all
SPACA6,0.1346,70,all
SPACA7,-0.175,1208,all
SPACA9,-0.0922,1208,all
SPACDR,-0.1774,1208,all
SPADH,0.0582,70,all
SPAG1,0.0637,1208,all
SPAG16,0.0172,1208,all
SPAG17,-0.0916,1208,all
SPAG4,-0.181,1208,all
SPAG5,-0.4246,1208,all
SPAG6,-0.0358,1208,all
SPAG7,-0.0764,1208,all
SPAG8,-0.1334,1208,all
SPAG9,-0.2189,1208,all
SPAM1,0.0661,1208,all
SPANXB1,0.0024,1090,all
SPANXN1,0.0274,1090,all
SPANXN2,0.0599,1208,all
SPANXN3,-0.0791,1208,all
SPANXN4,0.1173,1208,all
SPANXN5,0.1315,1090,all
SPARC,0.0486,1208,all
SPARCL1,-0.0203,1208,all
SPART,0.0581,1208,all
SPAST,0.0251,1208,all
SPATA1,0.0514,70,all
SPATA12,0.0171,1208,all
SPATA13,-0.1625,1208,all
SPATA16,0.0119,1208,all
SPATA17,0.0321,1208,all
SPATA18,0.0338,1208,all
SPATA19,0.0996,1208,all
SPATA2,0.0391,1208,all
SPATA20,-0.0877,1208,all
SPATA21,-0.0878,1208,all
SPATA22,-0.0299,1208,all
SPATA24,-0.0568,1208,all
SPATA25,-0.0145,1208,all
SPATA2L,-0.0536,1208,all
SPATA3,0.0075,1208,all
SPATA31A1,0.0449,1047,all
SPATA31A3,-0.0974,1046,all
SPATA31A6,-0.3825,1047,all
SPATA31A7,-0.2955,1046,all
SPATA31C2,0.1417,74,all
SPATA31D1,0.4258,383,all
SPATA31E1,0.0904,1208,all
SPATA31F1,-0.0722,1208,all
SPATA31F3,0.1124,70,all
SPATA31G1,-0.0753,1208,all
SPATA32,-0.0554,1208,all
SPATA33,-0.0865,1208,all
SPATA4,0.0557,1208,all
SPATA45,0.0399,1208,all
SPATA46,-0.0078,1208,all
SPATA6,0.0759,1208,all
SPATA6L,0.0212,1208,all
SPATA7,0.0122,1208,all
SPATA9,-0.0132,1208,all
SPATC1,0.0142,1208,all
SPATC1L,-0.0676,1208,all
SPATS1,-0.1792,1208,all
SPATS2,0.1552,1208,all
SPATS2L,0.0668,1208,all
SPC24,-2.5945,1208,all
SPC25,-1.6745,1208,all
SPCS1,-0.1617,1208,all
SPCS2,-0.8408,1208,all
SPCS3,-0.9975,1208,all
SPDEF,0.042,1208,all
SPDL1,-1.1554,1208,all
SPDYA,-0.0038,1208,all
SPDYE1,-0.914,1165,all
SPDYE3,-0.2425,77,all
SPDYE4,-0.0951,1208,all
SPECC1,0.1045,1208,all
SPECC1L,-0.2027,1208,all
SPEF1,-0.1804,1208,all
SPEF2,0.0682,1208,all
SPEG,0.0191,1208,all
SPEM1,-0.0304,1208,all
SPEM2,0.0574,1208,all
SPEM3,-0.0238,70,all
SPEN,0.0232,1208,all
SPESP1,0.0312,1208,all
SPG11,-0.072,1208,all
SPG21,-0.2143,1208,all
SPG7,0.0445,1208,all
SPHK1,-0.0775,1208,all
SPHK2,-0.1545,1208,all
SPHKAP,0.0612,1208,all
SPI1,-0.0905,1208,all
SPIB,0.0236,1208,all
SPIC,-0.3136,1208,all
SPICE1,-0.2787,1208,all
SPIDR,-0.1157,1208,all
SPIN1,0.0161,1208,all
SPIN3,0.0888,1208,all
SPIN4,0.0685,1208,all
SPINDOC,-0.0618,1208,all
SPINK1,0.0214,1208,all
SPINK13,0.0216,1208,all
SPINK14,-0.1398,1208,all
SPINK2,0.053,1208,all
SPINK4,0.0118,1208,all
SPINK5,0.0803,1208,all
SPINK6,0.0731,1208,all
SPINK7,0.0175,1208,all
SPINK8,-0.0211,1208,all
SPINK9,0.0486,1208,all
SPINT1,-0.2278,1208,all
SPINT2,-0.1258,1208,all
SPINT3,0.0059,1208,all
SPINT4,0.0718,1208,all
SPIRE1,0.0928,1208,all
SPIRE2,-0.0253,1208,all
SPMAP1,-0.1946,1208,all
SPMAP2,0.0063,1208,all
SPMAP2L,-0.1162,1208,all
SPMIP1,-0.0658,74,all
SPMIP10,0.0093,1208,all
SPMIP11,-0.0817,70,all
SPMIP2,0.0709,1208,all
SPMIP3,-0.1326,1208,all
SPMIP4,0.0761,1208,all
SPMIP5,0.0468,1208,all
SPMIP6,-0.1504,1208,all
SPMIP7,0.0712,1208,all
SPMIP8,0.0905,1208,all
SPMIP9,-0.0034,1208,all
SPN,-0.0101,1208,all
SPNS1,-0.2909,1208,all
SPNS2,-0.0948,1208,all
SPNS3,0.0112,1208,all
SPO11,0.1002,1208,all
SPOCD1,-0.1578,1208,all
SPOCK1,0.0058,1208,all
SPOCK2,-0.0398,1208,all
SPOCK3,0.1196,1208,all
SPON1,-0.1236,74,all
SPOP,-0.0773,1208,all
SPOPL,-0.0685,1208,all
SPOUT1,-1.6242,1208,all
SPP1,0.0778,1208,all
SPP2,0.1253,1208,all
SPPL2A,0.0213,1208,all
SPPL2B,-0.0189,74,all
SPPL2C,-0.1627,1208,all
SPPL3,0.0945,1208,all
SPR,-0.0796,1208,all
SPRED1,0.1785,1208,all
SPRED2,0.1207,1208,all
SPRED3,-0.0977,1208,all
SPRING1,-0.2469,1208,all
SPRN,0.0002,1208,all
SPRR1A,-0.163,381,all
SPRR1B,-0.4485,381,all
SPRR2F,0.0079,381,all
SPRR2G,-0.5253,1165,all
SPRR3,0.0563,1208,all
SPRR4,-0.0008,1208,all
SPRTN,-0.7181,1208,all
SPRY1,0.0899,1208,all
SPRY2,0.1352,1208,all
SPRY3,0.1368,1208,all
SPRY4,0.0073,1208,all
SPRYD3,-0.106,1208,all
SPRYD4,-0.4044,1208,all
SPRYD7,0.1351,1208,all
SPSB1,-0.0162,1208,all
SPSB2,0.0241,1208,all
SPSB3,-0.0262,1208,all
SPSB4,0.0605,1208,all
SPTA1,-0.0354,1208,all
SPTAN1,-0.1474,1208,all
SPTB,-0.1001,1208,all
SPTBN1,0.0151,1208,all
SPTBN2,-0.0485,1208,all
SPTBN4,-0.0685,1208,all
SPTBN5,-0.0502,1208,all
SPTLC1,-0.7621,1208,all
SPTLC2,-0.185,1208,all
SPTLC3,0.0596,1208,all
SPTSSA,-0.4326,1208,all
SPTSSB,0.0073,1208,all
SPTY2D1,0.0645,1208,all
SPX,0.0761,1208,all
SPZ1,-0.01,1208,all
SQLE,-0.1421,1208,all
SQOR,-0.0744,1208,all
SQSTM1,-0.1103,1208,all
SRA1,0.0169,1208,all
SRARP,-0.0277,1208,all
SRBD1,-1.7344,1208,all
SRC,-0.1123,1208,all
SRCAP,-0.9266,1208,all
SRCIN1,-0.1499,1208,all
SRD5A1,0.0303,1208,all
SRD5A2,0.286,74,all
SRD5A3,-0.2937,1208,all
SREBF1,-0.4018,1208,all
SREBF2,-0.1193,1208,all
SREK1,-0.3148,1208,all
SREK1IP1,-0.1065,1208,all
SRF,-0.6032,1208,all
SRFBP1,-0.8297,1208,all
SRGAP1,0.0068,1208,all
SRGAP2,0.2109,74,all
SRGAP3,0.034,1208,all
SRGN,-0.0794,1208,all
SRI,-0.1603,1208,all
SRL,0.0919,1208,all
SRM,-0.1423,1208,all
SRMS,0.0614,1208,all
SRP14,-1.2016,1208,all
SRP19,-1.438,1208,all
SRP54,-2.0766,1208,all
SRP68,-0.7667,1208,all
SRP72,-1.0358,1208,all
SRP9,-0.9643,1208,all
SRPK1,-0.0601,1208,all
SRPK2,-0.086,1208,all
SRPK3,0.0054,1208,all
SRPRA,-0.6704,1208,all
SRPRB,-0.5943,1208,all
SRPX,0.1195,1208,all
SRPX2,-0.032,1208,all
SRR,0.0067,1208,all
SRRD,-0.2521,1208,all
SRRM1,-0.848,1208,all
SRRM2,-0.454,1208,all
SRRM4,-0.0134,1208,all
SRRM5,0.0166,1208,all
SRRT,-0.8493,1208,all
SRSF1,-1.5945,1208,all
SRSF10,-0.7418,1208,all
SRSF11,-1.123,1208,all
SRSF12,0.0194,1208,all
SRSF2,-2.6133,1208,all
SRSF3,-2.725,1208,all
SRSF4,-0.1991,1208,all
SRSF5,-0.1029,1208,all
SRSF6,-0.7202,1208,all
SRSF7,-2.1601,1208,all
SRSF8,0.1254,70,all
SRSF9,-0.2251,1208,all
SRXN1,-0.0613,1208,all
SRY,0.3872,383,all
SS18,0.0395,1208,all
SS18L1,0.0108,1208,all
SS18L2,-2.5378,1208,all
SSB,-0.6539,1208,all
SSBP1,-0.4701,1208,all
SSBP2,-0.0759,1208,all
SSBP3,-0.4311,1208,all
SSBP4,-0.2246,1208,all
SSC4D,-0.0845,1208,all
SSC5D,-0.0409,1208,all
SSH1,-0.1792,1208,all
SSH2,-0.2101,1208,all
SSH3,0.0085,1208,all
SSMEM1,0.1804,1208,all
SSNA1,-0.0268,1208,all
SSPN,-0.0372,1208,all
SSR1,-0.0536,1208,all
SSR2,-0.2219,1208,all
SSR3,-0.1156,1208,all
SSR4,-0.1171,1208,all
SSRP1,-1.2714,1208,all
SST,0.1073,1208,all
SSTR1,-0.0385,1208,all
SSTR2,-0.1086,1208,all
SSTR3,-0.0169,1208,all
SSTR4,0.0644,1208,all
SSTR5,0.0331,1208,all
SSU72,-1.4093,1208,all
SSUH2,0.0686,1208,all
SSX1,-0.1282,1208,all
SSX2IP,0.0016,1208,all
SSX3,-0.0754,1208,all
SSX5,-0.2291,1208,all
SSX7,-0.1188,1208,all
ST13,-0.1109,383,all
ST14,0.0512,1208,all
ST18,0.029,1208,all
ST3GAL1,-0.2684,1208,all
ST3GAL2,-0.0373,1208,all
ST3GAL3,-0.0872,1208,all
ST3GAL4,0.1063,1208,all
ST3GAL5,0.0517,1208,all
ST3GAL6,-0.0625,1208,all
ST6GAL1,0.1369,1208,all
ST6GAL2,-0.1611,1208,all
ST6GALNAC1,-0.1106,1208,all
ST6GALNAC2,-0.0339,1208,all
ST6GALNAC3,-0.0258,1208,all
ST6GALNAC4,-0.0832,1208,all
ST6GALNAC5,0.0352,1208,all
ST6GALNAC6,-0.0921,1208,all
ST7,-0.042,1208,all
ST7L,-0.1209,1208,all
ST8SIA1,-0.0124,1208,all
ST8SIA2,0.0691,1208,all
ST8SIA3,0.0001,1208,all
ST8SIA4,0.032,1208,all
ST8SIA5,-0.0578,1208,all
ST8SIA6,-0.0335,1208,all
STAB1,-0.0693,1208,all
STAB2,0.0004,1208,all
STAC,0.0495,1208,all
STAC2,-0.0177,1208,all
STAC3,-0.1546,1208,all
STAG1,-0.1726,1208,all
STAG2,-0.33,1208,all
STAG3,-0.0657,1208,all
STAM,0.0972,1208,all
STAM2,-0.0375,1208,all
STAMBP,-0.4442,1208,all
STAMBPL1,0.062,1208,all
STAP1,0.0833,1208,all
STAP2,0.0521,1208,all
STAR,0.0084,1208,all
STARD10,-0.0129,1208,all
STARD13,0.0479,1208,all
STARD3,-0.159,1208,all
STARD3NL,0.0514,1208,all
STARD4,0.0,1208,all
STARD5,0.0663,1208,all
STARD6,0.0625,1208,all
STARD7,-0.4429,1208,all
STARD8,-0.0454,1208,all
STARD9,-0.1312,1208,all
STAT1,0.0391,1208,all
STAT2,-0.0766,1208,all
STAT3,-0.113,1208,all
STAT4,0.0063,1208,all
STAT5A,-0.2872,1208,all
STAT5B,-0.1746,1208,all
STAT6,-0.118,1208,all
STATH,0.1042,1208,all
STAU1,0.0014,1208,all
STAU2,0.0191,1208,all
STBD1,0.0261,1208,all
STC1,0.0542,1208,all
STC2,0.0599,1208,all
STEAP1,0.1237,1090,all
STEAP1B,0.07,1165,all
STEAP2,-0.1977,1208,all
STEAP3,-0.1328,1208,all
STEAP4,0.201,1208,all
STEEP1,-0.2521,1208,all
STH,-0.0954,1208,all
STIL,-0.5447,1208,all
STIM1,-0.0633,1208,all
STIM2,-0.0361,1208,all
STIMATE,-0.07,1208,all
STING1,0.0202,1208,all
STIP1,-0.2482,1208,all
STK10,0.0317,1208,all
STK11,-0.1891,1208,all
STK11IP,0.0939,1208,all
STK16,-0.0126,1208,all
STK17A,-0.0214,1208,all
STK17B,-0.022,1208,all
STK24,0.0863,1208,all
STK25,-0.0195,1208,all
STK26,0.1449,1208,all
STK3,-0.2101,1208,all
STK31,0.1225,1208,all
STK32A,0.0743,1208,all
STK32B,0.0493,1208,all
STK32C,0.0767,1208,all
STK33,0.1238,1208,all
STK35,-0.0433,1208,all
STK36,-0.0791,1208,all
STK38,0.0381,1208,all
STK38L,0.0212,1208,all
STK39,-0.0812,1208,all
STK4,-0.026,1208,all
STK40,-0.1933,1208,all
STKLD1,-0.1102,1208,all
STMN1,-0.0293,1208,all
STMN2,-0.0469,1208,all
STMN3,-0.0748,1208,all
STMN4,0.008,1208,all
STMND1,0.0923,1208,all
STMP1,-0.0075,1090,all
STN1,-0.4669,1208,all
STOM,0.0628,1208,all
STOML1,-0.0221,1208,all
STOML2,-0.1088,1208,all
STOML3,0.1441,1208,all
STON1,0.082,1208,all
STON2,0.1569,1208,all
STOX1,-0.1149,1208,all
STOX2,0.1252,1208,all
STPG1,-0.0196,1208,all
STPG2,-0.0612,1208,all
STPG3,0.0152,1208,all
STPG4,0.1107,1208,all
STRA6,-0.0017,1208,all
STRA8,-0.0115,1208,all
STRADA,-0.1215,1208,all
STRADB,-0.0599,1208,all
STRAP,-0.8371,1208,all
STRBP,-0.0397,1208,all
STRC,-0.2032,1208,all
STRIP1,-0.4423,1208,all
STRIP2,-0.0393,1208,all
STRIT1,0.2385,70,all
STRN,-0.0159,1208,all
STRN3,-0.162,1208,all
STRN4,-0.0997,1208,all
STS,0.0419,1208,all
STT3A,-0.2783,1208,all
STT3B,-0.2258,1208,all
STUB1,-0.2336,1208,all
STUM,-0.0278,1208,all
STX10,-0.1804,1208,all
STX11,0.0647,1208,all
STX12,-0.0975,1208,all
STX16,0.0581,1208,all
STX17,0.119,1208,all
STX18,-1.0553,1208,all
STX19,0.1129,1208,all
STX1A,0.042,1208,all
STX1B,-0.0936,1208,all
STX2,-0.0628,1208,all
STX3,0.0419,1208,all
STX4,-0.3946,1208,all
STX5,-1.1328,1208,all
STX6,0.0306,1208,all
STX7,0.086,1208,all
STX8,0.0099,1208,all
STXBP1,-0.2073,1208,all
STXBP2,-0.0413,1208,all
STXBP3,-0.3562,1208,all
STXBP4,0.0379,1208,all
STXBP5,0.0576,1208,all
STXBP5L,-0.0868,1208,all
STXBP6,0.0454,1208,all
STYK1,0.0763,1208,all
STYX,-0.0016,1208,all
STYXL1,0.0287,1208,all
STYXL2,0.0234,1208,all
SUB1,-0.1039,1208,all
SUCLA2,-0.2799,1208,all
SUCLG1,-0.1752,1208,all
SUCLG2,-0.0396,1208,all
SUCNR1,0.0549,1208,all
SUCO,-0.1434,1208,all
SUDS3,-0.4651,1208,all
SUFU,0.0485,1208,all
SUGCT,-0.0236,1208,all
SUGP1,-0.7629,1208,all
SUGP2,-0.2222,1208,all
SUGT1,-0.6453,1208,all
SULF1,0.0295,1208,all
SULF2,0.0046,1208,all
SULT1A1,-0.1095,1208,all
SULT1A2,0.1073,1208,all
SULT1B1,-0.0137,1208,all
SULT1C2,-0.059,1208,all
SULT1C3,0.0089,1208,all
SULT1C4,-0.0072,1208,all
SULT1E1,0.0371,1208,all
SULT2A1,-0.0261,1208,all
SULT2B1,-0.2069,1208,all
SULT4A1,0.0023,1208,all
SULT6B1,-0.1472,1208,all
SUMF1,0.0891,1208,all
SUMF2,0.0136,1208,all
SUMO1,-0.1905,1208,all
SUMO2,-0.8847,317,all
SUMO3,0.1022,1208,all
SUMO4,0.0107,380,all
SUN1,0.0933,1208,all
SUN2,-0.0585,1208,all
SUN3,0.0806,1207,all
SUN5,-0.1778,1208,all
SUOX,-0.2107,1208,all
SUPT16H,-1.763,1208,all
SUPT20H,-0.1235,1208,all
SUPT20HL1,0.1231,73,all
SUPT20HL2,0.0265,74,all
SUPT3H,-0.1134,1208,all
SUPT4H1,-0.6692,1208,all
SUPT5H,-1.5066,1208,all
SUPT6H,-1.9151,1208,all
SUPT7L,-0.0981,1208,all
SUPV3L1,-1.0419,1208,all
SURF1,-0.12,1208,all
SURF2,-0.0403,1208,all
SURF4,-0.2017,1208,all
SURF6,-0.7055,1208,all
SUSD1,0.057,1208,all
SUSD2,-0.0888,1208,all
SUSD3,0.0577,1208,all
SUSD4,-0.1169,1208,all
SUSD5,-0.0228,1208,all
SUSD6,0.1241,1208,all
SUV39H1,-0.058,1208,all
SUV39H2,-0.0051,1208,all
SUZ12,-0.4053,1208,all
SV2A,-0.2664,1208,all
SV2B,0.1178,1208,all
SV2C,-0.1221,1208,all
SVBP,-0.1308,1208,all
SVEP1,-0.04,1208,all
SVIL,0.0348,1208,all
SVIP,-0.069,1208,all
SVOP,0.1171,74,all
SVOPL,0.0062,1208,all
SWAP70,0.0995,1208,all
SWI5,-0.1563,1090,all
SWSAP1,-0.1383,1208,all
SWT1,-0.0919,1208,all
SYAP1,0.0348,1208,all
SYBU,0.0758,1208,all
SYCE1,0.0865,1208,all
SYCE1L,-0.0098,1208,all
SYCE2,-0.0532,1208,all
SYCE3,-0.0372,1208,all
SYCN,-0.0081,1208,all
SYCP1,-0.0672,1208,all
SYCP2,0.077,1208,all
SYCP2L,0.0371,1208,all
SYCP3,0.0024,1208,all
SYDE1,-0.0384,1208,all
SYDE2,-0.1343,1208,all
SYF2,-1.0248,1208,all
SYK,0.0115,1208,all
SYMPK,-1.1454,1208,all
SYN1,0.0681,1208,all
SYN2,0.0413,74,all
SYN3,0.0351,1208,all
SYNC,-0.0229,1208,all
SYNCRIP,-0.3598,1208,all
SYNDIG1,0.1868,1208,all
SYNDIG1L,-0.0503,1208,all
SYNE1,-0.0472,1208,all
SYNE2,0.0176,1208,all
SYNE3,0.036,1208,all
SYNE4,-0.1124,1208,all
SYNGAP1,-0.0573,1208,all
SYNGR1,-0.0882,1208,all
SYNGR2,-0.126,1208,all
SYNGR3,0.0079,1208,all
SYNGR4,0.0029,1208,all
SYNJ1,0.0799,1208,all
SYNJ2,0.1537,1208,all
SYNJ2BP,0.0535,1208,all
SYNM,0.0142,77,all
SYNPO,0.1384,1208,all
SYNPO2,0.1053,1208,all
SYNPO2L,-0.2585,1208,all
SYNPR,-0.0568,1208,all
SYNRG,-0.033,1208,all
SYP,0.018,1208,all
SYPL1,0.0666,1208,all
SYPL2,-0.1928,1208,all
SYS1,-1.4304,1208,all
SYT1,0.0655,1208,all
SYT10,0.1121,1208,all
SYT11,-0.14,1208,all
SYT12,-0.1249,1208,all
SYT13,0.0442,1208,all
SYT14,0.0442,1208,all
SYT16,-0.003,1208,all
SYT17,-0.0196,1208,all
SYT2,-0.2138,1208,all
SYT3,-0.0912,1208,all
SYT4,0.1497,1208,all
SYT5,-0.1318,1208,all
SYT6,-0.04,1208,all
SYT7,-0.1434,1208,all
SYT8,0.1023,1208,all
SYT9,0.0359,1208,all
SYTL1,-0.0361,1208,all
SYTL2,0.0761,1208,all
SYTL3,0.1068,1208,all
SYTL4,0.0387,1208,all
SYTL5,0.1066,1208,all
SYVN1,-0.4385,1208,all
SZRD1,-0.1197,1208,all
SZT2,-0.1302,1208,all
TAAR1,0.0972,1208,all
TAAR2,-0.0135,1208,all
TAAR5,0.0589,1208,all
TAAR6,0.0494,1208,all
TAAR8,0.1058,1208,all
TAAR9,0.0642,74,all
TAB1,0.0575,1208,all
TAB2,0.0024,1208,all
TAB3,0.0984,1208,all
TAC1,0.0657,1208,all
TAC3,-0.1017,1208,all
TAC4,-0.1234,1208,all
TACC1,-0.0175,1208,all
TACC2,-0.0011,1208,all
TACC3,-0.5751,1208,all
TACO1,-0.0693,1208,all
TACR1,-0.1885,1208,all
TACR2,-0.0076,1208,all
TACR3,-0.0465,1208,all
TACSTD2,-0.0928,1208,all
TADA1,-0.2554,1208,all
TADA2A,-0.5473,1208,all
TADA2B,-0.2296,1208,all
TADA3,-0.3821,1208,all
TAF1,-0.6266,1208,all
TAF10,-0.6934,1208,all
TAF11,-0.2174,1208,all
TAF12,-0.6214,1208,all
TAF13,-0.4348,1208,all
TAF15,-0.001,1208,all
TAF1A,-0.5112,1208,all
TAF1B,-0.7342,1208,all
TAF1C,-1.2829,1208,all
TAF1D,-0.5701,1208,all
TAF1L,0.0383,1208,all
TAF2,-0.7575,1208,all
TAF3,-0.2413,1208,all
TAF4,-0.2844,1208,all
TAF4B,-0.0119,1208,all
TAF5,-0.8909,1208,all
TAF5L,-0.2567,1208,all
TAF6,-1.5052,1208,all
TAF6L,-0.3858,1208,all
TAF7,-0.9024,1208,all
TAF7L,-0.0856,1208,all
TAF8,-1.0003,1208,all
TAF9,-0.11,1208,all
TAF9B,-0.0442,1208,all
TAFA1,0.0628,1208,all
TAFA2,0.0746,1208,all
TAFA3,-0.1854,1208,all
TAFA4,0.0624,1208,all
TAFA5,0.0976,1208,all
TAFAZZIN,-0.4597,1208,all
TAGAP,0.1329,1208,all
TAGLN,-0.0576,1208,all
TAGLN2,-0.1062,1208,all
TAGLN3,-0.1197,1208,all
TAL1,-0.112,1208,all
TAL2,-0.0003,1208,all
TALDO1,-0.0739,1208,all
TAMALIN,-0.245,1208,all
TAMM41,-0.9454,1208,all
TANC1,0.0164,1208,all
TANC2,0.011,1208,all
TANGO2,-0.1147,1208,all
TANGO6,-1.4886,1208,all
TANK,-0.0582,1208,all
TAOK1,0.1447,1208,all
TAOK2,0.0099,1208,all
TAOK3,-0.0446,1208,all
TAP1,-0.1241,1208,all
TAP2,0.0622,1208,all
TAPBP,-0.1224,1208,all
TAPBPL,0.0582,1208,all
TAPT1,-0.1954,1208,all
TARBP1,-0.0132,1208,all
TARBP2,-0.1393,1208,all
TARDBP,-1.2324,1208,all
TARM1,-0.016,1208,all
TARS1,-2.1245,1208,all
TARS2,-0.723,1208,all
TARS3,0.0593,1208,all
TAS1R1,-0.0345,1208,all
TAS1R2,-0.0599,1208,all
TAS1R3,-0.0011,1208,all
TAS2R1,0.1135,1208,all
TAS2R10,-0.1367,1208,all
TAS2R13,0.09,1208,all
TAS2R14,0.0499,1208,all
TAS2R16,0.0786,1208,all
TAS2R19,0.0853,1208,all
TAS2R20,0.0906,1208,all
TAS2R3,0.1218,1208,all
TAS2R30,0.0403,1208,all
TAS2R31,0.1369,1208,all
TAS2R38,-0.0242,1208,all
TAS2R39,0.0537,1208,all
TAS2R4,0.0048,1208,all
TAS2R40,0.0852,1208,all
TAS2R41,0.046,1208,all
TAS2R42,0.2835,1208,all
TAS2R43,-0.0071,1208,all
TAS2R46,-0.113,1208,all
TAS2R5,0.0381,1208,all
TAS2R50,0.0478,1208,all
TAS2R60,0.0384,1208,all
TAS2R7,0.0468,1208,all
TAS2R8,0.1237,1208,all
TAS2R9,0.0668,1208,all
TASL,0.1289,1208,all
TASOR,-0.0008,1208,all
TASOR2,-0.0408,1208,all
TASP1,-0.1201,1208,all
TAT,0.0001,1208,all
TATDN1,0.0261,1208,all
TATDN2,-0.0405,1208,all
TATDN3,-0.055,1208,all
TAX1BP1,-0.0412,1208,all
TAX1BP3,-0.1326,1208,all
TBATA,-0.0044,1208,all
TBC1D1,-0.0367,1208,all
TBC1D10A,-0.1488,1208,all
TBC1D10B,-0.1446,1208,all
TBC1D10C,-0.2409,1208,all
TBC1D12,0.0486,1208,all
TBC1D13,-0.0912,1208,all
TBC1D14,0.0377,1208,all
TBC1D15,0.0942,1208,all
TBC1D16,-0.1135,1208,all
TBC1D17,-0.0723,1208,all
TBC1D19,0.2017,1208,all
TBC1D2,0.0711,1208,all
TBC1D20,-0.1207,1208,all
TBC1D21,0.0293,1208,all
TBC1D22A,0.0387,1208,all
TBC1D22B,-0.1583,1208,all
TBC1D23,-0.1025,1208,all
TBC1D24,-0.0537,1208,all
TBC1D25,0.0121,1208,all
TBC1D26,0.1429,1165,all
TBC1D28,-0.2999,1165,all
TBC1D2B,-0.0237,1208,all
TBC1D30,-0.131,1208,all
TBC1D31,-0.1047,1208,all
TBC1D32,0.0054,1208,all
TBC1D4,0.1113,1208,all
TBC1D5,-0.1211,1208,all
TBC1D7,0.1071,1208,all
TBC1D8,-0.1337,1208,all
TBC1D8B,0.0405,1208,all
TBC1D9,-0.0163,1208,all
TBC1D9B,-0.0346,1208,all
TBCA,-1.1415,1208,all
TBCB,-1.2663,1208,all
TBCC,-0.8974,1208,all
TBCCD1,0.0591,1208,all
TBCD,-1.0527,1208,all
TBCE,-0.5461,1208,all
TBCEL,0.0246,1208,all
TBCK,0.0682,1208,all
TBK1,-0.0091,1208,all
TBKBP1,-0.2153,1208,all
TBL1X,0.0983,1208,all
TBL1XR1,-0.3712,1208,all
TBL1Y,0.5222,383,all
TBL2,-0.1084,1208,all
TBL3,-1.173,1208,all
TBP,-0.6646,1208,all
TBPL1,0.1285,1208,all
TBR1,0.0388,1208,all
TBRG1,0.0284,1208,all
TBRG4,-0.1401,1208,all
TBX1,-0.1361,1208,all
TBX10,-0.1371,1208,all
TBX15,-0.1239,1208,all
TBX18,0.0063,1208,all
TBX19,0.0219,1208,all
TBX2,-0.1728,1208,all
TBX20,0.1032,1208,all
TBX21,-0.1089,1208,all
TBX22,0.0073,1208,all
TBX3,-0.11,1208,all
TBX4,-0.0809,1208,all
TBX5,-0.0382,1208,all
TBX6,-0.1172,1208,all
TBXA2R,0.0413,1208,all
TBXAS1,-0.0047,1208,all
TBXT,0.0762,1208,all
TC2N,0.0422,1208,all
TCAF1,-0.0244,1208,all
TCAF2,0.1275,77,all
TCAIM,0.0561,1208,all
TCAP,-0.1083,1208,all
TCEA1,-0.1534,1208,all
TCEA2,-0.0533,1208,all
TCEA3,-0.0498,1208,all
TCEAL1,-0.0339,1208,all
TCEAL2,0.0823,1208,all
TCEAL3,-0.0517,1208,all
TCEAL4,0.0342,1208,all
TCEAL5,-0.052,1208,all
TCEAL7,0.0465,1208,all
TCEAL8,0.0285,1208,all
TCEAL9,-0.1604,1208,all
TCEANC,0.0947,1208,all
TCEANC2,-0.0281,1208,all
TCERG1,-0.4854,1208,all
TCERG1L,-0.0272,1208,all
TCF12,0.0414,1208,all
TCF15,0.1352,1208,all
TCF19,-0.0412,1208,all
TCF20,-0.0247,1208,all
TCF21,-0.0378,1208,all
TCF23,0.0558,1208,all
TCF24,0.1155,1208,all
TCF25,-0.0948,1208,all
TCF3,-0.0206,1208,all
TCF4,0.0622,1208,all
TCF7,-0.1415,1208,all
TCF7L1,-0.1437,1208,all
TCF7L2,-0.1035,1208,all
TCFL5,-0.1139,1208,all
TCHH,-0.0965,1208,all
TCHHL1,-0.0721,1208,all
TCHP,-0.0848,1208,all
TCIM,0.0473,1208,all
TCIRG1,-0.0489,1208,all
TCL1A,-0.0036,1208,all
TCL1B,-0.0427,1208,all
TCN1,-0.0888,1208,all
TCN2,-0.0545,1208,all
TCOF1,-0.5435,1208,all
TCP1,-1.7931,1208,all
TCP10L,-0.0337,1208,all
TCP11,-0.0298,1208,all
TCP11L1,-0.018,1208,all
TCP11L2,0.1162,1208,all
TCTA,-0.024,1208,all
TCTE1,-0.0624,1208,all
TCTN1,-0.1085,1208,all
TCTN2,-0.0747,1208,all
TCTN3,-0.0527,1208,all
TDG,-0.24,1208,all
TDO2,0.0327,1208,all
TDP1,-0.0865,1208,all
TDP2,-0.2362,1208,all
TDRD1,0.0312,1208,all
TDRD10,-0.1246,1208,all
TDRD12,0.0691,1208,all
TDRD15,-0.1198,73,all
TDRD3,0.0665,1208,all
TDRD5,-0.097,1208,all
TDRD6,0.0107,1208,all
TDRD7,0.065,1208,all
TDRD9,0.0985,1208,all
TDRKH,-0.0802,1208,all
TDRP,0.2476,1208,all
TEAD1,-0.2523,1208,all
TEAD2,-0.0372,1208,all
TEAD3,-0.3076,1208,all
TEAD4,-0.2408,1208,all
TEC,-0.0223,1208,all
TECPR1,-0.0953,1208,all
TECPR2,-0.044,1208,all
TECR,-0.2633,1208,all
TECRL,0.0445,1208,all
TECTA,0.1395,1208,all
TECTB,0.0147,1208,all
TEDC1,-0.4085,1208,all
TEDC2,-0.3829,1208,all
TEDDM1,-0.0035,1208,all
TEF,-0.2404,1208,all
TEFM,-0.4611,1208,all
TEK,0.0369,1208,all
TEKT1,-0.0339,1208,all
TEKT2,-0.2708,1208,all
TEKT3,0.0051,1208,all
TEKT4,-0.2381,1208,all
TEKT5,-0.0454,1208,all
TEKTIP1,0.023,1208,all
TEKTL1,-0.1129,1208,all
TELO2,-0.6636,1208,all
TEN1,-0.6062,1208,all
TENM1,0.0868,1208,all
TENM2,-0.0954,77,all
TENM3,0.0307,1208,all
TENM4,-0.0274,1208,all
TENT2,0.0669,1208,all
TENT4A,0.0217,1208,all
TENT4B,-0.1479,1208,all
TENT5A,-0.0402,1208,all
TENT5B,-0.0749,1208,all
TENT5C,0.0344,1208,all
TENT5D,0.1083,1208,all
TEP1,0.0203,1208,all
TEPSIN,-0.2803,1208,all
TERB2,-0.0534,1208,all
TERF1,-0.3048,77,all
TERF2,-0.9957,1090,all
TERF2IP,-0.1194,1208,all
TERT,-0.0624,1208,all
TES,0.045,1208,all
TESC,0.0643,1208,all
TESK1,-0.1482,1208,all
TESK2,-0.0495,1208,all
TESMIN,-0.1648,1208,all
TESPA1,0.016,1208,all
TET1,-0.0154,1208,all
TET2,0.1114,1208,all
TET3,-0.0682,1208,all
TEX10,-0.7064,1208,all
TEX101,-0.1071,1208,all
TEX11,0.0615,1208,all
TEX12,0.0946,1208,all
TEX13A,0.5439,70,all
TEX13B,-0.0342,1208,all
TEX13C,0.0917,74,all
TEX13D,0.1117,70,all
TEX14,-0.1337,1208,all
TEX15,0.097,1208,all
TEX19,-0.0943,1208,all
TEX2,-0.0311,1208,all
TEX22,-0.0491,1208,all
TEX26,0.0241,1208,all
TEX261,-0.0176,1208,all
TEX264,0.0016,1208,all
TEX28,-0.0242,74,all
TEX29,-0.1326,1208,all
TEX30,0.208,1208,all
TEX35,0.0358,1208,all
TEX36,0.0012,1208,all
TEX38,-0.0576,1208,all
TEX44,-0.1103,1208,all
TEX46,-0.0638,1208,all
TEX47,0.0687,1208,all
TEX48,0.0124,74,all
TEX50,0.0053,70,all
TEX51,0.1585,70,all
TEX52,0.0395,70,all
TEX53,0.2078,70,all
TEX55,0.1332,1208,all
TEX9,0.0794,1208,all
TF,-0.1007,1208,all
TFAM,-0.6273,1208,all
TFAP2A,-0.044,1208,all
TFAP2B,-0.0478,1208,all
TFAP2C,-0.2124,1208,all
TFAP2D,-0.1538,1208,all
TFAP2E,-0.0817,1208,all
TFAP4,-0.3641,1208,all
TFB1M,-0.2761,1208,all
TFB2M,-0.682,1208,all
TFCP2,0.0514,1208,all
TFCP2L1,-0.0223,1208,all
TFDP1,-0.6614,1208,all
TFDP2,-0.0924,1208,all
TFDP3,-0.0334,1208,all
TFE3,0.0374,1208,all
TFEB,0.0023,1208,all
TFEC,0.0691,1208,all
TFF1,0.063,1208,all
TFF2,0.0784,1208,all
TFF3,0.0005,1208,all
TFG,-0.1562,1208,all
TFIP11,-0.9502,1208,all
TFPI,0.0624,1208,all
TFPI2,-0.0155,1208,all
TFPT,-0.2006,1208,all
TFR2,-0.0033,1208,all
TFRC,-0.9401,1208,all
TG,0.0128,1208,all
TGDS,0.0262,1208,all
TGFA,0.0098,1208,all
TGFB1,-0.0596,1208,all
TGFB1I1,0.0595,1208,all
TGFB2,0.0191,1208,all
TGFB3,-0.0007,1208,all
TGFBI,0.1192,1208,all
TGFBR1,-0.1421,1208,all
TGFBR2,0.0596,1208,all
TGFBR3,-0.0143,1208,all
TGFBR3L,-0.0691,1208,all
TGFBRAP1,-0.3007,1208,all
TGIF1,-0.1443,1208,all
TGIF2,-0.0812,1208,all
TGIF2LX,0.041,1047,all
TGM1,-0.1171,1208,all
TGM2,0.1185,1208,all
TGM3,0.0566,1208,all
TGM4,0.0006,1208,all
TGM5,0.0331,1208,all
TGM6,0.0664,1208,all
TGM7,-0.0362,1208,all
TGOLN2,-0.1318,1208,all
TGS1,-0.6621,1208,all
TH,-0.0688,1208,all
THADA,0.1,1208,all
THAP1,-1.2903,1208,all
THAP10,0.0025,1208,all
THAP11,-0.5635,1208,all
THAP12,-0.4246,1208,all
THAP2,0.0554,1208,all
THAP3,-0.1809,1208,all
THAP4,0.1076,1208,all
THAP5,-0.1897,1208,all
THAP6,-0.0905,1208,all
THAP7,-0.1053,1208,all
THAP8,0.0139,1208,all
THAP9,0.0003,1208,all
THBD,-0.0389,1208,all
THBS1,-0.0052,1208,all
THBS2,0.0673,1208,all
THBS3,-0.1527,1208,all
THBS4,-0.0487,1208,all
THEM4,-0.1695,1208,all
THEM5,-0.1466,1208,all
THEM6,-0.0222,1208,all
THEMIS,0.1331,1208,all
THEMIS2,-0.0231,1208,all
THG1L,-0.7136,1208,all
THNSL1,0.1385,1208,all
THNSL2,-0.0429,1208,all
THOC1,-1.1066,1208,all
THOC2,-1.3776,1208,all
THOC3,-1.5183,1208,all
THOC5,-1.0956,1208,all
THOC6,-0.4519,1208,all
THOC7,-1.1843,1208,all
THOP1,-0.1334,1208,all
THPO,0.0028,1208,all
THRA,-0.0845,1208,all
THRAP3,-0.2401,1208,all
THRB,0.0483,1208,all
THRSP,-0.141,1208,all
THSD1,0.1096,1208,all
THSD4,0.0702,1208,all
THSD7A,0.1619,1208,all
THSD7B,-0.0,77,all
THTPA,-0.0793,1208,all
THUMPD1,-0.252,1208,all
THUMPD2,-0.1169,1208,all
THUMPD3,0.1282,1208,all
THY1,-0.0032,1208,all
THYN1,0.0619,1208,all
TIA1,0.0904,1208,all
TIAL1,-0.084,1208,all
TIAM1,-0.1088,1208,all
TIAM2,0.1407,1208,all
TICAM1,-0.0294,1208,all
TICAM2,-0.046,1208,all
TICRR,-1.6361,1208,all
TIE1,-0.1819,1208,all
TIFA,0.1099,1208,all
TIFAB,-0.0213,1208,all
TIGAR,0.0376,1208,all
TIGD1,-0.1842,381,all
TIGD2,-0.0252,1208,all
TIGD3,-0.2039,1208,all
TIGD4,-0.1058,1208,all
TIGD5,-0.0805,1208,all
TIGD6,0.0091,1208,all
TIGD7,-0.0135,1208,all
TIGIT,-0.0682,1208,all
TIMD4,0.0937,1208,all
TIMELESS,-1.6028,1208,all
TIMM10,-1.5007,1208,all
TIMM10B,0.0278,1208,all
TIMM13,-0.9328,1208,all
TIMM17A,-0.3341,1208,all
TIMM17B,0.011,1208,all
TIMM21,0.0948,1208,all
TIMM22,-0.5436,1208,all
TIMM23,-0.8394,1165,all
TIMM29,-0.5875,1208,all
TIMM44,-0.8281,1208,all
TIMM50,-0.3735,383,all
TIMM8A,-0.444,1208,all
TIMM8B,0.0404,383,all
TIMM9,-0.587,1208,all
TIMMDC1,-0.2729,1208,all
TIMP1,0.0315,1208,all
TIMP2,0.0277,1208,all
TIMP3,0.0455,1208,all
TIMP4,0.1708,1208,all
TINAG,0.0727,1208,all
TINAGL1,-0.0519,1208,all
TINF2,-1.5084,1208,all
TIPARP,-0.314,1208,all
TIPIN,-0.8491,1208,all
TIPRL,-0.448,1208,all
TIRAP,0.0942,1208,all
TJAP1,-0.1298,1208,all
TJP1,-0.1065,1208,all
TJP2,-0.0148,1208,all
TJP3,-0.0828,1208,all
TK1,-0.0952,1208,all
TK2,-0.0962,1208,all
TKFC,-0.1299,1208,all
TKT,-0.4587,1208,all
TKTL1,-0.0593,1208,all
TKTL2,0.087,1208,all
TLCD1,-0.3643,1208,all
TLCD2,0.0473,1208,all
TLCD3A,0.0276,1208,all
TLCD3B,-0.1752,1208,all
TLCD4,-0.2016,1208,all
TLCD5,0.0178,1208,all
TLDC2,-0.0015,1208,all
TLE1,-0.0184,1208,all
TLE2,0.0137,1208,all
TLE3,-0.0847,1208,all
TLE4,0.0704,1208,all
TLE5,-0.0939,1208,all
TLE6,-0.0216,1208,all
TLE7,-0.1788,70,all
TLK1,-0.1317,1208,all
TLK2,-0.5959,1208,all
TLL1,0.0931,1208,all
TLL2,-0.0112,1208,all
TLN1,-0.5706,1208,all
TLN2,-0.0267,1208,all
TLNRD1,0.0012,1208,all
TLR1,0.1275,1208,all
TLR10,0.1471,1208,all
TLR2,0.007,1208,all
TLR3,0.1373,1208,all
TLR4,0.0915,1208,all
TLR5,0.0197,1208,all
TLR6,0.0329,1208,all
TLR7,0.0615,1208,all
TLR8,0.1669,1208,all
TLR9,-0.1152,1208,all
TLX1,0.053,1208,all
TLX2,-0.058,1208,all
TLX3,-0.09,1208,all
TM2D1,-0.2179,1208,all
TM2D2,-0.2617,1208,all
TM2D3,-0.1803,1208,all
TM4SF1,-0.0256,1208,all
TM4SF18,-0.0467,1208,all
TM4SF19,0.0487,1208,all
TM4SF20,0.0506,1208,all
TM4SF4,-0.1165,1208,all
TM4SF5,0.059,1208,all
TM6SF1,-0.0152,1208,all
TM6SF2,-0.1799,1208,all
TM7SF2,-0.2525,1208,all
TM7SF3,0.0479,1208,all
TM9SF1,-0.097,1208,all
TM9SF2,-0.1639,1208,all
TM9SF3,-0.0746,1208,all
TM9SF4,-0.1611,1208,all
TMA16,-0.8831,1208,all
TMA7,-0.1142,1090,all
TMBIM1,-0.0607,1208,all
TMBIM4,-0.0908,1208,all
TMBIM6,-0.0068,1208,all
TMC1,-0.0044,1208,all
TMC2,-0.0446,1208,all
TMC3,0.0217,1208,all
TMC4,-0.0489,1208,all
TMC5,-0.0459,1208,all
TMC6,-0.0633,1208,all
TMC7,0.0298,1208,all
TMC8,-0.025,1208,all
TMCC1,-0.0056,1208,all
TMCC2,-0.0139,1208,all
TMCC3,-0.0087,1208,all
TMCO1,0.2495,383,all
TMCO2,0.1007,1208,all
TMCO3,-0.1155,1208,all
TMCO4,-0.1254,1208,all
TMCO5A,-0.0849,1208,all
TMCO6,-0.2799,1208,all
TMED1,-0.0766,1208,all
TMED10,-0.543,1208,all
TMED2,-0.6602,1208,all
TMED3,-0.0229,1208,all
TMED4,0.0151,1208,all
TMED5,-0.2243,1208,all
TMED6,-0.0409,1208,all
TMED7,-0.0985,1208,all
TMED8,-0.0025,1208,all
TMED9,-0.1425,1208,all
TMEFF1,0.0427,1208,all
TMEFF2,0.0166,1208,all
TMEM100,0.0861,1208,all
TMEM101,-0.1391,1208,all
TMEM102,-0.0988,1208,all
TMEM104,-0.1814,1208,all
TMEM106A,-0.0891,1208,all
TMEM106B,-0.0005,1208,all
TMEM106C,0.0068,1208,all
TMEM107,0.0136,1208,all
TMEM108,0.0208,1208,all
TMEM109,-0.0356,1208,all
TMEM11,-0.1661,1208,all
TMEM114,0.0421,74,all
TMEM115,-0.0138,1208,all
TMEM116,-0.0121,1208,all
TMEM117,-0.0312,1208,all
TMEM119,-0.1031,1208,all
TMEM120A,0.156,381,all
TMEM120B,-0.0253,1208,all
TMEM121,-0.0613,1208,all
TMEM121B,-0.0833,1208,all
TMEM123,0.0874,1208,all
TMEM125,0.0448,1208,all
TMEM126A,0.0136,1208,all
TMEM126B,-0.0561,1208,all
TMEM127,-0.286,1208,all
TMEM128,0.0696,1208,all
TMEM129,-0.024,1208,all
TMEM130,-0.0264,1208,all
TMEM131,-0.0473,1208,all
TMEM131L,0.0664,1208,all
TMEM132A,-0.031,1208,all
TMEM132B,0.003,1208,all
TMEM132C,-0.0067,77,all
TMEM132D,-0.0021,1208,all
TMEM132E,-0.036,1208,all
TMEM134,-0.0489,1208,all
TMEM135,0.0342,1208,all
TMEM138,-0.0133,1208,all
TMEM139,0.0237,1208,all
TMEM140,0.0231,1208,all
TMEM141,-0.1036,1208,all
TMEM143,-0.1533,1208,all
TMEM144,0.1433,1208,all
TMEM145,0.1009,1208,all
TMEM147,-0.0799,1208,all
TMEM14A,0.1119,1208,all
TMEM14B,-0.1023,1208,all
TMEM14C,0.1152,1208,all
TMEM150A,-0.0141,1208,all
TMEM150B,0.0671,1208,all
TMEM150C,-0.0545,1208,all
TMEM151A,-0.0476,1208,all
TMEM151B,-0.0439,1208,all
TMEM154,0.0027,1208,all
TMEM156,0.0554,1208,all
TMEM158,0.0392,1208,all
TMEM160,-0.0351,1208,all
TMEM161A,-0.1109,1208,all
TMEM161B,-0.0694,1208,all
TMEM163,-0.0245,1208,all
TMEM164,0.028,1208,all
TMEM165,-0.2172,1208,all
TMEM167A,-0.356,1208,all
TMEM167B,-0.0642,1208,all
TMEM168,0.1588,1208,all
TMEM169,-0.0703,1208,all
TMEM17,0.0153,1208,all
TMEM170A,0.0485,1208,all
TMEM170B,0.0493,1208,all
TMEM171,0.0496,1208,all
TMEM174,-0.1258,1208,all
TMEM175,0.0085,1208,all
TMEM176A,0.0205,1208,all
TMEM176B,-0.0238,1208,all
TMEM177,-0.0733,1208,all
TMEM178A,-0.1004,1208,all
TMEM178B,-0.0007,1208,all
TMEM179,0.0423,1208,all
TMEM179B,-0.0474,1208,all
TMEM18,0.0141,1208,all
TMEM181,0.005,1208,all
TMEM182,0.0788,1208,all
TMEM183A,-0.4435,1208,all
TMEM184A,-0.0396,1208,all
TMEM184B,-0.0395,1208,all
TMEM184C,-0.0397,1208,all
TMEM185A,-0.0141,1208,all
TMEM185B,-0.1916,1208,all
TMEM186,-0.0569,1208,all
TMEM187,-0.036,1208,all
TMEM19,-0.0412,1208,all
TMEM190,-0.077,1208,all
TMEM192,0.0878,1208,all
TMEM196,-0.0083,1208,all
TMEM198,-0.0412,1208,all
TMEM200A,0.0517,1208,all
TMEM200B,-0.0223,1208,all
TMEM200C,0.1358,1208,all
TMEM201,-0.1955,1208,all
TMEM202,0.0681,1208,all
TMEM203,0.1342,1208,all
TMEM204,-0.0778,1208,all
TMEM205,-0.1409,1208,all
TMEM207,0.0812,1208,all
TMEM208,-0.1848,1208,all
TMEM209,-0.0325,1208,all
TMEM210,-0.0237,1208,all
TMEM212,0.0405,1208,all
TMEM213,0.0113,1208,all
TMEM214,-0.06,1208,all
TMEM215,-0.034,1208,all
TMEM216,-0.0745,1208,all
TMEM217,-0.052,1208,all
TMEM218,0.0355,1208,all
TMEM219,0.0261,1208,all
TMEM220,0.0088,1208,all
TMEM221,0.0654,1208,all
TMEM222,0.019,1208,all
TMEM223,-0.0824,1208,all
TMEM225,0.0944,1208,all
TMEM225B,0.0186,74,all
TMEM229A,0.0161,1208,all
TMEM229B,-0.0925,1208,all
TMEM230,-0.2966,1208,all
TMEM231,0.0853,1208,all
TMEM232,0.0944,1208,all
TMEM233,0.0235,1208,all
TMEM234,0.0547,1208,all
TMEM235,-0.1691,1208,all
TMEM236,0.1663,1208,all
TMEM237,0.0806,1208,all
TMEM238,-0.0304,1208,all
TMEM239,-0.0763,1208,all
TMEM240,-0.2514,1208,all
TMEM241,0.1564,1208,all
TMEM242,-0.3209,1208,all
TMEM243,-0.0241,1208,all
TMEM244,0.1117,1208,all
TMEM245,0.0075,1208,all
TMEM247,-0.0383,1208,all
TMEM248,-0.0745,1208,all
TMEM249,-0.0443,1208,all
TMEM25,0.0943,1208,all
TMEM250,0.0343,1208,all
TMEM252,0.0037,1208,all
TMEM253,0.0596,1208,all
TMEM254,-0.0446,1208,all
TMEM255A,0.0463,1208,all
TMEM255B,-0.0042,1208,all
TMEM256,-0.0743,1208,all
TMEM258,-0.8506,1208,all
TMEM259,-0.0666,1208,all
TMEM26,-0.0062,1208,all
TMEM260,-0.0377,1208,all
TMEM262,0.0172,1208,all
TMEM263,0.0135,1208,all
TMEM265,-0.0092,74,all
TMEM266,0.0156,1208,all
TMEM267,0.1515,1208,all
TMEM268,0.1266,1208,all
TMEM269,0.1827,74,all
TMEM270,-0.1501,1208,all
TMEM271,0.4955,70,all
TMEM272,-0.0184,70,all
TMEM273,-0.0821,1208,all
TMEM275,0.2214,70,all
TMEM276,-0.2766,1165,all
TMEM278,-0.0734,1208,all
TMEM30A,-0.1522,1208,all
TMEM30B,-0.0044,1208,all
TMEM31,0.0917,1208,all
TMEM33,0.0303,1208,all
TMEM35A,0.113,1208,all
TMEM35B,0.0132,1208,all
TMEM37,0.1064,1208,all
TMEM38A,-0.15,1208,all
TMEM38B,-0.0526,1208,all
TMEM39A,0.0185,1208,all
TMEM39B,-0.1541,1208,all
TMEM40,0.0018,1208,all
TMEM41A,-0.0394,1208,all
TMEM41B,-0.3325,1208,all
TMEM42,-0.0116,1208,all
TMEM43,0.0596,1208,all
TMEM44,-0.2126,1208,all
TMEM45A,0.1026,1208,all
TMEM45B,0.0433,1208,all
TMEM47,0.0539,1208,all
TMEM50A,-0.0588,1208,all
TMEM50B,-0.236,1208,all
TMEM51,0.0669,1208,all
TMEM52,-0.065,1208,all
TMEM52B,0.0317,1208,all
TMEM53,-0.1374,1208,all
TMEM54,-0.0826,1208,all
TMEM59,-0.0053,1208,all
TMEM59L,-0.0503,1208,all
TMEM60,0.0782,1208,all
TMEM61,-0.1155,1208,all
TMEM62,-0.0213,1208,all
TMEM63A,-0.0889,1208,all
TMEM63B,-0.0516,1208,all
TMEM63C,0.0147,1208,all
TMEM64,-0.1328,1208,all
TMEM65,0.0707,1208,all
TMEM67,0.0258,1208,all
TMEM68,0.0231,1208,all
TMEM69,-0.2067,1208,all
TMEM70,-0.1188,1208,all
TMEM71,0.06,1208,all
TMEM72,-0.0047,1208,all
TMEM74,0.1159,1208,all
TMEM74B,0.0639,1208,all
TMEM79,-0.0354,1208,all
TMEM80,-0.0166,1165,all
TMEM81,-0.0477,1208,all
TMEM82,-0.2339,1208,all
TMEM86A,0.0159,1208,all
TMEM86B,-0.0343,1208,all
TMEM87A,-0.0487,1208,all
TMEM87B,-0.0134,1208,all
TMEM88,0.034,1208,all
TMEM89,-0.0828,1208,all
TMEM8B,0.0313,1208,all
TMEM9,0.0191,1208,all
TMEM91,0.0151,1208,all
TMEM92,-0.1168,1208,all
TMEM94,-0.0241,1208,all
TMEM95,-0.0326,1208,all
TMEM97,-0.2608,1208,all
TMEM98,-0.0237,1208,all
TMEM9B,-0.0622,1208,all
TMF1,-0.0467,1208,all
TMIE,0.0462,1208,all
TMIGD1,-0.1246,1208,all
TMIGD2,-0.0569,1208,all
TMIGD3,-0.0556,1208,all
TMLHE,0.1387,1208,all
TMOD1,-0.0177,1208,all
TMOD2,-0.0724,1208,all
TMOD3,-0.0096,1208,all
TMOD4,-0.201,1208,all
TMPO,-0.0864,1208,all
TMPPE,-0.0444,1208,all
TMPRSS11A,-0.0136,1208,all
TMPRSS11B,0.0469,1208,all
TMPRSS11D,0.0218,1208,all
TMPRSS11E,-0.0916,1208,all
TMPRSS11F,0.1455,1208,all
TMPRSS12,-0.0575,1208,all
TMPRSS13,-0.0346,1208,all
TMPRSS15,0.1015,1208,all
TMPRSS2,0.004,1208,all
TMPRSS3,0.0296,1208,all
TMPRSS4,0.0688,1208,all
TMPRSS5,0.0463,1208,all
TMPRSS6,-0.0079,1208,all
TMPRSS7,-0.0024,1208,all
TMPRSS9,-0.0507,1208,all
TMSB10,-0.4213,1090,all
TMSB15A,-0.1199,1047,all
TMSB4X,-0.2295,1046,all
TMSB4Y,0.3033,77,all
TMT1A,-0.2989,1208,all
TMT1B,-0.141,1208,all
TMTC1,0.0628,1208,all
TMTC2,0.029,1208,all
TMTC3,-0.0158,1208,all
TMTC4,0.0532,1208,all
TMUB1,0.1204,1208,all
TMUB2,-0.1259,1208,all
TMX1,-0.2545,1208,all
TMX2,-0.4156,1208,all
TMX3,0.0954,1208,all
TMX4,0.1198,1208,all
TNC,0.0143,1208,all
TNF,-0.12,1208,all
TNFAIP1,0.0113,1208,all
TNFAIP2,0.0692,1208,all
TNFAIP3,0.035,1208,all
TNFAIP6,0.0198,1208,all
TNFAIP8,0.0295,1208,all
TNFAIP8L1,-0.0742,1208,all
TNFAIP8L2,-0.1931,1208,all
TNFAIP8L3,-0.0329,1208,all
TNFRSF10A,0.0303,1208,all
TNFRSF10B,0.1916,1208,all
TNFRSF10C,0.0739,1208,all
TNFRSF10D,0.0311,1208,all
TNFRSF11A,0.0712,1208,all
TNFRSF11B,0.0973,1208,all
TNFRSF12A,-0.168,1208,all
TNFRSF13B,-0.0507,1208,all
TNFRSF13C,0.0692,1208,all
TNFRSF14,-0.0055,1208,all
TNFRSF17,-0.0819,1208,all
TNFRSF18,0.0045,1208,all
TNFRSF19,0.0881,1208,all
TNFRSF1A,0.1139,1208,all
TNFRSF1B,-0.0204,1208,all
TNFRSF21,0.1112,1208,all
TNFRSF25,0.0363,1208,all
TNFRSF4,-0.0234,1208,all
TNFRSF6B,0.0805,1208,all
TNFRSF8,-0.2464,1208,all
TNFRSF9,-0.0581,1208,all
TNFSF10,0.0331,1208,all
TNFSF11,0.0493,1208,all
TNFSF12,-0.0776,1208,all
TNFSF13,-0.0106,1208,all
TNFSF13B,0.0021,1208,all
TNFSF14,-0.0381,1208,all
TNFSF15,0.0385,1208,all
TNFSF18,0.1476,1208,all
TNFSF4,0.0301,1208,all
TNFSF8,0.0242,1208,all
TNFSF9,-0.0269,1208,all
TNIK,0.0054,1208,all
TNIP1,-0.0114,1208,all
TNIP2,0.1367,1208,all
TNIP3,-0.033,1208,all
TNK1,0.0218,1208,all
TNK2,0.0736,1208,all
TNKS,-0.0187,1208,all
TNKS1BP1,-0.0691,1208,all
TNKS2,0.0292,1208,all
TNMD,0.1018,1208,all
TNN,-0.072,1208,all
TNNC1,-0.0275,1208,all
TNNC2,-0.0183,1208,all
TNNI1,-0.0622,1208,all
TNNI2,0.0828,1208,all
TNNI3,-0.0671,1208,all
TNNI3K,-0.0162,1208,all
TNNT1,-0.0229,1208,all
TNNT2,-0.3935,1208,all
TNNT3,0.1328,1208,all
TNP1,-0.0483,1208,all
TNP2,-0.023,1208,all
TNPO1,-0.3841,1208,all
TNPO2,-0.0478,1208,all
TNPO3,-1.482,1208,all
TNR,0.1248,1208,all
TNRC18,-0.1234,1208,all
TNRC6A,-0.0631,1208,all
TNRC6B,-0.1002,1208,all
TNRC6C,-0.0542,1208,all
TNS1,0.0463,1208,all
TNS2,-0.2388,1208,all
TNS3,-0.2484,1208,all
TNS4,0.0463,1208,all
TNXB,-0.1848,1208,all
TOB1,-0.0528,1208,all
TOB2,0.1511,1208,all
TOE1,-0.6821,1208,all
TOGARAM1,0.0627,1208,all
TOGARAM2,0.0373,1208,all
TOLLIP,0.0981,1208,all
TOM1,-0.0688,1208,all
TOM1L1,-0.0671,1208,all
TOM1L2,0.0953,1208,all
TOMM20,-0.8069,1208,all
TOMM20L,-0.1152,1208,all
TOMM22,-1.2459,1208,all
TOMM34,0.1181,1208,all
TOMM40,-1.4902,1208,all
TOMM40L,-0.0674,1208,all
TOMM5,-0.1096,1208,all
TOMM6,-0.1556,1208,all
TOMM7,-0.1309,1208,all
TOMM70,-0.3479,1208,all
TONSL,-1.7896,1208,all
TOP1,-0.861,1208,all
TOP1MT,-0.0762,1208,all
TOP2A,-2.536,1208,all
TOP2B,-0.0001,1208,all
TOP3A,-1.1799,1208,all
TOP3B,-0.1511,1208,all
TOP6BL,-0.0341,1208,all
TOPAZ1,0.0069,1208,all
TOPBP1,-1.1714,1208,all
TOPORS,0.0106,1208,all
TOR1A,-0.0468,1208,all
TOR1AIP1,-0.0454,1208,all
TOR1AIP2,-0.149,1208,all
TOR1B,-0.0544,1208,all
TOR2A,-0.3807,1208,all
TOR3A,-0.0264,1208,all
TOR4A,-0.0666,1208,all
TOX,0.005,1208,all
TOX2,0.0287,1208,all
TOX3,0.0145,1208,all
TOX4,-0.3683,1208,all
TP53,0.4242,1208,all
TP53AIP1,0.0892,1208,all
TP53BP1,-0.0642,1208,all
TP53BP2,-0.1362,1208,all
TP53I11,-0.0511,1208,all
TP53I13,-0.1121,1208,all
TP53I3,-0.2242,1208,all
TP53INP1,0.0254,1208,all
TP53INP2,-0.0018,1208,all
TP53RK,-0.7689,1208,all
TP53TG5,0.0515,1208,all
TP63,-0.0844,1208,all
TP73,-0.0669,1208,all
TPBG,0.0497,1208,all
TPBGL,-0.0864,1208,all
TPCN1,0.0546,1208,all
TPCN2,-0.046,1208,all
TPD52,0.1007,1208,all
TPD52L1,0.0202,1208,all
TPD52L2,-0.0978,1208,all
TPD52L3,0.0173,1208,all
TPGS1,-0.1599,1208,all
TPGS2,-0.0107,1208,all
TPH1,-0.0391,1208,all
TPH2,-0.2243,1208,all
TPI1,-0.9709,1208,all
TPK1,-0.1411,1208,all
TPM1,-0.0683,1208,all
TPM2,-0.202,1208,all
TPM3,-0.109,1208,all
TPM4,-0.3566,1208,all
TPMT,-0.0464,1208,all
TPO,-0.0079,1208,all
TPP1,0.0915,1208,all
TPP2,-0.0528,1208,all
TPPP,-0.0607,1208,all
TPPP2,0.0762,1208,all
TPPP3,-0.0464,1208,all
TPR,-1.0779,1208,all
TPRA1,-0.0483,1208,all
TPRG1,0.0044,1208,all
TPRG1L,-0.0645,1208,all
TPRKB,-0.5602,1208,all
TPRN,0.0185,1208,all
TPRX1,0.0532,1208,all
TPSAB1,-0.1516,1208,all
TPSD1,0.0901,1208,all
TPSG1,0.0387,1208,all
TPST1,-0.0536,1208,all
TPST2,0.0318,1208,all
TPT1,-1.0616,1208,all
TPTE2,-0.1752,1208,all
TPX2,-1.4025,1208,all
TRA2A,-0.0541,1208,all
TRA2B,-0.6082,1208,all
TRABD,-0.018,1208,all
TRABD2A,-0.003,1208,all
TRABD2B,-0.1351,1208,all
TRADD,-0.03,1208,all
TRAF1,0.0149,1208,all
TRAF2,-0.3134,1208,all
TRAF3,-0.0118,1208,all
TRAF3IP1,0.0691,1208,all
TRAF3IP2,0.0717,1208,all
TRAF3IP3,0.0138,1208,all
TRAF4,-0.1831,1208,all
TRAF5,0.0805,1208,all
TRAF6,-0.1102,1208,all
TRAF7,-0.1315,1208,all
TRAFD1,0.0439,1208,all
TRAIP,-0.8282,1208,all
TRAK1,-0.0982,1208,all
TRAK2,0.0151,1208,all
TRAM1,0.0728,1208,all
TRAM1L1,-0.0695,1208,all
TRAM2,-0.0312,1208,all
TRANK1,-0.0525,1208,all
TRAP1,-0.0218,1208,all
TRAPPC1,-1.2853,1208,all
TRAPPC10,-0.0027,1208,all
TRAPPC11,-0.9802,1208,all
TRAPPC12,-0.0159,1208,all
TRAPPC13,-0.1539,1208,all
TRAPPC14,-0.0935,1208,all
TRAPPC2,0.2183,70,all
TRAPPC2L,-0.2702,1208,all
TRAPPC3,-1.7679,1208,all
TRAPPC3L,0.0784,1208,all
TRAPPC4,-0.966,1208,all
TRAPPC5,-0.8616,1208,all
TRAPPC6A,-0.194,1208,all
TRAPPC6B,-0.0943,1208,all
TRAPPC8,-1.3762,1208,all
TRAPPC9,-0.1174,1208,all
TRARG1,0.0342,1208,all
TRAT1,0.1346,1208,all
TRDMT1,0.0364,1208,all
TRDN,0.0945,1208,all
TREH,-0.0535,77,all
TREM1,0.0011,1208,all
TREM2,0.0185,1208,all
TREML1,-0.0443,1208,all
TREML2,-0.1948,1208,all
TREML4,0.038,1208,all
TRERF1,-0.0799,1208,all
TREX1,-0.0811,1208,all
TREX2,0.0224,1208,all
TRH,0.1031,1208,all
TRHDE,-0.0539,1208,all
TRHR,0.2622,1208,all
TRIAP1,-1.4227,1208,all
TRIB1,-0.0458,1208,all
TRIB2,-0.0282,1208,all
TRIB3,0.0934,1208,all
TRIL,0.1253,74,all
TRIM10,-0.0562,1208,all
TRIM11,-0.023,1208,all
TRIM13,0.0301,1208,all
TRIM14,-0.111,1208,all
TRIM15,0.0159,1208,all
TRIM16,-0.0294,1208,all
TRIM17,-0.1528,1208,all
TRIM2,0.0598,1208,all
TRIM21,0.061,1208,all
TRIM22,0.0169,1208,all
TRIM23,-0.0698,1208,all
TRIM24,0.0836,1208,all
TRIM25,-0.0773,1208,all
TRIM26,-0.0073,1208,all
TRIM27,0.0355,1208,all
TRIM28,-0.2496,1208,all
TRIM29,0.0317,1208,all
TRIM3,0.0948,1208,all
TRIM31,0.0776,1208,all
TRIM32,0.0106,1208,all
TRIM33,-0.0906,1208,all
TRIM34,0.1856,1208,all
TRIM35,0.1082,1208,all
TRIM36,0.0523,1208,all
TRIM37,-0.3797,1208,all
TRIM38,-0.0211,1208,all
TRIM39,0.0194,1208,all
TRIM4,-0.0313,1208,all
TRIM40,-0.0742,1208,all
TRIM41,-0.0433,1208,all
TRIM42,0.0526,1208,all
TRIM43,-0.3292,1047,all
TRIM44,0.0713,1208,all
TRIM45,-0.1569,1208,all
TRIM46,-0.2658,1208,all
TRIM47,-0.076,1208,all
TRIM48,-0.0908,74,all
TRIM49B,-0.0068,1047,all
TRIM49D1,-0.1105,1090,all
TRIM5,0.0626,1208,all
TRIM50,-0.0858,1208,all
TRIM52,-0.025,1208,all
TRIM54,-0.1951,1208,all
TRIM55,0.0121,1208,all
TRIM56,0.0052,1208,all
TRIM58,0.1166,1208,all
TRIM59,0.1106,1208,all
TRIM6,0.0377,1208,all
TRIM60,0.0661,1208,all
TRIM61,-0.3405,1208,all
TRIM62,-0.0101,1208,all
TRIM63,0.0898,1208,all
TRIM64C,0.0811,77,all
TRIM65,-0.1265,1208,all
TRIM66,0.0192,77,all
TRIM67,-0.0006,1208,all
TRIM68,0.1344,1208,all
TRIM69,0.0016,1208,all
TRIM7,0.0854,1208,all
TRIM71,-0.0737,1208,all
TRIM72,-0.1157,1208,all
TRIM77,0.0024,1208,all
TRIM8,-0.0364,1208,all
TRIM9,-0.2072,1208,all
TRIML1,0.0948,1208,all
TRIML2,0.0965,1208,all
TRIO,-0.12,1208,all
TRIOBP,-0.0614,1208,all
TRIP10,-0.0673,1208,all
TRIP11,-0.0385,1208,all
TRIP12,-0.2014,1208,all
TRIP13,-0.2715,1208,all
TRIP4,-0.1325,1208,all
TRIP6,-0.2384,1208,all
TRIQK,0.1605,1208,all
TRIR,-0.2265,1208,all
TRIT1,-0.3202,1208,all
TRMO,0.0253,1208,all
TRMT1,-0.1981,1208,all
TRMT10A,-0.0799,1208,all
TRMT10B,0.0612,1208,all
TRMT10C,-0.4226,1208,all
TRMT11,-0.0231,1208,all
TRMT112,-2.1221,1208,all
TRMT12,-0.1234,1208,all
TRMT13,0.0448,1208,all
TRMT1L,-0.1313,1208,all
TRMT2A,-0.0815,1208,all
TRMT2B,0.0846,1208,all
TRMT44,0.0687,1208,all
TRMT5,-0.6133,1208,all
TRMT6,-0.4135,1208,all
TRMT61A,-0.2636,1208,all
TRMT61B,-0.1709,1208,all
TRMT9B,0.1349,1208,all
TRMU,-0.0677,1208,all
TRNAU1AP,-0.3378,1208,all
TRNP1,-0.2755,1208,all
TRNT1,-1.5774,1208,all
TRO,0.1565,1208,all
TROAP,-0.2782,1208,all
TRPA1,-0.0227,1208,all
TRPC1,-0.0386,1208,all
TRPC3,0.0464,1208,all
TRPC4,0.0438,1208,all
TRPC4AP,0.035,1208,all
TRPC5,0.0455,1208,all
TRPC5OS,0.04,70,all
TRPC6,-0.0133,1208,all
TRPC7,-0.0577,1208,all
TRPM1,0.027,1208,all
TRPM2,-0.0394,1208,all
TRPM3,0.1165,1208,all
TRPM4,-0.0503,1208,all
TRPM5,-0.05,1208,all
TRPM6,-0.0377,1208,all
TRPM7,-0.7298,1208,all
TRPM8,-0.0806,1208,all
TRPS1,0.1177,1208,all
TRPT1,0.012,1208,all
TRPV1,-0.0958,1208,all
TRPV2,-0.1578,1208,all
TRPV3,0.0859,1208,all
TRPV4,-0.1042,1208,all
TRPV5,0.053,1208,all
TRPV6,-0.025,1208,all
TRRAP,-1.4932,1208,all
TRUB1,0.0762,1208,all
TRUB2,-0.3385,1208,all
TSACC,-0.2464,1208,all
TSBP1,0.0497,1208,all
TSC1,0.028,1208,all
TSC2,-0.0949,1208,all
TSC22D1,-0.0023,1208,all
TSC22D2,-0.4282,1208,all
TSC22D3,0.0519,1207,all
TSC22D4,-0.0497,1208,all
TSEN15,0.0038,1208,all
TSEN2,-0.6442,1208,all
TSEN34,-0.5292,1208,all
TSEN54,-1.0135,1208,all
TSFM,-0.4145,1208,all
TSG101,-1.1035,1208,all
TSGA10,-0.135,1208,all
TSGA10IP,-0.1833,380,all
TSGA13,-0.0033,1208,all
TSHB,-0.1891,1208,all
TSHR,0.1104,1208,all
TSHZ1,0.1065,1208,all
TSHZ2,0.0417,1208,all
TSHZ3,0.0537,1208,all
TSKS,-0.0032,1208,all
TSKU,-0.0323,1208,all
TSLP,0.0481,1208,all
TSN,0.0295,1208,all
TSNARE1,-0.0559,1208,all
TSNAX,-0.0425,1208,all
TSNAXIP1,-0.0441,1208,all
TSPAN1,-0.0757,1208,all
TSPAN10,0.2625,74,all
TSPAN11,-0.1309,1208,all
TSPAN12,0.0863,1208,all
TSPAN13,0.0733,1208,all
TSPAN14,-0.0472,1208,all
TSPAN15,0.0086,1208,all
TSPAN16,-0.0336,1208,all
TSPAN17,-0.0349,1208,all
TSPAN18,-0.0541,1208,all
TSPAN19,0.1156,1208,all
TSPAN2,0.0053,1208,all
TSPAN3,0.1296,1208,all
TSPAN31,-0.2483,1208,all
TSPAN32,0.0412,1208,all
TSPAN33,-0.0663,1208,all
TSPAN4,-0.0325,1208,all
TSPAN5,-0.0001,1208,all
TSPAN6,0.1043,1208,all
TSPAN7,0.0593,1208,all
TSPAN8,0.0135,1208,all
TSPAN9,-0.001,1208,all
TSPEAR,0.0321,1208,all
TSPO,0.0572,1208,all
TSPO2,-0.0087,1208,all
TSPOAP1,-0.0852,1208,all
TSPYL1,-0.0023,1208,all
TSPYL2,0.0385,1208,all
TSPYL4,0.086,1208,all
TSPYL5,-0.4568,1208,all
TSPYL6,-0.0211,1208,all
TSR1,-1.4414,1208,all
TSR2,-1.7002,1208,all
TSR3,-0.0919,1208,all
TSSC4,0.099,1208,all
TSSK1B,-0.0672,1208,all
TSSK2,-0.0425,1208,all
TSSK3,-0.2593,1208,all
TSSK4,-0.2349,1208,all
TSSK6,-0.1758,1208,all
TST,0.0433,1208,all
TSTD1,-0.1138,1208,all
TSTD2,0.0857,1208,all
TSTD3,-0.0009,74,all
TTBK1,-0.1123,1208,all
TTBK2,0.0576,1208,all
TTC1,-1.0183,1208,all
TTC12,0.073,1208,all
TTC13,-0.0643,1208,all
TTC14,-0.199,1208,all
TTC16,0.0799,1208,all
TTC17,0.0256,1208,all
TTC19,-0.1292,1208,all
TTC21A,0.1214,1208,all
TTC21B,-0.0035,1208,all
TTC22,-0.1543,1208,all
TTC23,0.1352,1208,all
TTC23L,0.1087,1208,all
TTC24,-0.1627,1208,all
TTC27,-1.626,1208,all
TTC28,-0.0258,1208,all
TTC29,0.1166,1208,all
TTC3,0.052,1208,all
TTC31,0.0106,1208,all
TTC32,0.0603,1208,all
TTC33,-0.0799,1208,all
TTC34,0.0778,1208,all
TTC36,-0.0516,1208,all
TTC38,-0.0618,1208,all
TTC39A,-0.0823,1208,all
TTC39B,0.1317,1208,all
TTC39C,0.0454,1208,all
TTC4,-0.7658,1208,all
TTC5,-0.176,1208,all
TTC6,0.2289,73,all
TTC7A,-0.2462,1208,all
TTC7B,0.0033,1208,all
TTC8,0.0587,1208,all
TTC9,0.0439,1208,all
TTC9B,0.0335,1208,all
TTC9C,-0.1318,1208,all
TTF1,-0.446,1208,all
TTF2,-0.6422,1208,all
TTI1,-0.9814,1208,all
TTI2,-0.8326,1208,all
TTK,-0.8331,1208,all
TTL,-0.0708,1208,all
TTLL1,-0.0046,1208,all
TTLL10,0.0842,1208,all
TTLL11,-0.1949,1208,all
TTLL12,0.0338,1208,all
TTLL2,-0.002,1208,all
TTLL3,0.0501,383,all
TTLL4,0.0211,1208,all
TTLL5,-0.1333,1208,all
TTLL6,-0.075,1208,all
TTLL7,-0.048,1208,all
TTLL8,-0.0179,70,all
TTLL9,0.1071,1208,all
TTN,-0.052,1208,all
TTPA,0.0477,1208,all
TTPAL,-0.0088,1208,all
TTR,0.1186,1208,all
TTYH1,-0.0064,1208,all
TTYH2,-0.1039,1208,all
TTYH3,0.0051,1208,all
TUB,-0.0842,1208,all
TUBA1A,-0.1626,1165,all
TUBA1B,-0.9831,1208,all
TUBA1C,-0.9341,1045,all
TUBA3C,-0.1804,1208,all
TUBA3D,-0.3278,1047,all
TUBA3E,-0.0376,1047,all
TUBA4A,-0.1954,1208,all
TUBA4B,0.3364,70,all
TUBA8,-0.0684,1208,all
TUBAL3,0.1284,1208,all
TUBB,-1.9554,1208,all
TUBB1,-0.0212,1208,all
TUBB2A,-0.0745,1208,all
TUBB2B,-0.1201,1165,all
TUBB3,-0.0358,1208,all
TUBB4A,-0.2037,1208,all
TUBB4B,-0.4139,1208,all
TUBB6,0.0867,1208,all
TUBB8,0.0079,74,all
TUBD1,-0.4469,1208,all
TUBE1,-0.5947,1208,all
TUBG1,-1.4674,1208,all
TUBG2,-0.2658,1208,all
TUBGCP2,-1.6276,1208,all
TUBGCP3,-1.1203,1208,all
TUBGCP4,-1.1733,1208,all
TUBGCP5,-1.0918,1208,all
TUBGCP6,-0.8379,1208,all
TUFM,-0.3719,1208,all
TUFT1,-0.0646,1208,all
TULP1,-0.1728,1208,all
TULP2,-0.062,1208,all
TULP3,0.1018,1208,all
TULP4,-0.0509,1208,all
TUSC1,0.0495,1208,all
TUSC2,-0.2654,1208,all
TUSC3,0.0312,1208,all
TUT1,-1.7778,1208,all
TUT4,0.0491,1208,all
TUT7,-0.0518,1208,all
TVP23A,-0.019,1208,all
TVP23C,0.2722,69,all
TWF1,-0.4326,1208,all
TWF2,-0.1137,1208,all
TWIST1,0.1047,1208,all
TWIST2,0.0453,1208,all
TWNK,-0.4843,1208,all
TWSG1,0.1425,1208,all
TXK,-0.1265,1208,all
TXLNA,-0.0547,1208,all
TXLNB,0.1362,1208,all
TXLNG,-0.0373,1208,all
TXN,-1.2744,1208,all
TXN2,-0.1923,1208,all
TXNDC11,-0.0472,1208,all
TXNDC12,-0.0596,1208,all
TXNDC15,-0.0308,1208,all
TXNDC16,-0.0045,1208,all
TXNDC17,-0.2064,1208,all
TXNDC2,0.2423,1208,all
TXNDC5,0.1491,1208,all
TXNDC8,-0.0161,1208,all
TXNDC9,-0.2914,1208,all
TXNIP,0.0954,1208,all
TXNL1,-0.0764,1208,all
TXNL4A,-2.7325,1208,all
TXNL4B,-0.7626,1208,all
TXNRD1,-0.5863,1208,all
TXNRD2,-0.0653,1208,all
TXNRD3,0.1555,77,all
TYK2,0.075,1208,all
TYMP,-0.0581,1208,all
TYMS,-0.7925,1208,all
TYR,0.0315,1208,all
TYRO3,-0.2509,1208,all
TYROBP,-0.0415,1208,all
TYRP1,-0.0256,1208,all
TYSND1,-0.0308,1208,all
TYW1,-0.0374,1208,all
TYW1B,-0.157,381,all
TYW3,-0.0329,1208,all
TYW5,-0.0376,1208,all
U2AF1,-1.8715,1208,all
U2AF1L4,-0.0552,1208,all
U2AF2,-1.4684,1208,all
U2SURP,-1.2848,1208,all
UACA,-0.0397,1208,all
UAP1,-0.3593,1208,all
UAP1L1,-0.0076,1208,all
UBA1,-2.1775,1208,all
UBA2,-1.201,1208,all
UBA3,-0.7363,1208,all
UBA5,-0.6299,1208,all
UBA52,-1.3632,1208,all
UBA6,-0.3892,1208,all
UBA7,-0.0971,1208,all
UBAC1,0.0511,1208,all
UBAC2,0.0601,1208,all
UBALD1,-0.154,1208,all
UBALD2,-0.1382,1208,all
UBAP1,-0.7758,1208,all
UBAP1L,-0.0184,1208,all
UBAP2,-0.0936,1208,all
UBAP2L,-0.2474,1208,all
UBASH3A,0.0277,1208,all
UBASH3B,0.0682,1208,all
UBB,-0.2813,1090,all
UBC,-0.3343,382,all
UBD,0.0253,1208,all
UBE2A,-0.1617,1208,all
UBE2B,0.0492,1208,all
UBE2C,-0.6702,1208,all
UBE2D1,0.0225,1208,all
UBE2D2,0.007,1208,all
UBE2D3,-0.8256,1208,all
UBE2D4,-0.1161,1208,all
UBE2E1,-0.0072,1208,all
UBE2E2,0.0606,1208,all
UBE2E3,-0.1878,1208,all
UBE2F,0.0211,1208,all
UBE2G1,-0.0409,1208,all
UBE2G2,-0.327,1208,all
UBE2H,-0.4797,1208,all
UBE2I,-1.8007,1208,all
UBE2J1,0.0037,1208,all
UBE2J2,-0.3173,1208,all
UBE2K,-0.1644,1208,all
UBE2L3,-1.2139,1208,all
UBE2L5,-0.1289,70,all
UBE2L6,0.0052,1208,all
UBE2M,-1.6226,1208,all
UBE2N,-1.1853,1208,all
UBE2O,-0.326,1208,all
UBE2Q1,-0.2826,1208,all
UBE2Q2,0.0071,1208,all
UBE2QL1,-0.0066,1208,all
UBE2R2,-0.0416,1208,all
UBE2S,-0.4895,1208,all
UBE2T,-0.2283,1208,all
UBE2U,0.0179,1208,all
UBE2V1,-0.5119,1208,all
UBE2V2,-0.1478,1208,all
UBE2W,0.0175,383,all
UBE2Z,-0.4184,1208,all
UBE3A,-0.0917,1208,all
UBE3B,0.084,1208,all
UBE3C,-0.02,1208,all
UBE3D,-0.219,1208,all
UBE4A,0.1117,1208,all
UBE4B,-0.2682,1208,all
UBFD1,-0.1855,1208,all
UBIAD1,-0.5193,1208,all
UBL3,0.0711,1208,all
UBL4A,0.0365,1208,all
UBL4B,-0.1803,1208,all
UBL5,-2.3472,1208,all
UBL7,-0.0458,1208,all
UBLCP1,0.1004,1208,all
UBN1,-0.1299,1208,all
UBN2,-0.0667,1208,all
UBOX5,-0.0164,1208,all
UBP1,-0.0282,1208,all
UBQLN1,-0.1077,1208,all
UBQLN2,0.0173,1208,all
UBQLN3,0.0487,1208,all
UBQLN4,-0.5757,1208,all
UBQLNL,0.0489,1208,all
UBR1,-0.0197,1208,all
UBR2,-0.1787,1208,all
UBR3,-0.0454,1208,all
UBR4,-1.1633,1208,all
UBR5,-0.5561,1208,all
UBR7,0.0555,1208,all
UBTD1,0.052,1208,all
UBTD2,0.059,1208,all
UBTF,-1.7726,1208,all
UBTFL1,0.1566,74,all
UBXN1,-0.0419,1208,all
UBXN10,-0.0109,1208,all
UBXN11,0.0041,1208,all
UBXN2A,0.1114,1208,all
UBXN2B,0.0005,1208,all
UBXN4,-0.0092,1208,all
UBXN6,-0.1038,1208,all
UBXN7,-0.0568,1208,all
UBXN8,-0.005,74,all
UCHL1,-0.0596,1208,all
UCHL3,-0.0612,1208,all
UCHL5,-0.3793,1208,all
UCK1,-0.1314,1208,all
UCK2,-0.1371,1208,all
UCKL1,-0.0125,1208,all
UCMA,-0.0444,1208,all
UCN,-0.2417,1208,all
UCN2,-0.0759,1208,all
UCN3,0.0759,1208,all
UCP1,-0.0067,1208,all
UCP2,0.0123,1208,all
UCP3,-0.0547,1208,all
UEVLD,0.0256,1208,all
UFC1,-0.319,1208,all
UFD1,-1.4053,1208,all
UFL1,-0.4269,1208,all
UFM1,-0.6272,1208,all
UFSP1,-0.0452,1208,all
UFSP2,-0.1549,1208,all
UGCG,-0.1573,1208,all
UGDH,-0.1407,1208,all
UGGT1,-0.0078,1208,all
UGGT2,-0.1175,1208,all
UGP2,-0.3789,1208,all
UGT1A1,0.0574,1208,all
UGT1A10,0.0677,1165,all
UGT1A3,-0.0774,1089,all
UGT1A4,-0.0664,1208,all
UGT1A5,0.0079,1208,all
UGT1A6,0.0378,70,all
UGT1A7,-0.0324,1208,all
UGT1A8,-0.0573,1089,all
UGT1A9,0.0513,1208,all
UGT2A1,0.1172,1208,all
UGT2A3,-0.0893,1208,all
UGT2B10,0.1078,77,all
UGT2B11,-0.2001,1165,all
UGT2B15,-0.0825,1208,all
UGT2B17,0.1548,1208,all
UGT2B28,0.006,1208,all
UGT2B4,-0.008,1208,all
UGT2B7,0.052,1208,all
UGT3A1,0.0931,1208,all
UGT3A2,-0.1235,1208,all
UGT8,0.0179,1208,all
UHMK1,0.1015,1208,all
UHRF1,-0.4702,74,all
UHRF2,-0.01,1208,all
UIMC1,-0.1123,1208,all
ULBP1,0.0923,1208,all
ULBP2,-0.1118,1090,all
ULBP3,-0.0396,1208,all
ULK1,-0.0142,1208,all
ULK2,-0.0485,1208,all
ULK3,-0.0686,1090,all
ULK4,0.1059,1208,all
UMAD1,0.0257,77,all
UMOD,-0.0948,1208,all
UMODL1,0.0227,1208,all
UMPS,-0.6316,1208,all
UNC119,-0.2233,1208,all
UNC119B,-0.0369,1208,all
UNC13A,-0.0428,1208,all
UNC13B,-0.0849,1208,all
UNC13C,-0.0375,1208,all
UNC13D,-0.1244,1208,all
UNC45A,-0.3235,1208,all
UNC45B,-0.1329,1208,all
UNC50,-0.5073,1208,all
UNC5A,0.0789,1208,all
UNC5B,-0.1263,1208,all
UNC5C,0.0696,1208,all
UNC5CL,-0.0686,1208,all
UNC5D,0.0807,1208,all
UNC79,-0.0749,1208,all
UNC80,-0.0088,1208,all
UNC93A,0.0694,1208,all
UNC93B1,0.0114,74,all
UNCX,0.0283,1208,all
UNG,-0.0903,1208,all
UNK,-0.1221,1208,all
UNKL,0.0081,1208,all
UPB1,0.0273,1208,all
UPF1,-1.1813,1208,all
UPF2,-1.2105,1208,all
UPF3A,-0.1657,1208,all
UPF3B,-0.0633,1208,all
UPK1A,-0.1291,1208,all
UPK1B,0.0668,1208,all
UPK2,-0.0985,1208,all
UPK3A,0.0477,1208,all
UPK3B,-0.0172,1208,all
UPP1,0.0923,1208,all
UPP2,-0.085,1208,all
UPRT,0.0383,1208,all
UQCC1,-0.2576,1208,all
UQCC2,-0.331,1208,all
UQCC3,-0.2979,1208,all
UQCC4,-0.104,1208,all
UQCC5,0.0193,1208,all
UQCC6,-0.0147,1208,all
UQCR10,-0.1891,1090,all
UQCR11,-0.1794,1208,all
UQCRB,-0.4943,1208,all
UQCRC1,-0.5007,1208,all
UQCRC2,-0.6504,1208,all
UQCRFS1,-0.744,1208,all
UQCRHL,0.1632,70,all
UQCRQ,-0.4964,1165,all
URAD,0.0414,1208,all
URB1,-1.2048,1208,all
URB2,-0.8145,1208,all
URGCP,-0.0871,1208,all
URI1,-1.0033,1208,all
URM1,-0.7451,1208,all
UROC1,-0.1184,1208,all
UROD,-0.6908,1208,all
UROS,-0.1983,1208,all
USB1,-0.17,1208,all
USE1,-0.4755,1208,all
USF1,-0.1225,1208,all
USF2,-0.3516,1208,all
USF3,0.0522,1208,all
USH1C,0.055,1208,all
USH1G,-0.1725,1208,all
USH2A,0.0489,1208,all
USHBP1,-0.1062,1208,all
USO1,-1.9683,74,all
USP1,-0.3022,1208,all
USP10,-0.5654,1208,all
USP11,0.1181,1208,all
USP12,-0.0993,1208,all
USP13,-0.0174,1208,all
USP14,-0.1,1208,all
USP15,-0.0745,1208,all
USP16,-0.0443,1208,all
USP17L10,-0.0961,1165,all
USP17L13,-0.1546,1047,all
USP17L7,-0.0688,74,all
USP18,-0.4381,1208,all
USP19,-0.2331,1208,all
USP2,0.0076,1208,all
USP20,-0.0195,1208,all
USP21,-0.1609,1208,all
USP22,0.0886,1208,all
USP24,-0.1899,1208,all
USP25,0.058,1208,all
USP26,0.1793,1208,all
USP27X,0.0751,1208,all
USP28,0.1368,1208,all
USP29,0.1731,1208,all
USP3,-0.0402,1208,all
USP30,-0.1394,1208,all
USP31,0.048,1208,all
USP32,-0.2276,1208,all
USP33,-0.161,1208,all
USP34,-0.1217,1208,all
USP35,-0.1066,1208,all
USP36,-1.1417,1208,all
USP37,-0.6452,1208,all
USP38,-0.0819,1208,all
USP39,-1.212,1208,all
USP4,-0.1145,1208,all
USP40,-0.0019,1208,all
USP42,0.0287,1208,all
USP43,0.0227,1208,all
USP44,-0.1218,1208,all
USP45,0.0581,1208,all
USP46,0.0029,1208,all
USP47,-0.0536,1208,all
USP48,0.0202,1208,all
USP49,0.0372,1208,all
USP5,-1.2557,1208,all
USP50,-0.1115,1208,all
USP51,-0.0039,1208,all
USP53,-0.0453,1208,all
USP54,-0.0263,1208,all
USP6,-0.1835,1208,all
USP6NL,0.0178,1208,all
USP7,-0.8466,1208,all
USP8,-0.7779,1208,all
USP9X,-0.6927,1208,all
USP9Y,0.395,383,all
USPL1,-1.1842,1208,all
UST,0.0877,1208,all
UTF1,-0.0158,1208,all
UTP11,-0.8584,1208,all
UTP14A,-0.263,1208,all
UTP14C,0.0561,1208,all
UTP15,-1.8741,1208,all
UTP18,-0.9283,1208,all
UTP20,-1.3943,1208,all
UTP23,-0.8214,1208,all
UTP25,-0.7019,1208,all
UTP3,-0.737,1208,all
UTP4,-2.1021,1208,all
UTP6,-0.6467,1208,all
UTRN,0.0336,1208,all
UTS2,-0.03,1208,all
UTS2B,0.0408,1208,all
UTS2R,-0.0019,1208,all
UTY,0.4121,383,all
UVRAG,-0.1546,1208,all
UVSSA,-0.1116,1208,all
UXS1,-0.4285,1208,all
UXT,-0.8867,1208,all
VAC14,-0.1764,1208,all
VAMP1,0.0474,1208,all
VAMP2,-0.0474,1208,all
VAMP3,0.0369,1208,all
VAMP4,-0.033,1208,all
VAMP5,0.2095,1208,all
VAMP7,0.0709,1208,all
VAMP8,-0.0494,1208,all
VANGL1,-0.1189,1208,all
VANGL2,-0.129,1208,all
VAPA,-0.1105,1208,all
VAPB,0.0297,1208,all
VARS1,-1.6155,1208,all
VARS2,-0.6429,1208,all
VASH1,-0.0315,1208,all
VASH2,0.0799,1208,all
VASN,0.0009,1208,all
VASP,-0.1077,1208,all
VAT1,-0.1638,1208,all
VAT1L,-0.042,1208,all
VAV1,-0.0801,1208,all
VAV2,-0.0954,1208,all
VAV3,-0.0031,1208,all
VAX1,0.034,1208,all
VAX2,-0.0395,1208,all
VBP1,-0.6813,1208,all
VCAM1,-0.0179,1208,all
VCAN,-0.0273,1208,all
VCF1,0.0079,1208,all
VCF2,-0.292,1208,all
VCL,-0.3395,1208,all
VCP,-2.6256,1208,all
VCPIP1,-0.3057,1208,all
VCPKMT,-0.1643,1208,all
VDAC1,-0.6165,1208,all
VDAC2,-0.1845,1208,all
VDAC3,-0.1333,1208,all
VDR,-0.0583,1208,all
VEGFA,-0.0148,1208,all
VEGFB,-0.111,1208,all
VEGFC,0.0564,1208,all
VEGFD,0.0941,1208,all
VENTX,-0.0746,1208,all
VEPH1,-0.0223,1208,all
VEZF1,-0.2126,1208,all
VEZT,-0.4194,1208,all
VGF,-0.0293,1208,all
VGLL1,0.132,1208,all
VGLL2,-0.0417,1208,all
VGLL3,-0.0432,1208,all
VGLL4,0.1747,1208,all
VHL,-0.809,1208,all
VIL1,-0.0128,1208,all
VILL,-0.0202,1208,all
VIM,0.054,1208,all
VIP,0.0424,1208,all
VIPAS39,-0.0876,1208,all
VIPR1,0.054,1208,all
VIPR2,-0.0212,1208,all
VIRMA,-1.1021,1208,all
VIT,-0.0412,1208,all
VKORC1,-0.032,1208,all
VKORC1L1,-0.2307,1208,all
VLDLR,0.0636,1208,all
VMA12,-0.7058,1208,all
VMA21,-0.3769,1208,all
VMA22,-0.9337,1208,all
VMAC,-0.0349,1208,all
VMO1,-0.1392,1208,all
VMP1,-1.1289,1208,all
VN1R1,0.0108,1208,all
VN1R2,0.0799,1208,all
VN1R4,-0.1342,1208,all
VNN1,0.0838,1208,all
VNN2,0.0571,1208,all
VOPP1,-0.3203,1208,all
VPREB1,-0.0345,1208,all
VPREB3,0.0623,1208,all
VPS11,-0.3183,74,all
VPS13A,-0.0126,1208,all
VPS13B,0.067,1208,all
VPS13C,-0.036,1208,all
VPS13D,-0.7584,1208,all
VPS16,-0.3835,1208,all
VPS18,-0.9039,1208,all
VPS25,-2.4997,1208,all
VPS26A,-0.2643,1208,all
VPS26B,-0.0112,1208,all
VPS26C,-0.0118,1208,all
VPS28,-1.4448,1208,all
VPS29,-0.3969,1208,all
VPS33A,-0.6904,1208,all
VPS33B,0.0203,1208,all
VPS35,-0.626,1208,all
VPS35L,-0.2311,1208,all
VPS36,-0.2654,1208,all
VPS37A,-0.4678,1208,all
VPS37B,-0.0808,1208,all
VPS37C,-0.2809,1208,all
VPS37D,-0.0493,1208,all
VPS39,-0.2667,1208,all
VPS41,-0.7744,1208,all
VPS45,-0.4216,1208,all
VPS4A,-0.4289,1208,all
VPS4B,-0.205,1208,all
VPS50,-0.1446,1208,all
VPS51,-0.6125,1208,all
VPS52,-0.3496,1208,all
VPS53,-0.257,1208,all
VPS54,-0.5075,1208,all
VPS72,-0.5575,1208,all
VPS8,-0.1897,1208,all
VPS9D1,-0.135,1208,all
VRK1,-0.4887,1208,all
VRK2,0.0685,1208,all
VRK3,0.0909,1208,all
VRTN,-0.0773,1208,all
VSIG1,0.1138,1208,all
VSIG10,-0.0862,1208,all
VSIG10L,-0.1027,1208,all
VSIG10L2,0.2782,70,all
VSIG2,0.1282,1208,all
VSIG4,0.0934,1208,all
VSIG8,-0.038,1208,all
VSIR,0.0946,1208,all
VSNL1,0.0307,1208,all
VSTM1,0.0924,1208,all
VSTM2A,0.0704,1208,all
VSTM2B,-0.0581,1208,all
VSTM2L,-0.0433,1208,all
VSTM4,0.0164,1208,all
VSTM5,-0.0967,1208,all
VSX1,0.0586,1208,all
VSX2,-0.0218,1208,all
VTA1,-0.0311,1208,all
VTCN1,-0.1571,1208,all
VTI1A,-0.0392,1208,all
VTI1B,-0.3666,1208,all
VTN,-0.1685,1208,all
VWA1,-0.0775,1208,all
VWA2,-0.0393,1208,all
VWA3A,-0.0831,1208,all
VWA3B,0.0122,1208,all
VWA5A,0.1824,1208,all
VWA5B2,-0.1648,1208,all
VWA7,0.0303,1208,all
VWA8,-0.1255,1208,all
VWC2,-0.028,1208,all
VWC2L,0.0536,1208,all
VWCE,-0.0837,1208,all
VWDE,0.1537,1208,all
VWF,0.004,1208,all
VXN,-0.0579,1208,all
WAC,-0.3892,1208,all
WAPL,-0.3308,1208,all
WARS1,-1.1249,1208,all
WARS2,-0.4178,1208,all
WAS,0.0126,1208,all
WASF1,0.132,1208,all
WASF2,-0.2321,1208,all
WASF3,-0.0277,1208,all
WASHC2A,0.0109,1047,all
WASHC2C,-0.5618,1165,all
WASHC3,-0.3007,1208,all
WASHC4,-0.1332,1208,all
WASHC5,-0.2378,1208,all
WASL,-0.0401,1208,all
WBP1,-0.5631,1208,all
WBP11,-1.2249,1208,all
WBP1L,-0.1945,1208,all
WBP2,-0.0574,1208,all
WBP2NL,-0.0169,1208,all
WBP4,-0.2277,1208,all
WDCP,0.0145,1208,all
WDFY1,0.0686,1208,all
WDFY2,0.0463,1208,all
WDFY3,0.0068,1208,all
WDFY4,0.0414,1208,all
WDHD1,-1.2748,1208,all
WDPCP,-0.1094,1208,all
WDR1,-0.8568,1208,all
WDR11,0.0346,1208,all
WDR12,-1.2709,1208,all
WDR13,0.0115,1208,all
WDR17,0.0436,1208,all
WDR18,-1.4613,1208,all
WDR19,-0.0074,1208,all
WDR20,-0.0375,1208,all
WDR24,-0.6054,1208,all
WDR25,-0.7188,1208,all
WDR26,-0.5206,1208,all
WDR27,-0.0677,1208,all
WDR3,-1.2383,1208,all
WDR31,0.134,1208,all
WDR33,-1.3708,1208,all
WDR35,-0.0049,1208,all
WDR36,-1.7842,383,all
WDR37,0.0388,1208,all
WDR38,-0.1272,1208,all
WDR4,-0.4033,1208,all
WDR41,0.0246,1208,all
WDR43,-2.2986,1208,all
WDR44,-0.2334,1208,all
WDR45,-0.1617,1208,all
WDR45B,0.002,1208,all
WDR46,-0.8076,1208,all
WDR47,-0.1321,1208,all
WDR48,-0.4483,1208,all
WDR49,0.2167,383,all
WDR5,-1.159,1208,all
WDR53,-0.0921,1208,all
WDR54,-0.2155,1208,all
WDR55,-1.3087,1208,all
WDR59,-0.3317,1208,all
WDR5B,-0.1488,1208,all
WDR6,-0.1516,1208,all
WDR62,-0.1956,1208,all
WDR64,-0.1766,74,all
WDR7,-0.8521,1208,all
WDR70,-1.5798,383,all
WDR72,0.0904,1208,all
WDR73,-0.6231,1208,all
WDR74,-1.9238,1208,all
WDR75,-1.5095,1208,all
WDR76,-0.2239,1208,all
WDR77,-1.354,1208,all
WDR81,0.0044,1208,all
WDR82,-2.0297,1208,all
WDR83,-0.5073,1208,all
WDR83OS,-0.2623,1165,all
WDR86,-0.1281,1208,all
WDR87,-0.0889,1208,all
WDR88,-0.2469,1208,all
WDR89,-0.1671,1208,all
WDR90,0.0234,1208,all
WDR91,-0.0452,1208,all
WDR93,-0.1253,1208,all
WDR97,0.2085,73,all
WDSUB1,-0.0018,1208,all
WDTC1,-0.2992,1208,all
WEE1,-2.5831,1208,all
WEE2,0.0401,1208,all
WFDC1,0.0667,1208,all
WFDC10A,0.0198,1208,all
WFDC10B,-0.0178,1208,all
WFDC11,-0.0232,1208,all
WFDC12,0.0046,1208,all
WFDC13,0.004,1208,all
WFDC2,-0.022,1208,all
WFDC3,0.0056,1208,all
WFDC5,-0.0206,1208,all
WFDC6,0.1123,1208,all
WFDC8,0.0075,1208,all
WFDC9,-0.143,1208,all
WFIKKN1,-0.0617,1208,all
WFIKKN2,-0.1181,1208,all
WFS1,0.1436,1208,all
WHAMM,-0.2715,1208,all
WHR1,-0.1774,1090,all
WHRN,0.0046,1208,all
WIF1,-0.02,1208,all
WIPF1,0.0419,1208,all
WIPF2,-0.1186,1208,all
WIPF3,-0.0356,1208,all
WIPI1,0.0646,1208,all
WIPI2,0.0265,1208,all
WIZ,-0.1054,1208,all
WLS,0.0648,1208,all
WNK1,-1.0178,1208,all
WNK2,0.1242,77,all
WNK3,-0.043,1208,all
WNK4,-0.168,1208,all
WNT1,-0.1771,1208,all
WNT10A,0.0432,1208,all
WNT10B,-0.0905,1208,all
WNT11,-0.0059,1208,all
WNT16,0.0934,1208,all
WNT2,-0.0164,1208,all
WNT2B,0.0091,1208,all
WNT3,0.0213,1208,all
WNT3A,-0.0105,1208,all
WNT4,-0.0113,1208,all
WNT5A,0.0373,1208,all
WNT5B,-0.0519,1208,all
WNT6,-0.0161,1208,all
WNT7A,-0.1534,1208,all
WNT7B,0.0037,1208,all
WNT8A,-0.0163,1208,all
WNT8B,0.0549,1208,all
WNT9A,0.0923,1208,all
WNT9B,-0.1157,1208,all
WRAP53,-0.1937,1208,all
WRAP73,-0.1279,1208,all
WRN,-0.1801,1208,all
WRNIP1,0.0468,1208,all
WSB1,-0.0434,1208,all
WSB2,-0.2034,1208,all
WSCD1,0.0666,1208,all
WSCD2,0.0213,1208,all
WT1,0.0823,1208,all
WTAP,-0.6112,1208,all
WTIP,0.0367,1208,all
WWC1,0.0803,1208,all
WWC2,0.0349,1208,all
WWOX,0.1128,1208,all
WWP1,-0.0465,1208,all
WWP2,-0.1008,1208,all
WWTR1,-0.441,1208,all
XAB2,-2.311,1208,all
XAF1,-0.0492,1208,all
XAGE2,-0.0861,1208,all
XAGE3,-0.2395,1165,all
XAGE5,-0.0884,1208,all
XBP1,-0.0189,1208,all
XCL1,-0.0821,1047,all
XCL2,-0.0472,1047,all
XCR1,-0.0114,1208,all
XDH,0.0375,1208,all
XG,0.0987,1208,all
XIAP,-0.0253,1208,all
XIRP1,0.0209,1208,all
XIRP2,0.0376,1208,all
XK,0.0734,1208,all
XKR3,0.0185,1208,all
XKR4,0.0034,1208,all
XKR5,0.1532,74,all
XKR6,0.0589,1208,all
XKR7,-0.1813,1208,all
XKR8,-0.1434,1208,all
XKR9,0.0133,1208,all
XKRX,0.0496,1208,all
XNDC1N,-0.1117,70,all
XPA,-0.0661,1208,all
XPC,0.0747,1208,all
XPNPEP1,-0.0244,1208,all
XPNPEP2,0.1107,1208,all
XPNPEP3,-0.0306,1208,all
XPO1,-2.1422,1208,all
XPO4,-0.0862,1208,all
XPO5,-0.7567,1208,all
XPO6,-0.0202,1208,all
XPO7,0.0313,1208,all
XPOT,-0.5239,1208,all
XPR1,-0.2234,1208,all
XRCC1,-0.3641,1208,all
XRCC2,-0.4751,1208,all
XRCC3,-0.6117,1208,all
XRCC4,-0.2661,1208,all
XRCC5,-0.9092,1208,all
XRCC6,-1.9649,1208,all
XRN1,-0.6774,1208,all
XRN2,-1.344,1208,all
XRRA1,-0.1492,1208,all
XXYLT1,-0.1457,1208,all
XYLB,0.114,1208,all
XYLT1,0.0156,1208,all
XYLT2,-0.3403,1208,all
YAE1,-0.853,1208,all
YAF2,-0.0624,1208,all
YAP1,-0.3889,1208,all
YARS1,-2.3561,1208,all
YARS2,-1.4942,1208,all
YBEY,-0.1397,1208,all
YBX1,-1.2674,1208,all
YBX2,-0.0632,1208,all
YBX3,-0.2115,1208,all
YDJC,0.038,1208,all
YEATS2,-0.5745,1208,all
YEATS4,-0.854,1208,all
YES1,0.0631,1208,all
YIF1A,-0.1221,1208,all
YIF1B,-0.073,1208,all
YIPF1,0.012,1208,all
YIPF2,-0.1539,1208,all
YIPF3,-0.1357,1208,all
YIPF4,0.088,1208,all
YIPF5,-0.1973,1208,all
YIPF6,-0.0646,1208,all
YIPF7,0.0877,1208,all
YJEFN3,-0.2938,1208,all
YJU2,-1.5434,1208,all
YJU2B,-0.7728,1208,all
YKT6,-1.543,1208,all
YLPM1,-0.1082,1208,all
YME1L1,-0.3221,1208,all
YOD1,-0.0471,1208,all
YPEL1,-0.3468,1208,all
YPEL2,0.0571,1208,all
YPEL3,-0.2506,1208,all
YPEL4,-0.0943,1208,all
YPEL5,-0.8395,1208,all
YRDC,-1.9628,1208,all
YTHDC1,-0.4806,1208,all
YTHDC2,-0.0174,1208,all
YTHDF1,0.0786,1208,all
YTHDF2,-0.3425,1208,all
YTHDF3,-0.0218,74,all
YWHAB,-0.0273,1208,all
YWHAE,-0.4175,1165,all
YWHAG,-0.226,1208,all
YWHAH,0.0154,1208,all
YWHAQ,0.0821,1208,all
YWHAZ,-0.7077,381,all
YY1,-0.7658,1208,all
YY1AP1,-0.078,1208,all
YY2,0.153,1208,all
ZACN,-0.2801,1208,all
ZAN,0.0252,74,all
ZAP70,-0.0283,1208,all
ZAR1,-0.0749,1208,all
ZAR1L,-0.0729,1208,all
ZBBX,0.0653,1208,all
ZBED1,0.5183,70,all
ZBED2,0.0949,1208,all
ZBED3,0.0062,1208,all
ZBED4,-0.0928,1208,all
ZBED6,-0.0977,1208,all
ZBP1,0.0818,1208,all
ZBTB1,-0.0472,1208,all
ZBTB10,0.0254,1208,all
ZBTB11,-1.296,1208,all
ZBTB12,-0.2326,1208,all
ZBTB14,0.0288,1208,all
ZBTB16,0.0831,1208,all
ZBTB17,-0.578,1208,all
ZBTB18,-0.0768,1208,all
ZBTB2,-0.1507,1208,all
ZBTB20,0.1062,1208,all
ZBTB21,0.0942,1208,all
ZBTB22,-0.0636,1208,all
ZBTB24,-0.0572,1208,all
ZBTB25,0.0412,1208,all
ZBTB26,0.1256,1208,all
ZBTB3,-0.1156,1208,all
ZBTB32,-0.0137,1208,all
ZBTB33,-0.0367,1208,all
ZBTB34,-0.09,1208,all
ZBTB37,-0.0932,1208,all
ZBTB38,-0.0007,1208,all
ZBTB39,-0.2339,1208,all
ZBTB4,0.0759,1208,all
ZBTB40,-0.0633,1208,all
ZBTB41,-0.0011,1208,all
ZBTB42,-0.052,1208,all
ZBTB43,-0.0477,1208,all
ZBTB44,0.0672,1208,all
ZBTB45,-0.1679,1208,all
ZBTB46,0.0368,1208,all
ZBTB47,-0.0357,1208,all
ZBTB48,-0.054,1208,all
ZBTB49,-0.0034,1208,all
ZBTB5,-0.0403,1208,all
ZBTB6,-0.0015,1208,all
ZBTB7A,-0.3016,1208,all
ZBTB7B,-0.1187,1208,all
ZBTB7C,0.0369,1208,all
ZBTB8A,-0.0827,1208,all
ZBTB8B,-0.0198,1208,all
ZBTB8OS,-1.2978,1208,all
ZBTB9,-0.1384,1208,all
ZC2HC1A,0.0865,1208,all
ZC2HC1B,0.068,1208,all
ZC2HC1C,-0.0406,1208,all
ZC3H10,-0.2196,1208,all
ZC3H11A,-0.0197,381,all
ZC3H12A,-0.0032,1208,all
ZC3H12B,0.009,1208,all
ZC3H12C,-0.0543,1208,all
ZC3H12D,0.0593,77,all
ZC3H13,-0.3883,1208,all
ZC3H14,0.0299,1208,all
ZC3H15,-0.0254,1208,all
ZC3H18,-0.6658,1208,all
ZC3H3,-0.3491,1208,all
ZC3H4,-0.1744,1208,all
ZC3H6,-0.0489,1208,all
ZC3H7A,-0.105,1208,all
ZC3H7B,-0.0912,1208,all
ZC3H8,-0.7753,1208,all
ZC3HAV1,-0.0996,1208,all
ZC3HAV1L,0.0915,1208,all
ZC3HC1,-0.2075,1208,all
ZC4H2,0.1379,1208,all
ZCCHC10,-0.1324,1208,all
ZCCHC12,0.0336,1208,all
ZCCHC13,-0.0329,1208,all
ZCCHC14,0.0339,1208,all
ZCCHC17,-0.1141,1208,all
ZCCHC18,0.0403,1208,all
ZCCHC2,-0.0244,1208,all
ZCCHC24,0.0702,1208,all
ZCCHC3,0.0776,1208,all
ZCCHC4,-0.004,1208,all
ZCCHC7,-0.081,1208,all
ZCCHC8,-0.0224,77,all
ZCCHC9,-0.5498,1208,all
ZCRB1,-0.5595,1208,all
ZCWPW1,0.0834,1208,all
ZCWPW2,-0.1241,1208,all
ZDBF2,0.0136,1208,all
ZDHHC1,-0.0626,1208,all
ZDHHC11,-0.2179,1047,all
ZDHHC11B,0.2591,70,all
ZDHHC12,0.0407,1208,all
ZDHHC13,0.1423,1208,all
ZDHHC14,-0.0407,1208,all
ZDHHC15,-0.0759,1208,all
ZDHHC16,-0.046,1208,all
ZDHHC17,-0.0189,1208,all
ZDHHC18,-0.1568,1208,all
ZDHHC19,-0.1078,1208,all
ZDHHC2,-0.021,1208,all
ZDHHC20,-0.0908,1208,all
ZDHHC21,0.0834,1208,all
ZDHHC22,-0.1041,1208,all
ZDHHC23,0.0366,1208,all
ZDHHC24,-0.0834,1208,all
ZDHHC3,0.026,1208,all
ZDHHC4,0.0154,1208,all
ZDHHC5,-0.0145,1208,all
ZDHHC6,0.0373,1208,all
ZDHHC7,-0.1244,1208,all
ZDHHC8,-0.2071,1208,all
ZDHHC9,0.0588,1208,all
ZEB1,-0.0686,1208,all
ZEB2,-0.3581,1208,all
ZER1,-0.1409,1208,all
ZFAND1,0.0726,1208,all
ZFAND2A,0.1465,1208,all
ZFAND2B,0.0633,1208,all
ZFAND3,-0.1545,1208,all
ZFAND4,0.078,1208,all
ZFAND5,-0.3402,1208,all
ZFAND6,0.0053,1208,all
ZFAT,-0.0455,1208,all
ZFC3H1,-0.5937,1208,all
ZFHX2,-0.0718,1208,all
ZFHX3,0.0373,1165,all
ZFHX4,-0.0857,1208,all
ZFP1,0.0772,1208,all
ZFP14,0.0452,1208,all
ZFP2,0.1623,1208,all
ZFP28,-0.0579,1208,all
ZFP3,-0.0049,1208,all
ZFP30,0.0061,1208,all
ZFP36,-0.0429,1208,all
ZFP36L1,-0.2764,1208,all
ZFP36L2,-0.2911,1208,all
ZFP37,-0.0278,1208,all
ZFP41,-0.1367,1208,all
ZFP42,0.1283,1208,all
ZFP57,-0.1502,1208,all
ZFP62,0.0873,1208,all
ZFP64,-0.0051,1208,all
ZFP69,-0.3005,1208,all
ZFP69B,-0.1114,1208,all
ZFP82,0.0945,1208,all
ZFP90,0.0283,1208,all
ZFP91,-0.1153,1208,all
ZFP92,0.0798,1208,all
ZFPL1,-0.0872,1208,all
ZFPM1,-0.1219,1208,all
ZFPM2,0.0585,1208,all
ZFR,-0.3191,1208,all
ZFR2,-0.0427,1208,all
ZFTA,-0.0161,74,all
ZFTRAF1,0.0236,77,all
ZFX,-0.295,1208,all
ZFY,0.4917,383,all
ZFYVE1,-0.0913,1208,all
ZFYVE16,-0.0619,1208,all
ZFYVE19,-0.053,1208,all
ZFYVE21,0.0279,1208,all
ZFYVE26,-0.0882,1208,all
ZFYVE27,-0.1582,1208,all
ZFYVE28,-0.0222,1208,all
ZFYVE9,-0.0119,1208,all
ZG16,0.0402,1208,all
ZG16B,-0.0035,1208,all
ZGLP1,-0.0007,1208,all
ZGPAT,-0.087,1208,all
ZGRF1,-0.1802,1208,all
ZHX1,0.0238,1208,all
ZHX2,0.061,1208,all
ZHX3,0.1129,1208,all
ZIC1,0.1087,1208,all
ZIC2,0.0069,1208,all
ZIC3,0.0508,1208,all
ZIC4,0.0957,1208,all
ZIC5,-0.039,1208,all
ZIK1,0.1042,1208,all
ZIM2,-0.0288,1090,all
ZIM3,0.1195,1208,all
ZKSCAN1,-0.0994,1208,all
ZKSCAN2,-0.0953,1208,all
ZKSCAN3,-0.0178,1208,all
ZKSCAN4,-0.0117,1208,all
ZKSCAN5,-0.1783,1208,all
ZKSCAN7,0.0292,1208,all
ZKSCAN8,0.0411,1208,all
ZMAT1,0.155,1208,all
ZMAT2,-1.8113,1208,all
ZMAT3,0.1358,1208,all
ZMAT4,0.0351,1208,all
ZMAT5,-0.9841,1208,all
ZMIZ1,-0.1994,1208,all
ZMIZ2,-0.0115,1208,all
ZMPSTE24,-0.0363,1208,all
ZMYM1,0.0273,1208,all
ZMYM2,-0.0792,1208,all
ZMYM3,-0.1457,1208,all
ZMYM4,-0.0641,1208,all
ZMYM5,-0.0081,1208,all
ZMYM6,0.0145,1208,all
ZMYND10,-0.1533,1208,all
ZMYND11,0.0108,1208,all
ZMYND12,-0.0257,1208,all
ZMYND15,-0.0392,1208,all
ZMYND19,0.0796,1208,all
ZMYND8,-0.3969,1208,all
ZNF10,-0.0132,1208,all
ZNF100,-0.0887,1208,all
ZNF101,0.0153,1208,all
ZNF106,-0.1356,1208,all
ZNF107,0.0909,1208,all
ZNF112,0.0594,1208,all
ZNF114,-0.0413,1208,all
ZNF12,-0.0278,1208,all
ZNF121,-0.007,1208,all
ZNF124,-0.1143,1208,all
ZNF131,-0.8766,1208,all
ZNF132,-0.1337,1208,all
ZNF133,-0.0432,1208,all
ZNF134,-0.0217,1208,all
ZNF135,-0.0333,1208,all
ZNF136,0.0141,1208,all
ZNF138,0.0398,1208,all
ZNF14,0.1548,1208,all
ZNF140,0.097,1208,all
ZNF141,-0.0691,1090,all
ZNF142,-0.0338,1208,all
ZNF143,-0.2841,1208,all
ZNF146,0.1813,1208,all
ZNF148,-0.0343,1208,all
ZNF154,0.1514,1208,all
ZNF155,-0.1194,1208,all
ZNF157,0.1332,1208,all
ZNF16,0.038,1208,all
ZNF160,0.0263,1208,all
ZNF165,0.0008,1208,all
ZNF169,-0.1763,1208,all
ZNF17,-0.0076,1208,all
ZNF174,-0.17,1208,all
ZNF175,0.0486,1208,all
ZNF177,0.0126,1208,all
ZNF18,0.0766,1208,all
ZNF180,0.0149,1208,all
ZNF181,-0.1185,1208,all
ZNF182,0.1284,1208,all
ZNF184,0.0835,1208,all
ZNF185,-0.1388,1208,all
ZNF189,0.107,1208,all
ZNF19,0.0227,1208,all
ZNF195,0.1731,1208,all
ZNF2,0.0357,1208,all
ZNF20,-0.0428,1208,all
ZNF200,0.0084,1208,all
ZNF202,0.0455,1208,all
ZNF205,-0.1655,1208,all
ZNF207,-1.022,1208,all
ZNF208,-0.236,1208,all
ZNF211,0.0983,1208,all
ZNF212,-0.0352,1208,all
ZNF213,-0.1088,1208,all
ZNF214,0.0153,1208,all
ZNF215,0.1583,1208,all
ZNF217,-0.4684,1208,all
ZNF219,-0.0001,1208,all
ZNF22,-0.0387,1208,all
ZNF221,0.1679,1208,all
ZNF222,-0.0706,1208,all
ZNF223,0.1059,1208,all
ZNF224,-0.0272,1208,all
ZNF225,-0.1059,1208,all
ZNF226,-0.0736,1208,all
ZNF227,-0.0104,1208,all
ZNF229,0.0053,1208,all
ZNF23,0.0979,1208,all
ZNF230,-0.0525,1208,all
ZNF232,-0.0365,1208,all
ZNF233,0.0217,1208,all
ZNF234,0.0348,1208,all
ZNF235,-0.0496,1208,all
ZNF236,-0.306,1208,all
ZNF239,-0.0495,1208,all
ZNF24,-0.1433,1208,all
ZNF248,0.0925,1208,all
ZNF25,0.0547,1208,all
ZNF250,-0.0241,1208,all
ZNF251,0.0216,1208,all
ZNF253,-0.0441,1208,all
ZNF254,0.0484,383,all
ZNF256,0.0553,1208,all
ZNF257,0.0553,1208,all
ZNF26,-0.0478,1208,all
ZNF260,0.0853,1208,all
ZNF263,-0.0257,1208,all
ZNF264,0.0753,1208,all
ZNF266,0.0223,1208,all
ZNF267,0.1209,1208,all
ZNF268,0.1264,1208,all
ZNF273,-0.1952,1208,all
ZNF274,-0.0347,74,all
ZNF275,0.2339,77,all
ZNF276,-0.0035,1208,all
ZNF277,0.0071,1208,all
ZNF28,-0.0469,1208,all
ZNF280A,-0.0357,1208,all
ZNF280B,0.0696,1208,all
ZNF280C,0.0224,1208,all
ZNF280D,-0.0029,1208,all
ZNF281,-0.1006,1208,all
ZNF282,0.0234,1208,all
ZNF283,-0.0386,1208,all
ZNF284,-0.1807,1208,all
ZNF285,-0.2064,1208,all
ZNF286A,0.0912,1208,all
ZNF287,0.0143,1208,all
ZNF292,0.0078,1208,all
ZNF296,-0.0385,1208,all
ZNF3,-0.0867,1208,all
ZNF30,0.1043,1208,all
ZNF300,0.1488,1208,all
ZNF302,0.1128,1208,all
ZNF304,0.1253,1208,all
ZNF311,-0.1208,1208,all
ZNF316,0.2072,74,all
ZNF317,-0.2919,1208,all
ZNF318,-0.1328,1208,all
ZNF319,-0.0224,1208,all
ZNF32,0.0428,1208,all
ZNF320,-0.0202,1208,all
ZNF322,-0.2622,1208,all
ZNF324,-0.0622,1208,all
ZNF324B,-0.0795,1208,all
ZNF326,-0.0297,1208,all
ZNF329,-0.0486,1208,all
ZNF330,-0.1123,1208,all
ZNF331,0.2339,1208,all
ZNF333,-0.1249,1208,all
ZNF334,0.1669,1208,all
ZNF335,-0.6169,1208,all
ZNF337,0.1042,1208,all
ZNF33A,0.0593,1208,all
ZNF33B,-0.0794,1208,all
ZNF34,-0.0937,1208,all
ZNF341,0.01,1208,all
ZNF343,0.0138,1208,all
ZNF345,0.1376,1208,all
ZNF346,-0.0133,1208,all
ZNF347,0.1085,1208,all
ZNF35,0.0622,1208,all
ZNF350,0.0042,1208,all
ZNF354A,0.1636,1208,all
ZNF354B,0.1019,1208,all
ZNF354C,0.1293,1208,all
ZNF358,0.0253,1208,all
ZNF362,0.0448,1208,all
ZNF365,0.0711,383,all
ZNF366,-0.0462,1208,all
ZNF367,-0.1403,1208,all
ZNF37A,-0.0357,1208,all
ZNF382,-0.0643,1208,all
ZNF383,0.0675,1208,all
ZNF384,-0.0841,1208,all
ZNF385A,-0.1253,1208,all
ZNF385B,0.1396,1208,all
ZNF385C,0.0026,74,all
ZNF385D,0.1882,1208,all
ZNF391,0.1545,1208,all
ZNF394,-0.1166,1208,all
ZNF395,0.0633,1208,all
ZNF396,0.0058,1208,all
ZNF397,-0.0423,1208,all
ZNF398,0.0774,1208,all
ZNF404,0.0119,1208,all
ZNF407,-0.7246,1208,all
ZNF408,-0.02,1208,all
ZNF41,0.1034,1208,all
ZNF410,0.0372,1208,all
ZNF414,-0.1114,1208,all
ZNF415,0.0151,1208,all
ZNF416,0.0166,1208,all
ZNF417,-0.2339,1047,all
ZNF418,0.0186,1208,all
ZNF419,0.0495,1208,all
ZNF420,0.1153,1208,all
ZNF423,0.1279,1208,all
ZNF425,-0.1674,1208,all
ZNF426,0.0023,1208,all
ZNF428,-0.1559,1208,all
ZNF429,0.09,1208,all
ZNF43,-0.0485,1165,all
ZNF430,-0.1005,1208,all
ZNF431,-0.0839,74,all
ZNF432,0.0695,1208,all
ZNF433,0.0171,1208,all
ZNF436,-0.1183,1208,all
ZNF438,0.0996,1208,all
ZNF439,0.0884,1208,all
ZNF44,0.0737,1208,all
ZNF440,0.1008,1208,all
ZNF441,-0.1171,1208,all
ZNF442,-0.0753,1208,all
ZNF443,0.0764,1090,all
ZNF444,0.0073,1208,all
ZNF445,0.0049,1208,all
ZNF446,-0.0018,1208,all
ZNF449,-0.043,1208,all
ZNF45,0.0349,1208,all
ZNF451,0.0102,1208,all
ZNF454,0.0404,1208,all
ZNF460,0.0445,1208,all
ZNF461,0.117,1208,all
ZNF462,-0.0014,1208,all
ZNF467,0.055,1208,all
ZNF468,-0.237,1208,all
ZNF469,-0.1993,1208,all
ZNF470,0.0598,1208,all
ZNF471,0.1193,1208,all
ZNF473,0.0738,1208,all
ZNF474,0.0813,1208,all
ZNF479,-0.1651,1165,all
ZNF48,0.0358,1208,all
ZNF480,0.0909,1208,all
ZNF483,0.0844,1208,all
ZNF484,-0.0009,1208,all
ZNF485,0.0117,1208,all
ZNF486,-0.15,1208,all
ZNF487,-0.2236,70,all
ZNF488,-0.0158,1208,all
ZNF490,-0.0055,1208,all
ZNF491,-0.0827,1208,all
ZNF492,-0.9027,1165,all
ZNF493,0.0652,1208,all
ZNF496,0.0205,1208,all
ZNF497,0.0519,1208,all
ZNF500,-0.0558,1208,all
ZNF501,0.0109,1208,all
ZNF502,0.0541,1208,all
ZNF503,0.0399,1208,all
ZNF506,-0.13,1208,all
ZNF507,0.0531,1208,all
ZNF510,0.0114,1208,all
ZNF511,-0.2852,1208,all
ZNF512,0.0095,1208,all
ZNF512B,-0.0089,1208,all
ZNF513,-0.0716,1208,all
ZNF514,-0.0789,1208,all
ZNF516,0.1087,77,all
ZNF517,0.0163,1208,all
ZNF518A,0.089,74,all
ZNF518B,0.1023,1208,all
ZNF519,0.1386,1208,all
ZNF521,-0.0371,1208,all
ZNF524,-0.039,1208,all
ZNF525,0.0333,70,all
ZNF526,-0.0712,1208,all
ZNF527,0.0134,1208,all
ZNF528,-0.0758,1208,all
ZNF529,-0.0055,1208,all
ZNF530,0.0368,1208,all
ZNF532,-0.1709,1208,all
ZNF534,0.1116,1208,all
ZNF536,-0.1208,1208,all
ZNF540,0.0258,1208,all
ZNF541,0.0482,1208,all
ZNF543,0.1726,1208,all
ZNF544,0.0639,1208,all
ZNF546,0.0238,1208,all
ZNF547,0.0756,1208,all
ZNF548,0.0664,1208,all
ZNF549,-0.0101,1208,all
ZNF550,0.0419,1208,all
ZNF551,-0.0365,1208,all
ZNF552,0.0569,1208,all
ZNF554,-0.0356,1208,all
ZNF555,0.0356,1208,all
ZNF556,0.0131,1208,all
ZNF557,0.1116,1208,all
ZNF558,0.0108,1208,all
ZNF559,-0.1205,1208,all
ZNF560,0.0892,1208,all
ZNF561,0.0963,1208,all
ZNF562,-0.0128,1208,all
ZNF563,-0.1175,1208,all
ZNF564,-0.0149,1208,all
ZNF565,0.0728,1208,all
ZNF566,0.0119,1208,all
ZNF567,0.0857,1208,all
ZNF568,0.0514,1208,all
ZNF569,-0.0413,1208,all
ZNF57,0.0493,1208,all
ZNF570,0.1294,1208,all
ZNF571,-0.0056,1208,all
ZNF572,0.0211,1208,all
ZNF573,0.0031,1208,all
ZNF574,-0.6858,1208,all
ZNF575,-0.0027,1208,all
ZNF576,0.0193,1208,all
ZNF577,-0.0672,1208,all
ZNF578,-0.0338,1208,all
ZNF579,-0.0669,1208,all
ZNF580,-0.1212,1208,all
ZNF581,-0.0312,1208,all
ZNF582,0.1153,1208,all
ZNF583,0.0346,1208,all
ZNF584,0.0333,1208,all
ZNF585A,0.0491,1208,all
ZNF585B,0.0396,1208,all
ZNF586,0.0712,1208,all
ZNF587,-0.2226,1046,all
ZNF587B,0.1308,1208,all
ZNF589,-0.0007,1208,all
ZNF592,-0.0111,1208,all
ZNF593,-0.387,1208,all
ZNF594,0.0159,1208,all
ZNF595,0.0151,74,all
ZNF596,0.1015,1208,all
ZNF597,0.0302,1208,all
ZNF599,-0.141,1208,all
ZNF600,0.0681,1208,all
ZNF605,0.1015,1208,all
ZNF606,-0.0859,1208,all
ZNF607,0.0214,1208,all
ZNF608,-0.0598,1208,all
ZNF609,-0.0399,1208,all
ZNF610,0.1328,1208,all
ZNF611,0.402,1208,all
ZNF613,-0.0087,1208,all
ZNF614,0.1294,1208,all
ZNF615,0.1057,1208,all
ZNF616,0.0206,1208,all
ZNF618,0.0429,1208,all
ZNF619,-0.0201,1208,all
ZNF620,0.0769,1208,all
ZNF621,0.0896,1208,all
ZNF622,-0.2734,1208,all
ZNF623,-0.0187,1208,all
ZNF624,0.0272,1208,all
ZNF625,-0.1294,1165,all
ZNF626,0.2609,382,all
ZNF627,-0.0512,1208,all
ZNF628,-0.0264,1208,all
ZNF629,-0.0937,1208,all
ZNF630,0.1623,1208,all
ZNF638,-0.2428,1208,all
ZNF639,-0.0009,1208,all
ZNF641,0.0225,1208,all
ZNF644,-0.0897,1208,all
ZNF646,-0.1178,1208,all
ZNF648,-0.1272,1208,all
ZNF649,0.0021,1208,all
ZNF652,-0.0208,1208,all
ZNF653,-0.0714,1208,all
ZNF654,-0.0439,1208,all
ZNF655,-0.117,1208,all
ZNF658,-0.386,1208,all
ZNF66,0.1141,70,all
ZNF660,0.1212,1208,all
ZNF662,-0.0305,1208,all
ZNF664,0.0841,1208,all
ZNF665,-0.025,1208,all
ZNF667,0.0475,1208,all
ZNF668,-0.0776,1208,all
ZNF669,0.1197,1208,all
ZNF670,0.141,1208,all
ZNF671,0.0644,1208,all
ZNF672,-0.0084,1208,all
ZNF674,-0.0337,1208,all
ZNF675,0.0624,1208,all
ZNF676,0.0303,383,all
ZNF677,0.0727,1208,all
ZNF678,0.09,77,all
ZNF679,-0.0806,1208,all
ZNF680,-0.0446,1208,all
ZNF681,-0.0343,1208,all
ZNF682,-0.0088,1208,all
ZNF683,-0.1173,1208,all
ZNF684,-0.105,1208,all
ZNF687,-0.3562,1208,all
ZNF688,-0.1813,1208,all
ZNF689,-0.1635,1208,all
ZNF69,-0.2032,1208,all
ZNF691,-0.1627,1208,all
ZNF692,-0.0765,1208,all
ZNF695,-0.1358,1208,all
ZNF696,-0.1176,1208,all
ZNF697,-0.1081,1208,all
ZNF699,-0.0341,1208,all
ZNF7,0.1299,1208,all
ZNF70,-0.0066,1208,all
ZNF700,0.0578,1208,all
ZNF701,-0.096,1208,all
ZNF703,0.0367,1208,all
ZNF704,0.0748,1208,all
ZNF705B,-0.1153,1047,all
ZNF705G,0.1554,1047,all
ZNF706,-0.148,1208,all
ZNF707,0.0278,1208,all
ZNF708,0.0212,1208,all
ZNF709,0.1567,1208,all
ZNF71,0.0135,1208,all
ZNF710,-0.022,1208,all
ZNF711,-0.0026,1208,all
ZNF713,0.0458,1208,all
ZNF714,-0.1276,1208,all
ZNF716,0.2024,381,all
ZNF717,-0.0488,74,all
ZNF718,0.2856,74,all
ZNF721,0.2288,1208,all
ZNF723,0.1813,70,all
ZNF724,0.0205,70,all
ZNF726,0.0121,1208,all
ZNF727,-0.0095,1208,all
ZNF728,-0.1069,1208,all
ZNF729,0.1758,1208,all
ZNF730,-0.1554,1208,all
ZNF732,0.2118,383,all
ZNF735,-0.1642,74,all
ZNF736,-0.1127,1208,all
ZNF737,0.0181,1208,all
ZNF738,-0.0463,70,all
ZNF74,-0.0344,1208,all
ZNF740,0.0102,1208,all
ZNF746,-0.0197,1208,all
ZNF747,-0.0517,1208,all
ZNF749,0.0924,1208,all
ZNF750,-0.0526,1208,all
ZNF75A,-0.1202,1208,all
ZNF75D,0.0198,1208,all
ZNF76,-0.067,1208,all
ZNF763,-0.031,1208,all
ZNF764,-0.0103,1208,all
ZNF765,0.0444,1208,all
ZNF766,0.0194,1208,all
ZNF768,-0.0695,1208,all
ZNF77,0.0107,1208,all
ZNF770,0.0554,1208,all
ZNF771,-0.1455,1208,all
ZNF772,0.0836,1208,all
ZNF773,0.0248,1208,all
ZNF774,0.0746,1208,all
ZNF775,-0.0218,1208,all
ZNF776,0.0417,1208,all
ZNF777,-0.0373,1208,all
ZNF778,-0.0321,1208,all
ZNF780A,0.1256,1208,all
ZNF780B,-0.1427,1208,all
ZNF782,-0.0484,1208,all
ZNF783,0.0106,1208,all
ZNF784,-0.0087,1208,all
ZNF785,-0.1676,1208,all
ZNF786,-0.0412,1208,all
ZNF787,0.0025,1208,all
ZNF789,-0.0864,1208,all
ZNF79,-0.0585,1208,all
ZNF790,-0.0089,1208,all
ZNF791,0.0021,1208,all
ZNF792,-0.0912,1208,all
ZNF793,-0.1097,1208,all
ZNF799,0.1251,1090,all
ZNF8,-0.0644,1208,all
ZNF80,0.0132,1208,all
ZNF800,0.0501,1208,all
ZNF804A,0.0846,1208,all
ZNF804B,0.0276,1208,all
ZNF805,0.128,1208,all
ZNF808,0.0647,1208,all
ZNF81,0.0773,1208,all
ZNF813,0.0204,1208,all
ZNF814,0.0478,1208,all
ZNF816,-0.0396,1208,all
ZNF821,0.0088,1208,all
ZNF823,0.0493,1208,all
ZNF827,-0.0067,1208,all
ZNF829,-0.0331,1208,all
ZNF83,-0.0978,1208,all
ZNF830,-1.0476,1208,all
ZNF831,0.0073,1208,all
ZNF835,-0.0346,1208,all
ZNF836,0.074,1208,all
ZNF837,-0.0242,1208,all
ZNF839,-0.1205,1208,all
ZNF84,0.0368,1208,all
ZNF841,0.0117,1208,all
ZNF843,-0.0091,1208,all
ZNF844,-0.0535,1208,all
ZNF845,0.0019,1208,all
ZNF846,0.1475,1208,all
ZNF85,0.0762,383,all
ZNF850,0.0626,1208,all
ZNF853,0.1792,1208,all
ZNF860,-0.0161,1208,all
ZNF862,-0.0724,1208,all
ZNF865,-0.0362,1208,all
ZNF875,0.0171,1208,all
ZNF878,0.0004,1208,all
ZNF879,0.0578,1208,all
ZNF880,0.1643,1208,all
ZNF888,0.1624,70,all
ZNF891,-0.0217,1208,all
ZNF90,0.1229,1208,all
ZNF91,-0.1548,1208,all
ZNF92,-0.095,1208,all
ZNF93,-0.0725,1208,all
ZNF98,-0.2205,1047,all
ZNF99,-0.0391,1208,all
ZNFX1,-0.1284,1208,all
ZNG1A,-0.2028,1047,all
ZNG1B,-0.611,1047,all
ZNHIT1,-0.3468,1208,all
ZNHIT2,-1.6691,1208,all
ZNHIT3,-0.7113,1208,all
ZNHIT6,-0.6129,1208,all
ZNRD2,-0.2662,1208,all
ZNRF1,0.1114,1208,all
ZNRF2,0.023,1208,all
ZNRF3,-0.0111,1208,all
ZNRF4,0.0427,1208,all
ZP1,-0.0648,1208,all
ZP2,0.0472,1208,all
ZP3,-0.1295,1208,all
ZP4,0.032,1208,all
ZPBP,0.0877,1208,all
ZPBP2,-0.1768,1208,all
ZPLD1,0.0196,1208,all
ZPR1,-1.5415,1208,all
ZRANB1,-0.1221,1208,all
ZRANB2,-0.4111,1208,all
ZRANB3,0.0771,1208,all
ZRSR2,-0.95,1208,all
ZSCAN1,-0.0079,1208,all
ZSCAN10,-0.1024,1208,all
ZSCAN12,-0.0892,77,all
ZSCAN16,-0.0359,1208,all
ZSCAN18,-0.141,1208,all
ZSCAN2,0.0002,1208,all
ZSCAN20,-0.15,1208,all
ZSCAN21,-0.0372,1208,all
ZSCAN22,-0.0215,1208,all
ZSCAN23,0.0647,1208,all
ZSCAN25,-0.1161,1208,all
ZSCAN26,-0.06,74,all
ZSCAN29,-0.0069,1208,all
ZSCAN30,-0.0279,1208,all
ZSCAN31,0.0481,1208,all
ZSCAN32,-0.0053,1208,all
ZSCAN4,0.1451,1208,all
ZSCAN5A,0.0257,1208,all
ZSCAN5B,0.3363,383,all
ZSCAN5C,0.1864,73,all
ZSCAN9,0.1055,1208,all
ZSWIM1,-0.0271,1208,all
ZSWIM2,0.027,1208,all
ZSWIM3,0.0585,1208,all
ZSWIM4,-0.0347,1208,all
ZSWIM5,-0.063,1208,all
ZSWIM6,0.0186,1208,all
ZSWIM7,-0.1477,1208,all
ZSWIM8,-0.1993,1208,all
ZSWIM9,0.1504,77,all
ZUP1,0.0055,1208,all
ZW10,-0.3618,1208,all
ZWILCH,-0.1907,1208,all
ZWINT,-0.5082,1208,all
ZXDA,0.0004,1208,all
ZXDB,0.0364,1208,all
ZXDC,0.0148,1208,all
ZYG11A,-0.0184,1208,all
ZYG11B,-0.1687,1208,all
ZYX,0.0014,1208,all
ZZEF1,-0.1321,1208,all
ZZZ3,-0.3037,1208,all
AKR1C1,0.2896,5,all
AMY2B,-0.2007,5,all
ANKRD20A1,-0.7781,5,all
CCDC141,-0.3996,9,all
CCL4L2,0.0678,5,all
CDK11A,-0.192,5,all
CDK11B,-0.5974,5,all
CT45A1,-0.5758,5,all
CT45A10,-0.1301,5,all
DEFB131B,-0.1175,5,all
DEFB4A,-0.4254,5,all
DEFB4B,-0.1173,5,all
EPPK1,-0.1768,9,all
FABP5,-0.097,5,all
FAM72B,-0.2127,5,all
FOXD4L1,-1.3265,5,all
GAGE10,0.1538,5,all
GAGE12J,-0.0576,5,all
GAGE2A,-0.1834,5,all
GOLGA6A,-0.7072,5,all
GOLGA6L4,-1.8979,5,all
GOLGA6L9,-0.2775,5,all
GTF2IRD2,0.0185,5,all
GTF2IRD2B,0.1012,5,all
HNRNPCL1,0.0483,5,all
HNRNPCL2,0.2573,5,all
KCNJ18,-0.1051,5,all
KRTAP4-12,-0.547,5,all
KRTAP4-7,-0.8746,5,all
LCE1C,-0.7943,5,all
LCE1E,-0.2217,5,all
LRRC69,0.0805,9,all
MAGEA3,0.1051,5,all
NBPF11,-0.5268,5,all
NBPF12,-0.5705,5,all
NBPF14,-1.8145,5,all
NBPF20,-0.2127,5,all
NBPF8,-0.499,5,all
NBPF9,-1.561,5,all
NOMO3,0.0208,5,all
NPIPB5,-0.1604,9,all
NPY4R,-0.5025,5,all
OR11H12,-0.3376,5,all
OR2T3,-0.6111,5,all
OR2T33,-0.4922,5,all
OR4F17,-0.7508,5,all
OR4F5,-0.0425,5,all
OR5K2,-0.1544,5,all
PLA2G10,-0.4062,9,all
POLR2J2,0.0334,5,all
PPIAL4A,-0.2865,5,all
PRAMEF13,-0.1394,5,all
PRAMEF27,-0.0186,5,all
PRH1,-0.0676,5,all
PSG7,0.082,5,all
RAB6D,0.0302,5,all
RFPL4A,-0.3405,5,all
RFPL4AL1,0.2172,5,all
RGPD3,-0.0153,5,all
SAA1,-0.0443,5,all
SPDYE5,-0.7853,5,all
SPRR2D,0.1418,5,all
SRGAP2C,-0.0791,5,all
SYT15,-0.4561,5,all
TBC1D3E,-0.0519,5,all
TIMM23B,-0.1256,5,all
TMEM191B,-0.2343,5,all
TMEM191C,-0.376,5,all
TPTE,-0.1451,9,all
TRIM43B,-0.2807,5,all
TVP23B,0.2619,5,all
UQCRH,-1.6319,5,all
USP17L1,0.2224,5,all
USP17L2,-0.2378,5,all
WASHC1,-3.271,5,all
ZNF475,0.0381,5,all
ZNF705A,0.1282,5,all
ZNG1F,-0.0195,5,all
C12ORF76,-0.3294,4,all
C4A,-0.093,4,all
DDTL,-0.0913,4,all
ERVV-1,-0.0948,4,all
ERVV-2,-0.0069,4,all
FAM86B1,0.2155,4,all
FAM90A26,0.1402,4,all
FKBP1C,-0.0424,4,all
OR3A2,-0.2221,4,all
OR3A3,0.2867,4,all
POLR2J,-0.5171,4,all
PRAMEF10,0.0779,4,all
PRR33,-0.1088,4,all
RGPD2,0.0088,4,all
SMIM10L3,-0.2755,4,all
TPRX2,-0.3059,4,all
TTLL13,-0.2903,4,all
VCX2,0.1412,4,all
